
[
    {
        "id": "archery",
        "name": "Archery",
        "description": "You gain a +2 bonus to attack rolls you make with ranged weapons.",
        "effects": [
            { "type": "bonus", "to": "attack_roll", "value": 2, "condition": "with a ranged weapon" }
        ]
    },
    {
        "id": "defense",
        "name": "Defense",
        "description": "While you are wearing armor, you gain a +1 bonus to AC.",
        "effects": [
            { "type": "bonus", "to": "ac", "value": 1, "condition": "while wearing armor" }
        ]
    },
    {
        "id": "dueling",
        "name": "Dueling",
        "description": "When you are wielding a melee weapon in one hand and no other weapons, you gain a +2 bonus to damage rolls with that weapon.",
        "effects": [
            { "type": "bonus", "to": "damage_roll", "value": 2, "condition": "wielding a melee weapon in one hand and no other weapons" }
        ]
    },
    {
        "id": "great-weapon-fighting",
        "name": "Great Weapon Fighting",
        "description": "When you roll a 1 or 2 on a damage die for an attack you make with a melee weapon that you are wielding with two hands, you can reroll the die and must use the new roll, even if the new roll is a 1 or a 2. The weapon must have the two-handed or versatile property for you to gain this benefit.",
        "effects": [
            { "type": "reroll_damage", "diceValues": [1, 2], "condition": "with a two-handed or versatile melee weapon" }
        ]
    },
    {
        "id": "protection",
        "name": "Protection",
        "description": "When a creature you can see attacks a target other than you that is within 5 feet of you, you can use your reaction to impose disadvantage on the attack roll. You must be wielding a shield.",
        "effects": [
            { "type": "special_ability", "name": "Protection" }
        ]
    },
    {
        "id": "two-weapon-fighting",
        "name": "Two-Weapon Fighting",
        "description": "When you engage in two-weapon fighting, you can add your ability modifier to the damage of the second attack.",
        "effects": [
            { "type": "special_ability", "name": "Two-Weapon Fighting Style" }
        ]
    }
]
