
[
    { "id": "agonizing-blast", "name": "Agonizing Blast", "description": "When you cast Eldritch Blast, add your Charisma modifier to the damage it deals on a hit.", "prerequisites": [{ "type": "spell", "id": "eldritch-blast" }], "effects": [{ "type": "bonus_damage", "value": "CHA_MOD", "condition": "on hit with Eldritch Blast" }] },
    { "id": "devils-sight", "name": "Devil's Sight", "description": "You can see normally in darkness, both magical and nonmagical, to a distance of 120 feet.", "prerequisites": [], "effects": [{ "type": "special_ability", "name": "Devil's Sight (120 ft.)" }] },
    { "id": "thirsting-blade", "name": "Thirsting Blade", "description": "You can attack with your pact weapon twice, instead of once, whenever you take the Attack action on your turn.", "prerequisites": [{ "type": "level", "value": 5 }, { "type": "pact_boon", "value": "blade" }], "effects": [{ "type": "special_ability", "name": "Extra Attack (Pact Weapon)" }] },
    { "id": "eldritch-spear", "name": "Eldritch Spear", "description": "When you cast Eldritch Blast, its range is 300 feet.", "prerequisites": [{ "type": "spell", "id": "eldritch-blast" }], "effects": [{ "type": "special_ability", "name": "Eldritch Blast Range 300ft" }] },
    { "id": "mask-of-many-faces", "name": "Mask of Many Faces", "description": "You can cast Disguise Self at will, without expending a spell slot.", "prerequisites": [], "effects": [{ "type": "innate_spellcasting", "ability": "CHARISMA", "spells": [{ "id": "disguise-self", "frequency": "at-will" }] }] },
    { "id": "book-of-ancient-secrets", "name": "Book of Ancient Secrets", "description": "You can now inscribe magical rituals in your Book of Shadows. You gain two 1st-level ritual spells of your choice from any class.", "prerequisites": [{ "type": "pact_boon", "value": "tome" }], "effects": [{ "type": "special_ability", "name": "Ritual Casting (Tome)" }] },
    { "id": "repelling-blast", "name": "Repelling Blast", "description": "When you hit a creature with Eldritch Blast, you can push the creature up to 10 feet away from you in a straight line.", "prerequisites": [{ "type": "spell", "id": "eldritch-blast" }], "effects": [{ "type": "special_ability", "name": "Repelling Blast" }] },
    { "id": "investment-of-the-chain-master", "name": "Investment of the Chain Master", "description": "Your familiar gains a flying or swimming speed of 40 feet, its attacks are magical, and it gains resistance to all damage as a reaction. When it takes the Attack action, it can attack twice.", "prerequisites": [{ "type": "pact_boon", "value": "chain" }], "effects": [{ "type": "special_ability", "name": "Investment of the Chain Master" }] },
    { "id": "improved-pact-weapon", "name": "Improved Pact Weapon", "description": "You can use any weapon you summon with your Pact of the Blade feature as a spellcasting focus. In addition, the weapon gains a +1 bonus to its attack and damage rolls, unless it is a magic weapon that already has a bonus.", "prerequisites": [{ "type": "pact_boon", "value": "blade" }], "effects": [] },
    { "id": "lifedrinker", "name": "Lifedrinker", "description": "When you hit a creature with your pact weapon, the creature takes extra necrotic damage equal to your Charisma modifier (minimum 1).", "prerequisites": [{ "type": "level", "value": 12 }, { "type": "pact_boon", "value": "blade" }], "effects": [] }
]
