
[
    { "id": "careful-spell", "name": "Careful Spell", "description": "When you cast a spell that forces other creatures to make a saving throw, you can protect some of those creatures from the spell's full force. To do so, you spend 1 sorcery point and choose a number of those creatures up to your Charisma modifier (minimum of one creature). A chosen creature automatically succeeds on its saving throw against the spell.", "sorceryPointCost": 1, "effects": [] },
    { "id": "distant-spell", "name": "Distant Spell", "description": "When you cast a spell that has a range of 5 feet or greater, you can spend 1 sorcery point to double the range of the spell. When you cast a spell that has a range of touch, you can spend 1 sorcery point to make the range of the spell 30 feet.", "sorceryPointCost": 1, "effects": [] },
    { "id": "empowered-spell", "name": "Empowered Spell", "description": "When you roll damage for a spell, you can spend 1 sorcery point to reroll a number of the damage dice up to your Charisma modifier (minimum of one). You must use the new rolls.", "sorceryPointCost": 1, "effects": [] },
    { "id": "extended-spell", "name": "Extended Spell", "description": "When you cast a spell that has a duration of 1 minute or longer, you can spend 1 sorcery point to double its duration, to a maximum duration of 24 hours.", "sorceryPointCost": 1, "effects": [] },
    { "id": "heightened-spell", "name": "Heightened Spell", "description": "When you cast a spell that forces a creature to make a saving throw to resist its effects, you can spend 3 sorcery points to give one target of the spell disadvantage on its first saving throw made against the spell.", "sorceryPointCost": 3, "effects": [] },
    { "id": "quickened-spell", "name": "Quickened Spell", "description": "When you cast a spell that has a casting time of 1 action, you can spend 2 sorcery points to change the casting time to 1 bonus action for this casting.", "sorceryPointCost": 2, "effects": [] },
    { "id": "seeking-spell", "name": "Seeking Spell", "description": "If you make an attack roll for a spell and miss, you can spend 2 sorcery points to reroll the d20, and you must use the new roll.", "sorceryPointCost": 2, "effects": [] },
    { "id": "subtle-spell", "name": "Subtle Spell", "description": "When you cast a spell, you can spend 1 sorcery point to cast it without any somatic or verbal components.", "sorceryPointCost": 1, "effects": [] },
    { "id": "transmuted-spell", "name": "Transmuted Spell", "description": "When you cast a spell that deals a type of damage from the following list, you can spend 1 sorcery point to change that damage type to one of the other types from that list: acid, cold, fire, lightning, poison, thunder.", "sorceryPointCost": 1, "effects": [] },
    { "id": "twinned-spell", "name": "Twinned Spell", "description": "When you cast a spell that targets only one creature and doesn’t have a range of self, you can spend a number of sorcery points equal to the spell’s level to target a second creature in range with the same spell (1 sorcery point if the spell is a cantrip).", "sorceryPointCost": "Varies", "effects": [] }
]
