
[
  { "id": "alchemists-supplies", "name": "Alchemist's Supplies", "category": "Artisan's Tools", "costInCopper": 5000, "weight": 8 },
  { "id": "brewers-supplies", "name": "Brewer's Supplies", "category": "Artisan's Tools", "costInCopper": 2000, "weight": 9 },
  { "id": "calligraphers-supplies", "name": "Calligrapher's Supplies", "category": "Artisan's Tools", "costInCopper": 1000, "weight": 5 },
  { "id": "carpenters-tools", "name": "Carpenter's Tools", "category": "Artisan's Tools", "costInCopper": 800, "weight": 6 },
  { "id": "cartographers-tools", "name": "Cartographer's Tools", "category": "Artisan's Tools", "costInCopper": 1500, "weight": 6 },
  { "id": "cobblers-tools", "name": "Cobbler's Tools", "category": "Artisan's Tools", "costInCopper": 500, "weight": 5 },
  { "id": "cooks-utensils", "name": "Cook's Utensils", "category": "Artisan's Tools", "costInCopper": 100, "weight": 8 },
  { "id": "glassblowers-tools", "name": "Glassblower's Tools", "category": "Artisan's Tools", "costInCopper": 3000, "weight": 5 },
  { "id": "jewelers-tools", "name": "Jeweler's Tools", "category": "Artisan's Tools", "costInCopper": 2500, "weight": 2 },
  { "id": "leatherworkers-tools", "name": "Leatherworker's Tools", "category": "Artisan's Tools", "costInCopper": 500, "weight": 5 },
  { "id": "masons-tools", "name": "Mason's Tools", "category": "Artisan's Tools", "costInCopper": 1000, "weight": 8 },
  { "id": "painters-supplies", "name": "Painter's Supplies", "category": "Artisan's Tools", "costInCopper": 1000, "weight": 5 },
  { "id": "potters-tools", "name": "Potter's Tools", "category": "Artisan's Tools", "costInCopper": 1000, "weight": 3 },
  { "id": "smiths-tools", "name": "Smith's Tools", "category": "Artisan's Tools", "costInCopper": 2000, "weight": 8 },
  { "id": "tinkers-tools", "name": "Tinker's Tools", "category": "Artisan's Tools", "costInCopper": 5000, "weight": 10 },
  { "id": "weavers-tools", "name": "Weaver's Tools", "category": "Artisan's Tools", "costInCopper": 100, "weight": 5 },
  { "id": "woodcarvers-tools", "name": "Woodcarver's Tools", "category": "Artisan's Tools", "costInCopper": 100, "weight": 5 },
  { "id": "dice-set", "name": "Dice Set", "category": "Gaming Set", "costInCopper": 10, "weight": 0 },
  { "id": "playing-card-set", "name": "Playing Card Set", "category": "Gaming Set", "costInCopper": 50, "weight": 0 },
  { "id": "three-dragon-ante-set", "name": "Three-Dragon Ante Set", "category": "Gaming Set", "costInCopper": 100, "weight": 0 },
  { "id": "bagpipes", "name": "Bagpipes", "category": "Musical Instrument", "costInCopper": 3000, "weight": 6 },
  { "id": "drum", "name": "Drum", "category": "Musical Instrument", "costInCopper": 600, "weight": 3 },
  { "id": "dulcimer", "name": "Dulcimer", "category": "Musical Instrument", "costInCopper": 2500, "weight": 10 },
  { "id": "flute", "name": "Flute", "category": "Musical Instrument", "costInCopper": 200, "weight": 1 },
  { "id": "lute", "name": "Lute", "category": "Musical Instrument", "costInCopper": 3500, "weight": 2 },
  { "id": "lyre", "name": "Lyre", "category": "Musical Instrument", "costInCopper": 3000, "weight": 2 },
  { "id": "horn", "name": "Horn", "category": "Musical Instrument", "costInCopper": 300, "weight": 2 },
  { "id": "pan-flute", "name": "Pan Flute", "category": "Musical Instrument", "costInCopper": 1200, "weight": 2 },
  { "id": "shawm", "name": "Shawm", "category": "Musical Instrument", "costInCopper": 200, "weight": 1 },
  { "id": "viol", "name": "Viol", "category": "Musical Instrument", "costInCopper": 3000, "weight": 1 },
  { "id": "navigators-tools", "name": "Navigator's Tools", "category": "Tool", "costInCopper": 2500, "weight": 2 },
  { "id": "thieves-tools", "name": "Thieves' Tools", "category": "Tool", "costInCopper": 2500, "weight": 1 },
  { "id": "herbalism-kit", "name": "Herbalism Kit", "category": "Kit", "costInCopper": 500, "weight": 3 },
  { "id": "poisoners-kit", "name": "Poisoner's Kit", "category": "Kit", "costInCopper": 5000, "weight": 2 },
  { "id": "forgery-kit", "name": "Forgery Kit", "category": "Kit", "costInCopper": 1500, "weight": 5 }
]
