
{
    "id": "monk",
    "name": "Monk",
    "source": "Player's Handbook",
    "hitDie": 8,
    "iconId": "MonkIcon",
    "casterType": "none",
    "description": "Her fists a blur as they deflect an incoming hail of arrows, a half-elf springs over a barricade and throws herself into the massed ranks of hobgoblins on the other side. She whirls among them, knocking their blows aside and sending them reeling, until at last she stands alone.\n\nWhatever their discipline, monks are united in their ability to magically harness the energy that flows in their bodies. Whether channeled as a striking display of combat prowess or a subtler focus of defensive ability and speed, this energy infuses all that a monk does.",
    "startingGoldRoll": "5d4",
    "startingEquipment": [
        { "choice": [[{ "itemId": "shortsword", "quantity": 1 }], [{ "itemId": "any-simple-weapon", "quantity": 1 }]] },
        { "choice": [[{ "packId": "dungeoneers-pack" }], [{ "packId": "explorers-pack" }]] },
        { "itemId": "dart", "quantity": 10 }
    ],
    "traits": [
        {
            "id": "monk-starting-proficiencies",
            "name": "Starting Proficiencies",
            "description": "As a Monk, you are proficient with simple weapons and shortswords. Your saving throw proficiencies are Strength and Dexterity. You are also proficient in one tool and two skills of your choice.",
            "effects": [
                { "type": "proficiency", "proficiencyType": "weapon", "options": ["simple weapons", "shortswords"], "count": 2 },
                { "type": "proficiency", "proficiencyType": "saving_throw", "options": ["STRENGTH", "DEXTERITY"], "count": 2 }
            ],
            "choiceOptions": [
                {
                    "id": "monk-tools",
                    "label": "Choose one type of artisan's tools or musical instrument",
                    "type": "tool",
                    "count": 1,
                    "from": "any"
                },
                {
                    "id": "monk-skills",
                    "label": "Choose two skills",
                    "type": "skill",
                    "count": 2,
                    "from": ["acrobatics", "athletics", "history", "insight", "religion", "stealth"]
                }
            ]
        }
    ],
    "features": [
        { "id": "unarmored-defense-monk", "name": "Unarmored Defense", "level": 1, "description": "Beginning at 1st level, while you are wearing no armor and not wielding a shield, your Armor Class equals 10 + your Dexterity modifier + your Wisdom modifier.", "effects": [{ "type": "unarmored_defense", "ability": "WISDOM" }] },
        { "id": "martial-arts", "name": "Martial Arts", "level": 1, "description": "Your practice of martial arts gives you mastery of combat styles that use unarmed strikes and monk weapons (shortswords and simple melee weapons without the two-handed or heavy property). You gain the following benefits: You can use Dexterity instead of Strength for attack and damage rolls. You can roll a d4 for damage, which increases as you gain monk levels (1d6 at 5th, 1d8 at 11th, 1d10 at 17th). When you use the Attack action with an unarmed strike or a monk weapon on your turn, you can make one unarmed strike as a bonus action.", "effects": [{ "type": "special_ability", "name": "Martial Arts: Finesse" }, { "type": "special_ability", "name": "Martial Arts: Damage Dice" }, { "type": "grant_action", "actionType": "bonus", "name": "Martial Arts Bonus Attack" }] },
        { "id": "ki", "name": "Ki", "level": 2, "description": "Your training allows you to harness the mystic energy of ki. Your monk level determines the number of ki points you have. You can spend these points to fuel various ki features: Flurry of Blows (spend 1 ki to make two unarmed strikes as a bonus action), Patient Defense (spend 1 ki to take the Dodge action as a bonus action), and Step of the Wind (spend 1 ki to take the Disengage or Dash action as a bonus action, and double your jump distance for the turn). You regain all expended ki points after a short or long rest. Ki save DC = 8 + your proficiency bonus + your Wisdom modifier.", "interactionType": "bonus_action_utility", "limitedUse": { "id": "ki-points", "per": "shortRest", "usesByLevel": [0, 2, 3, 4, 5, 6, 7, 8, 9, 10, 11, 12, 13, 14, 15, 16, 17, 18, 19, 20] }, "effects": [{ "type": "grant_action", "cost": "bonus action", "name": "Flurry of Blows (1 Ki)"}, { "type": "grant_action", "cost": "bonus action", "name": "Patient Defense (1 Ki)"}, { "type": "grant_action", "cost": "bonus action", "name": "Step of the Wind (1 Ki)"}] },
        { "id": "unarmored-movement", "name": "Unarmored Movement", "level": 2, "description": "Your speed increases by 10 feet while you are not wearing armor or wielding a shield. This bonus increases when you reach certain monk levels (+15 ft at level 6, +20 ft at level 10, +25 ft at level 14, and +30 ft at level 18). At 9th level, you gain the ability to move along vertical surfaces and across liquids on your turn without falling during the move.", "effects": [{ "type": "unarmored_movement", "description": "Grants a speed bonus that scales with Monk level." }, { "type": "special_ability", "name": "Unarmored Movement (Wall Run)"}] },
        { "id": "monk-dedicated-weapon-2", "name": "Dedicated Weapon (Optional)", "level": 2, "description": "You can touch one weapon you are proficient with at the end of a short or long rest and count it as a monk weapon. It must be a simple or martial weapon and lack the heavy and special properties.", "choiceOptions": [{ "id": "monk-dedicated-weapon-choice", "label": "Choose a Dedicated Weapon", "type": "dedicated_weapon", "count": 1, "from": "any" }] },
        { "id": "monastic-tradition", "name": "Monastic Tradition", "level": 3, "description": "You commit yourself to a monastic tradition. Your tradition grants you features at 3rd, 6th, 11th, and 17th level.", "choiceOptions": [{"id": "monk-subclass-choice", "label": "Choose a Monastic Tradition", "type": "subclass", "count": 1, "from": ["way-of-mercy", "way-of-shadow", "way-of-the-open-hand", "way-of-the-four-elements"]}] },
        { "id": "deflect-missiles", "name": "Deflect Missiles", "level": 3, "interactionType": "reaction_damage_reduction", "cost": "reaction", "description": "You can use your reaction to deflect or catch the missile when you are hit by a ranged weapon attack, reducing the damage by 1d10 + your Dexterity modifier + your monk level. If you reduce the damage to 0, you can catch the missile and spend 1 ki point to make a ranged attack with it.", "effects": [{ "type": "special_ability", "name": "Deflect Missiles" }] },
        { "id": "monk-ki-fueled-attack-3", "name": "Ki-Fueled Attack (Optional)", "level": 3, "interactionType": "bonus_action_utility", "cost": "bonus action", "description": "If you spend 1 ki point or more as part of your action on your turn, you can make one attack with an unarmed strike or a monk weapon as a bonus action before the end of the turn.", "effects": [{ "type": "grant_action", "name": "Ki-Fueled Attack" }] },
        { "id": "monk-asi-4", "name": "Ability Score Improvement", "level": 4, "description": "You can increase one ability score by 2, or two ability scores by 1." },
        { "id": "monk-slow-fall-4", "name": "Slow Fall", "level": 4, "interactionType": "reaction_utility", "cost": "reaction", "description": "You can use your reaction when you fall to reduce any falling damage you take by an amount equal to five times your monk level.", "effects": [{ "type": "special_ability", "name": "Slow Fall" }] },
        { "id": "monk-quickened-healing-4", "name": "Quickened Healing (Optional)", "level": 4, "interactionType": "action_heal", "cost": "action", "description": "As an action, you can spend 2 ki points and roll a Martial Arts die. You regain a number of hit points equal to the number rolled plus your proficiency bonus.", "effects": [{ "type": "grant_action", "name": "Quickened Healing" }] },
        { "id": "monk-extra-attack-5", "name": "Extra Attack", "level": 5, "description": "You can attack twice, instead of once, whenever you take the Attack action on your turn.", "effects": [{ "type": "special_ability", "name": "Extra Attack" }] },
        { "id": "stunning-strike", "name": "Stunning Strike", "level": 5, "interactionType": "on_hit_trigger", "description": "When you hit another creature with a melee weapon attack, you can spend 1 ki point to attempt a stunning strike. The target must succeed on a Constitution saving throw or be stunned until the end of your next turn.", "effects": [{ "type": "special_ability", "name": "Stunning Strike" }] },
        { "id": "monk-focused-aim-5", "name": "Focused Aim (Optional)", "level": 5, "interactionType": "free_action", "description": "When you miss with an attack roll, you can spend 1 to 3 ki points to increase your attack roll by 2 for each of these ki points you spend, potentially turning the miss into a hit.", "effects": [{ "type": "special_ability", "name": "Focused Aim" }] },
        { "id": "monk-ki-empowered-strikes-6", "name": "Ki-Empowered Strikes", "level": 6, "description": "Your unarmed strikes count as magical for the purpose of overcoming resistance and immunity to nonmagical attacks and damage.", "effects": [{ "type": "special_ability", "name": "Ki-Empowered Strikes" }] },
        { "id": "monk-monastic-tradition-feature-6", "name": "Monastic Tradition Feature", "level": 6, "description": "You gain a feature from your monastic tradition." },
        { "id": "monk-evasion-7", "name": "Evasion", "level": 7, "interactionType": "passive_damage_mitigation", "description": "When you are subjected to an effect that allows you to make a Dexterity saving throw to take only half damage, you instead take no damage if you succeed on the saving throw, and only half damage if you fail.", "effects": [{ "type": "special_ability", "name": "Evasion", "description": "On DEX save for half damage, take no damage on success and half on failure." }] },
        { "id": "monk-stillness-of-mind-7", "name": "Stillness of Mind", "level": 7, "interactionType": "action_utility", "cost": "action", "description": "You can use your action to end one effect on yourself that is causing you to be charmed or frightened.", "effects": [{ "type": "grant_action", "name": "Stillness of Mind" }] },
        { "id": "monk-asi-8", "name": "Ability Score Improvement", "level": 8, "description": "You can increase one ability score by 2, or two ability scores by 1." },
        { "id": "monk-asi-12", "name": "Ability Score Improvement", "level": 12, "description": "You can increase one ability score by 2, or two ability scores by 1." },
        { "id": "monk-tongue-of-the-sun-and-moon-13", "name": "Tongue of the Sun and Moon", "level": 13, "description": "You learn to touch the ki of other minds so that you understand all spoken languages and any creature that can understand a language can understand what you say.", "effects": [{ "type": "special_ability", "name": "Universal Language" }] },
        { "id": "monk-diamond-soul-14", "name": "Diamond Soul", "level": 14, "description": "Your mastery of ki grants you proficiency in all saving throws. Additionally, whenever you make a saving throw and fail, you can spend 1 ki point to reroll it and take the second result.", "effects": [{ "type": "proficiency", "proficiencyType": "saving_throw", "options": ["STRENGTH", "DEXTERITY", "CONSTITUTION", "INTELLIGENCE", "WISDOM", "CHARISMA"], "count": 6 }, { "type": "special_ability", "name": "Diamond Soul Reroll" }] },
        { "id": "monk-timeless-body-15", "name": "Timeless Body", "level": 15, "description": "Your ki sustains you so that you suffer none of the frailty of old age, and you can’t be aged magically. You can still die of old age, however. In addition, you no longer need food or water.", "effects": [{ "type": "special_ability", "name": "Timeless Body (Monk)"}] },
        { "id": "monk-asi-16", "name": "Ability Score Improvement", "level": 16, "description": "You can increase one ability score by 2, or two ability scores by 1." },
        { "id": "monk-monastic-tradition-feature-17", "name": "Monastic Tradition Feature", "level": 17, "description": "You gain a feature from your monastic tradition." },
        { "id": "monk-empty-body-18", "name": "Empty Body", "level": 18, "description": "You can use your action to spend 4 ki points to become invisible for 1 minute, during which you have resistance to all damage but force damage. Additionally, you can spend 8 ki points to cast the astral projection spell, without needing material components.", "effects": [{ "type": "grant_action", "name": "Empty Body" }] },
        { "id": "monk-asi-19", "name": "Ability Score Improvement", "level": 19, "description": "You can increase one ability score by 2, or two ability scores by 1." },
        { "id": "perfect-self", "name": "Perfect Self", "level": 20, "description": "When you roll for initiative and have no ki points remaining, you regain 4 ki points.", "effects": [{ "type": "special_ability", "name": "Perfect Self" }] }
    ],
    "subclasses": [
        { "id": "way-of-mercy", "name": "Way of Mercy", "source": "Tasha's Cauldron of Everything", "description": "Monks of the Way of Mercy learn to manipulate the life force of others to bring aid to those in need. They are wandering physicians to the poor and hurt. However, to those beyond their help, they bring a swift end as an act of mercy.", "features": [ { "id": "mercy-implements-3", "name": "Implements of Mercy", "level": 3, "description": "You gain proficiency in the Insight and Medicine skills, and you gain proficiency with the herbalism kit. You also gain a special mask, which you often wear when using the features of this subclass.", "effects": [{ "type": "proficiency", "proficiencyType": "skill", "options": ["insight", "medicine"], "count": 2 }, { "type": "proficiency", "proficiencyType": "tool", "options": ["herbalism-kit"], "count": 1}], "choiceOptions": [{ "id": "mercy-implements-skills", "label": "Choose a skill", "type": "skill", "count": 1, "from": ["insight", "medicine"] }] }, { "id": "mercy-hand-of-healing-3", "name": "Hand of Healing", "level": 3, "interactionType": "action_heal", "cost": "action", "description": "As an action, you can spend 1 ki point to touch a creature and restore a number of hit points equal to a roll of your Martial Arts die + your Wisdom modifier. When you use your Flurry of Blows, you can replace one of the unarmed strikes with a use of this feature without spending a ki point.", "effects": [{ "type": "grant_action", "name": "Hand of Healing" }] }, { "id": "mercy-hand-of-harm-3", "name": "Hand of Harm", "level": 3, "interactionType": "on_hit_trigger", "description": "You use your ki to inflict wounds. When you hit a creature with an unarmed strike, you can spend 1 ki point to deal extra necrotic damage equal to one roll of your Martial Arts die + your Wisdom modifier. You can use this feature only once per turn.", "effects": [{ "type": "special_ability", "name": "Hand of Harm" }] }, { "id": "mercy-physicians-touch-6", "name": "Physician’s Touch", "level": 6, "description": "When you use Hand of Healing on a creature, you can also end one disease or one of the following conditions affecting the creature: blinded, deafened, paralyzed, poisoned, or stunned. When you use Hand of Harm on a creature, you can subject that creature to the poisoned condition until the end of your next turn.", "effects": [{ "type": "special_ability", "name": "Physician’s Touch" }] }, { "id": "mercy-flurry-of-healing-and-harm-11", "name": "Flurry of Healing and Harm", "level": 11, "description": "When you use Flurry of Blows, you can now replace each of the unarmed strikes with a use of your Hand of Healing, without spending ki points for the healing. In addition, when you make an unarmed strike with Flurry of Blows, you can use Hand of Harm with that strike without spending the ki point for Hand of Harm. You can still use Hand of Harm only once per turn.", "effects": [{ "type": "special_ability", "name": "Flurry of Healing and Harm" }] }, { "id": "hand-of-ultimate-mercy", "name": "Hand of Ultimate Mercy", "level": 17, "interactionType": "action_utility", "cost": "action", "description": "As an action, you can touch the corpse of a creature that died within the past 24 hours and expend 5 ki points. The creature then returns to life, regaining a number of hit points equal to 4d10 + your Wisdom modifier and is cured of the blinded, deafened, paralyzed, poisoned, and stunned conditions.", "limitedUse": { "per": "longRest", "usesByLevel": [0,0,0,0,0,0,0,0,0,0,0,0,0,0,0,0,1,1,1,1] }, "effects": [{ "type": "grant_action", "name": "Hand of Ultimate Mercy" }] } ] },
        { "id": "way-of-shadow", "name": "Way of Shadow", "source": "Player's Handbook", "description": "Monks of the Way of Shadow follow a tradition that values stealth and subterfuge. These monks might be called ninjas or shadowdancers, and they serve as spies and assassins.", "features": [ { "id": "shadow-arts-3", "name": "Shadow Arts", "level": 3, "interactionType": "action_utility", "cost": "action", "description": "You can use your ki to duplicate the effects of certain spells. As an action, you can spend 2 ki points to cast darkness, darkvision, pass without trace, or silence, without providing material components. Additionally, you gain the minor illusion cantrip if you don’t already know it.", "effects": [{ "type": "special_ability", "name": "Shadow Arts (Darkness, Darkvision, Pass Without Trace, Silence)" }, {"type": "innate_spellcasting", "ability": "WISDOM", "spells": [{"id": "minor-illusion", "frequency": "at-will"}]}] }, { "id": "shadow-step-6", "name": "Shadow Step", "level": 6, "interactionType": "bonus_action_utility", "cost": "bonus action", "description": "When you are in dim light or darkness, as a bonus action you can teleport up to 60 feet to an unoccupied space you can see that is also in dim light or darkness. You then have advantage on the first melee attack you make before the end of the turn.", "effects": [{ "type": "grant_action", "name": "Shadow Step" }] }, { "id": "shadow-cloak-of-shadows-11", "name": "Cloak of Shadows", "level": 11, "interactionType": "action_utility", "cost": "action", "description": "When you are in an area of dim light or darkness, you can use your action to become invisible. You remain invisible until you make an attack, cast a spell, or are in an area of bright light.", "effects": [{ "type": "grant_action", "name": "Cloak of Shadows" }] }, { "id": "shadow-opportunist-17", "name": "Opportunist", "level": 17, "interactionType": "reaction_damage", "cost": "reaction", "description": "Whenever a creature within 5 feet of you is hit by an attack made by a creature other than you, you can use your reaction to make a melee attack against that creature.", "effects": [{ "type": "special_ability", "name": "Opportunist" }] } ] },
        { "id": "way-of-the-open-hand", "name": "Way of the Open Hand", "source": "Player's Handbook", "description": "Monks of the Way of the Open Hand are the ultimate masters of martial arts combat, whether armed or unarmed. They learn techniques to push and trip their opponents, manipulate ki to heal damage to their bodies, and practice advanced meditation that can protect them from harm.", "features": [ { "id": "open-hand-technique-3", "name": "Open Hand Technique", "level": 3, "interactionType": "on_hit_trigger", "description": "When you hit a creature with one of the attacks granted by your Flurry of Blows, you can impose one of the following effects: it must succeed on a Dexterity saving throw or be knocked prone; it must make a Strength saving throw or you can push it up to 15 feet away from you; it can’t take reactions until the end of your next turn.", "effects": [{ "type": "special_ability", "name": "Open Hand Technique (Prone, Push, No Reactions)" }] }, { "id": "wholeness-of-body", "name": "Wholeness of Body", "level": 6, "interactionType": "action_heal", "cost": "action", "description": "As an action, you can regain hit points equal to three times your monk level. You must finish a long rest before you can use this feature again.", "limitedUse": { "per": "longRest", "usesByLevel": [0,0,0,0,0, 1, 1, 1, 1, 1, 1, 1, 1, 1, 1, 1, 1, 1, 1, 1] }, "effects": [{ "type": "grant_action", "name": "Wholeness of Body" }] }, { "id": "open-hand-tranquility-11", "name": "Tranquility", "level": 11, "description": "At the end of a long rest, you gain the effect of a sanctuary spell that lasts until the start of your next long rest.", "effects": [{ "type": "special_ability", "name": "Tranquility" }] }, { "id": "open-hand-quivering-palm-17", "name": "Quivering Palm", "level": 17, "interactionType": "on_hit_trigger", "cost": "action", "description": "When you hit a creature with an unarmed strike, you can spend 3 ki points to start lethal vibrations in its body. You can use your action to end them, forcing the creature to make a Constitution save. If it fails, it is reduced to 0 hit points. If it succeeds, it takes 10d10 necrotic damage.", "effects": [{ "type": "special_ability", "name": "Quivering Palm" }] } ] },
        { "id": "way-of-the-four-elements", "name": "Way of the Four Elements", "source": "Player's Handbook", "description": "You follow a monastic tradition that teaches you to harness the elements. When you focus your ki, you can align yourself with the forces of creation and bend the four elements to your will, using them as an extension of your body.", "features": [ { "id": "four-elements-disciple-3", "name": "Disciple of the Elements", "level": 3, "description": "You learn magical disciplines that harness the power of the four elements. You learn the Elemental Attunement discipline and one other elemental discipline of your choice. You learn one additional elemental discipline of your choice at 6th, 11th, and 17th level.", "choiceOptions": [{"id": "four-elements-discipline-3", "label": "Choose an Elemental Discipline", "type": "elemental_discipline", "count": 1, "from": "any"}, {"id": "four-elements-discipline-6", "label": "Choose an Elemental Discipline", "type": "elemental_discipline", "count": 1, "from": "any"}, {"id": "four-elements-discipline-11", "label": "Choose an Elemental Discipline", "type": "elemental_discipline", "count": 1, "from": "any"}, {"id": "four-elements-discipline-17", "label": "Choose an Elemental Discipline", "type": "elemental_discipline", "count": 1, "from": "any"}] } ] }
    ],
    "spellcasting": null,
    "progressionTable": [
        { "level": 1, "profBonus": 2, "martialArtsDie": 4, "kiPoints": 0, "unarmoredMovement": 0 },
        { "level": 2, "profBonus": 2, "martialArtsDie": 4, "kiPoints": 2, "unarmoredMovement": 10 },
        { "level": 3, "profBonus": 2, "martialArtsDie": 4, "kiPoints": 3, "unarmoredMovement": 10 },
        { "level": 4, "profBonus": 2, "martialArtsDie": 4, "kiPoints": 4, "unarmoredMovement": 10 },
        { "level": 5, "profBonus": 3, "martialArtsDie": 6, "kiPoints": 5, "unarmoredMovement": 10 },
        { "level": 6, "profBonus": 3, "martialArtsDie": 6, "kiPoints": 6, "unarmoredMovement": 15 },
        { "level": 7, "profBonus": 3, "martialArtsDie": 6, "kiPoints": 7, "unarmoredMovement": 15 },
        { "level": 8, "profBonus": 3, "martialArtsDie": 6, "kiPoints": 8, "unarmoredMovement": 15 },
        { "level": 9, "profBonus": 4, "martialArtsDie": 6, "kiPoints": 9, "unarmoredMovement": 15 },
        { "level": 10, "profBonus": 4, "martialArtsDie": 6, "kiPoints": 10, "unarmoredMovement": 20 },
        { "level": 11, "profBonus": 4, "martialArtsDie": 8, "kiPoints": 11, "unarmoredMovement": 20 },
        { "level": 12, "profBonus": 4, "martialArtsDie": 8, "kiPoints": 12, "unarmoredMovement": 20 },
        { "level": 13, "profBonus": 5, "martialArtsDie": 8, "kiPoints": 13, "unarmoredMovement": 20 },
        { "level": 14, "profBonus": 5, "martialArtsDie": 8, "kiPoints": 14, "unarmoredMovement": 25 },
        { "level": 15, "profBonus": 5, "martialArtsDie": 8, "kiPoints": 15, "unarmoredMovement": 25 },
        { "level": 16, "profBonus": 5, "martialArtsDie": 8, "kiPoints": 16, "unarmoredMovement": 25 },
        { "level": 17, "profBonus": 6, "martialArtsDie": 10, "kiPoints": 17, "unarmoredMovement": 25 },
        { "level": 18, "profBonus": 6, "martialArtsDie": 10, "kiPoints": 18, "unarmoredMovement": 30 },
        { "level": 19, "profBonus": 6, "martialArtsDie": 10, "kiPoints": 19, "unarmoredMovement": 30 },
        { "level": 20, "profBonus": 6, "martialArtsDie": 10, "kiPoints": 20, "unarmoredMovement": 30 }
    ]
}
