
{
    "id": "rogue",
    "name": "Rogue",
    "source": "Player's Handbook",
    "hitDie": 8,
    "iconId": "RogueIcon",
    "casterType": "third",
    "description": "Rogues rely on skill, stealth, and their foes’ vulnerabilities to get the upper hand in any situation. They have a knack for finding the solution to just about any problem, demonstrating a resourcefulness and versatility that is the cornerstone of any successful adventuring party.",
    "startingGoldRoll": "4d4*10",
    "startingEquipment": [
        { "choice": [[{ "itemId": "rapier", "quantity": 1 }], [{ "itemId": "shortsword", "quantity": 1 }]] },
        { "choice": [[{ "itemId": "shortbow", "quantity": 1 }, { "itemId": "arrows", "quantity": 20 }], [{ "itemId": "shortsword", "quantity": 1 }]] },
        { "choice": [[{ "packId": "burglars-pack" }], [{ "packId": "dungeoneers-pack" }], [{ "packId": "explorers-pack" }]] },
        { "itemId": "leather-armor", "quantity": 1 },
        { "itemId": "dagger", "quantity": 2 },
        { "itemId": "thieves-tools", "quantity": 1 }
    ],
    "traits": [
        {
            "id": "rogue-starting-proficiencies",
            "name": "Starting Proficiencies",
            "description": "As a Rogue, you are proficient with light armor, certain weapons, and thieves' tools. Your saving throw proficiencies are Dexterity and Intelligence. You are also proficient in four skills of your choice.",
            "effects": [
                { "type": "proficiency", "proficiencyType": "armor", "options": ["light armor"], "count": 1 },
                { "type": "proficiency", "proficiencyType": "weapon", "options": ["simple weapons", "hand crossbows", "longswords", "rapiers", "shortswords"], "count": 5 },
                { "type": "proficiency", "proficiencyType": "tool", "options": ["thieves-tools"], "count": 1 },
                { "type": "proficiency", "proficiencyType": "saving_throw", "options": ["DEXTERITY", "INTELLIGENCE"], "count": 2 }
            ],
            "choiceOptions": [{
                "id": "rogue-skills",
                "label": "Choose four skills",
                "type": "skill",
                "count": 4,
                "from": ["acrobatics", "athletics", "deception", "insight", "intimidation", "investigation", "perception", "performance", "persuasion", "sleight-of-hand", "stealth"]
            }]
        }
    ],
    "features": [
        { "id": "rogue-expertise-1", "name": "Expertise", "level": 1, "description": "Choose two of your skill proficiencies, or one skill and thieves’ tools. Your proficiency bonus is doubled for any ability check you make that uses either of the chosen proficiencies.", "choiceOptions": [{ "id": "rogue-expertise-1", "label": "Choose two skills/tools for Expertise", "type": "skill_or_tool", "count": 2, "from": "any" }] },
        { "id": "rogue-sneak-attack-1", "name": "Sneak Attack", "level": 1, "interactionType": "passive_damage_rider", "description": "Once per turn, you can deal extra damage to one creature you hit with an attack if you have advantage on the attack roll. The attack must use a finesse or a ranged weapon. You don't need advantage if another enemy of the target is within 5 feet of it, that enemy isn't incapacitated, and you don't have disadvantage.", "effects": [{"type": "bonus_damage", "value": "SNEAK_ATTACK_DICE", "damageType": "same_as_weapon", "condition": "once_per_turn_with_finesse_or_ranged_weapon_and_has_advantage_or_ally_is_adjacent"}] },
        { "id": "rogue-thieves-cant-1", "name": "Thieves’ Cant", "level": 1, "description": "You know thieves’ cant, a secret mix of dialect, jargon, and code that allows you to hide messages in seemingly normal conversation.", "effects": [{"type": "proficiency", "proficiencyType": "language", "options": ["thieves-cant"], "count": 1}] },
        { "id": "rogue-cunning-action-2", "name": "Cunning Action", "level": 2, "interactionType": "passive_action_grant", "description": "Your quick thinking and agility allow you to move and act quickly. You can take a bonus action on each of your turns in combat to take the Dash, Disengage, or Hide action.", "effects": [{"type": "grant_action", "actionType": "bonus", "name": "Dash (Cunning Action)"}, {"type": "grant_action", "actionType": "bonus", "name": "Disengage (Cunning Action)"}, {"type": "grant_action", "actionType": "bonus", "name": "Hide (Cunning Action)"}] },
        { "id": "rogue-archetype-3", "name": "Roguish Archetype", "level": 3, "description": "You choose an archetype that you emulate in the exercise of your rogue abilities. Your choice grants you features at 3rd, 9th, 13th, and 17th level." },
        { "id": "rogue-asi-4", "name": "Ability Score Improvement", "level": 4, "description": "You can increase one ability score of your choice by 2, or you can increase two ability scores of your choice by 1." },
        { "id": "rogue-uncanny-dodge-5", "name": "Uncanny Dodge", "level": 5, "interactionType": "reaction_damage_reduction", "cost": "reaction", "description": "When an attacker that you can see hits you with an attack, you can use your reaction to halve the attack’s damage against you." },
        { "id": "rogue-expertise-6", "name": "Expertise", "level": 6, "description": "Choose two more of your proficiencies (in skills or with thieves’ tools). Your proficiency bonus is doubled for these choices.", "choiceOptions": [{ "id": "rogue-expertise-6", "label": "Choose two more skills/tools for Expertise", "type": "skill_or_tool", "count": 2, "from": "any" }] },
        { "id": "rogue-evasion-7", "name": "Evasion", "level": 7, "interactionType": "passive_damage_mitigation", "description": "When you are subjected to an effect that allows you to make a Dexterity saving throw to take only half damage, you instead take no damage if you succeed on the saving throw, and only half damage if you fail.", "effects": [{"type": "special_ability", "name": "Evasion", "description": "On DEX save for half damage, take no damage on success and half on failure."}] },
        { "id": "rogue-asi-8", "name": "Ability Score Improvement", "level": 8, "description": "You can increase one ability score of your choice by 2, or you can increase two ability scores of your choice by 1." },
        { "id": "rogue-archetype-feature-9", "name": "Roguish Archetype Feature", "level": 9, "description": "You gain a feature from your roguish archetype." },
        { "id": "rogue-asi-10", "name": "Ability Score Improvement", "level": 10, "description": "You can increase one ability score of your choice by 2, or you can increase two ability scores of your choice by 1." },
        { "id": "rogue-reliable-talent-11", "name": "Reliable Talent", "level": 11, "interactionType": "passive_roll_modification", "description": "Whenever you make an ability check that lets you add your proficiency bonus, you can treat a d20 roll of 9 or lower as a 10.", "effects": [{"type": "roll_floor", "value": 10, "condition": "on any ability check that includes your proficiency bonus"}] },
        { "id": "rogue-asi-12", "name": "Ability Score Improvement", "level": 12, "description": "You can increase one ability score of your choice by 2, or you can increase two ability scores of your choice by 1." },
        { "id": "rogue-archetype-feature-13", "name": "Roguish Archetype Feature", "level": 13, "description": "You gain a feature from your roguish archetype." },
        { "id": "rogue-blindsense-14", "name": "Blindsense", "level": 14, "interactionType": "passive_utility", "description": "If you are able to hear, you are aware of the location of any hidden or invisible creature within 10 feet of you.", "effects": [{"type": "special_ability", "name": "Blindsight (Invisible Creatures, 10 ft.)"}] },
        { "id": "rogue-slippery-mind-15", "name": "Slippery Mind", "level": 15, "description": "You gain proficiency in Wisdom saving throws.", "effects": [{ "type": "proficiency", "proficiencyType": "saving_throw", "options": ["WISDOM"], "count": 1 }] },
        { "id": "rogue-asi-16", "name": "Ability Score Improvement", "level": 16, "description": "You can increase one ability score of your choice by 2, or you can increase two ability scores of your choice by 1." },
        { "id": "rogue-archetype-feature-17", "name": "Roguish Archetype Feature", "level": 17, "description": "You gain a feature from your roguish archetype." },
        { "id": "rogue-elusive-18", "name": "Elusive", "level": 18, "interactionType": "passive_defense", "description": "No attack roll has advantage against you while you aren’t incapacitated.", "effects": [{"type": "special_ability", "name": "Negate Advantage", "condition": "on attack rolls against you while not incapacitated"}] },
        { "id": "rogue-asi-19", "name": "Ability Score Improvement", "level": 19, "description": "You can increase one ability score of your choice by 2, or you can increase two ability scores of your choice by 1." },
        { "id": "rogue-stroke-of-luck-20", "name": "Stroke of Luck", "level": 20, "interactionType": "reaction_roll_modification", "description": "If your attack misses a target within range, you can turn the miss into a hit. Alternatively, if you fail an ability check, you can treat the d20 roll as a 20. Once you use this feature, you can’t use it again until you finish a short or long rest.", "limitedUse": { "per": "shortRest", "usesByLevel": [0,0,0,0,0,0,0,0,0,0,0,0,0,0,0,0,0,0,0,1] } }
    ],
    "subclasses": [
        { "id": "arcane-trickster", "name": "Arcane Trickster", "source": "Player's Handbook", "description": "Some rogues enhance their fine-honed skills of stealth and agility with magic, learning tricks of enchantment and illusion.", "features": [ { "id": "at-spellcasting-3", "name": "Spellcasting", "level": 3, "description": "You gain the ability to cast wizard spells, primarily from the enchantment and illusion schools. You learn three cantrips: Mage Hand and two others of your choice from the wizard spell list." }, { "id": "at-mage-hand-legerdemain-3", "name": "Mage Hand Legerdemain", "level": 3, "description": "When you cast mage hand, you can make the spectral hand invisible and perform additional tasks with it, such as stowing or retrieving objects, and using thieves' tools at a distance.", "effects": [{"type": "special_ability", "name": "Mage Hand Legerdemain"}] }, { "id": "at-magical-ambush-9", "name": "Magical Ambush", "level": 9, "description": "If you are hidden from a creature when you cast a spell on it, the creature has disadvantage on any saving throw it makes against the spell this turn.", "effects": [{"type": "special_ability", "name": "Magical Ambush"}] }, { "id": "at-versatile-trickster-13", "name": "Versatile Trickster", "level": 13, "cost": "bonus action", "description": "As a bonus action on your turn, you can designate a creature within 5 feet of your spectral mage hand. Doing so gives you advantage on attack rolls against that creature until the end of the turn.", "effects": [{"type": "grant_action", "name": "Versatile Trickster"}] }, { "id": "at-spell-thief-17", "name": "Spell Thief", "level": 17, "cost": "reaction", "description": "Immediately after a creature casts a spell that targets you or includes you in its area of effect, you can use your reaction to force the creature to make a saving throw. On a failed save, you negate the spell’s effect against you and steal the knowledge of the spell for 8 hours. Usable once per long rest.", "limitedUse": { "per": "longRest", "usesByLevel": [0,0,0,0,0,0,0,0,0,0,0,0,0,0,0,0,1,1,1,1] } } ] },
        { "id": "assassin", "name": "Assassin", "source": "Player's Handbook", "description": "You focus your training on the grim art of death. Stealth, poison, and disguise help you eliminate your foes with deadly efficiency.", "features": [ { "id": "assassin-bonus-proficiencies-3", "name": "Bonus Proficiencies", "level": 3, "description": "You gain proficiency with the disguise kit and the poisoner’s kit.", "effects": [{ "type": "proficiency", "proficiencyType": "tool", "options": ["disguise-kit", "poisoners-kit"], "count": 2 }] }, { "id": "assassin-assassinate-3", "name": "Assassinate", "level": 3, "interactionType": "passive_offense_buff", "description": "You have advantage on attack rolls against any creature that hasn’t taken a turn in the combat yet. In addition, any hit you score against a creature that is surprised is a critical hit.", "effects": [{"type": "advantage", "on": "attack_roll", "condition": "against creatures that haven't taken a turn"}, {"type": "auto_crit", "condition": "on hit against a surprised creature"}] }, { "id": "assassin-infiltration-expertise-9", "name": "Infiltration Expertise", "level": 9, "description": "You can unfailingly create false identities for yourself." }, { "id": "assassin-impostor-13", "name": "Impostor", "level": 13, "description": "You gain the ability to unerringly mimic another person’s speech, writing, and behavior after studying them for at least three hours." }, { "id": "assassin-death-strike-17", "name": "Death Strike", "level": 17, "description": "When you attack and hit a creature that is surprised, it must make a Constitution saving throw (DC 8 + your Dexterity modifier + your proficiency bonus). On a failed save, double the damage of your attack against the creature." } ] },
        { "id": "inquisitive", "name": "Inquisitive", "source": "Xanathar's Guide to Everything", "description": "As an Inquisitive, you excel at rooting out secrets and unraveling mysteries. You rely on your keen eye for detail, but also on your finely honed ability to read the words and deeds of other creatures to determine their true intent.", "features": [ { "id": "inquisitive-ear-for-deceit-3", "name": "Ear for Deceit", "level": 3, "description": "Whenever you make a Wisdom (Insight) check to determine if a creature is lying, treat a roll of 7 or lower on the d20 as an 8." }, { "id": "inquisitive-eye-for-detail-3", "name": "Eye for Detail", "level": 3, "description": "You can use a bonus action to make a Wisdom (Perception) check to spot a hidden creature or object or an Intelligence (Investigation) check to uncover or decipher clues." }, { "id": "inquisitive-insightful-fighting-3", "name": "Insightful Fighting", "level": 3, "description": "As a bonus action, you can make a Wisdom (Insight) check against a creature you can see that isn’t incapacitated, contested by the target’s Charisma (Deception) check. If you succeed, you can use your Sneak Attack against that target even if you don’t have advantage on the attack roll, but not if you have disadvantage on it." }, { "id": "inquisitive-steady-eye-9", "name": "Steady Eye", "level": 9, "description": "You have advantage on any Wisdom (Perception) or Intelligence (Investigation) check if you move no more than half your speed on the same turn." }, { "id": "inquisitive-unerring-eye-13", "name": "Unerring Eye", "level": 13, "description": "As an action, you can sense the presence of illusions, shapechangers not in their original form, and other magic designed to deceive the senses within 30 feet of you, provided you aren’t blinded or deafened." }, { "id": "inquisitive-eye-for-weakness-17", "name": "Eye for Weakness", "level": 17, "description": "While your Insightful Fighting feature applies to a creature, your Sneak Attack damage against that creature increases by 3d6." } ] },
        { "id": "mastermind", "name": "Mastermind", "source": "Xanathar's Guide to Everything", "description": "Your focus is on people and on the influence and secrets they have. Many spies, courtiers, and schemers follow this archetype, leading lives of intrigue and manipulation.", "features": [ { "id": "mastermind-master-of-intrigue-3", "name": "Master of Intrigue", "level": 3, "description": "You gain proficiency with the disguise kit, the forgery kit, and one gaming set of your choice. You also learn two languages of your choice.", "effects": [{ "type": "proficiency", "proficiencyType": "tool", "options": ["disguise-kit", "forgery-kit"], "count": 2 }], "choiceOptions": [{"id": "mastermind-gaming-set", "label": "Choose a gaming set", "type": "tool", "count": 1, "from": "any"}, {"id": "mastermind-languages", "label": "Choose two languages", "type": "language", "count": 2, "from": "any"}] }, { "id": "mastermind-master-of-tactics-3", "name": "Master of Tactics", "level": 3, "description": "You can use the Help action as a bonus action. Additionally, when you use the Help action to aid an ally in attacking a creature, the target of that attack can be within 30 feet of you, rather than within 5 feet of you, if the target can see or hear you." }, { "id": "mastermind-insightful-manipulator-9", "name": "Insightful Manipulator", "level": 9, "description": "If you spend at least 1 minute observing or interacting with another creature outside combat, you can learn certain information about its capabilities." }, { "id": "mastermind-misdirection-13", "name": "Misdirection", "level": 13, "description": "You can sometimes cause another creature to suffer an attack meant for you. When you are targeted by an attack while a creature within 5 feet of you is granting you cover against that attack, you can use your reaction to have the attack target that creature instead of you." }, { "id": "mastermind-soul-of-deceit-17", "name": "Soul of Deceit", "level": 17, "description": "Your thoughts can’t be read by telepathy or other means, unless you allow it. You can present false thoughts by making a Charisma (Deception) check. Additionally, you are immune to magic that allows other creatures to determine if you are telling the truth." } ] },
        { "id": "scout", "name": "Scout", "source": "Xanathar's Guide to Everything", "description": "You are skilled in stealth and surviving far from the streets of a city, allowing you to scout ahead of your companions during expeditions.", "features": [ { "id": "scout-skirmisher-3", "name": "Skirmisher", "level": 3, "description": "You can move up to half your speed as a reaction when an enemy ends its turn within 5 feet of you. This movement doesn’t provoke opportunity attacks." }, { "id": "scout-survivalist-3", "name": "Survivalist", "level": 3, "description": "You gain proficiency in the Nature and Survival skills. Your proficiency bonus is doubled for any ability check you make that uses either of those proficiencies.", "effects": [{"type": "proficiency", "proficiencyType": "skill", "options": ["nature", "survival"], "count": 2}] }, { "id": "scout-superior-mobility-9", "name": "Superior Mobility", "level": 9, "description": "Your walking speed increases by 10 feet. If you have a climbing or swimming speed, this increase applies to that speed as well." }, { "id": "scout-ambuscade-13", "name": "Ambuscade", "level": 13, "description": "You excel at leading ambushes and acting first. You have advantage on initiative rolls. In addition, the first creature you hit during the first round of a combat becomes easier for you and others to strike." }, { "id": "scout-sudden-strike-17", "name": "Sudden Strike", "level": 17, "description": "If you take the Attack action on your turn, you can make one additional attack as a bonus action. This attack can benefit from your Sneak Attack even if you have already used it this turn, but you can’t use your Sneak Attack against the same target more than once in a turn." } ] },
        { "id": "swashbuckler", "name": "Swashbuckler", "source": "Xanathar's Guide to Everything", "description": "You focus your training on the art of the blade, relying on speed, elegance, and charm in equal measure.", "features": [ { "id": "swashbuckler-fancy-footwork-3", "name": "Fancy Footwork", "level": 3, "description": "During your turn, if you make a melee attack against a creature, that creature can’t make opportunity attacks against you for the rest of your turn." }, { "id": "swashbuckler-rakish-audacity-3", "name": "Rakish Audacity", "level": 3, "description": "You can add your Charisma modifier to your initiative rolls. In addition, you don’t need advantage on your attack roll to use your Sneak Attack if no other creatures are within 5 feet of you, you don't have disadvantage on the attack roll, and the target of the attack is within 5 feet of you.", "effects": [{"type": "bonus", "to": "initiative", "value": "CHA_MOD"}, {"type": "special_ability", "name": "Duelist's Sneak Attack", "description": "Allows Sneak Attack 1-on-1 without advantage"}] }, { "id": "swashbuckler-panache-9", "name": "Panache", "level": 9, "description": "As an action, you can make a Charisma (Persuasion) check contested by a creature's Wisdom (Insight) check. If you succeed, the target is charmed by you for 1 minute or until it takes any damage. In combat, the target has disadvantage on attack rolls against targets other than you." }, { "id": "swashbuckler-elegant-maneuver-13", "name": "Elegant Maneuver", "level": 13, "description": "You can use a bonus action on your turn to gain advantage on the next Dexterity (Acrobatics) or Strength (Athletics) check you make during the same turn." }, { "id": "swashbuckler-master-duelist-17", "name": "Master Duelist", "level": 17, "description": "If you miss with an attack roll, you can roll it again with advantage. Once you do so, you can’t use this feature again until you finish a short or long rest." } ] },
        { "id": "phantom", "name": "Phantom", "source": "Tasha's Cauldron of Everything", "description": "Phantoms are rogues who have a mystical connection to death, letting them tap into the power of the deceased.", "features": [ { "id": "phantom-whispers-of-the-dead-3", "name": "Whispers of the Dead", "level": 3, "description": "You can gain one skill or tool proficiency of your choice at the end of a short or long rest. This proficiency lasts until you use this feature again." }, { "id": "phantom-wails-from-the-grave-3", "name": "Wails from the Grave", "level": 3, "description": "As a reaction when you deal Sneak Attack damage, you can target a second creature within 30 feet and deal half the number of Sneak Attack dice in psychic damage to it. You can do this a number of times equal to your proficiency bonus per long rest." }, { "id": "phantom-tokens-of-the-departed-9", "name": "Tokens of the Departed", "level": 9, "description": "When a life ends in your presence, you can create a soul trinket. You can use this trinket to ask the spirit questions or destroy it to gain advantage on Constitution saving throws or death saving throws." }, { "id": "phantom-ghost-walk-13", "name": "Ghost Walk", "level": 13, "description": "As a bonus action, you can assume a spectral form, gaining a flying speed of 10 feet and the ability to move through creatures and objects for 10 minutes." }, { "id": "phantom-death-knell-17", "name": "Death's Knell", "level": 17, "description": "Your Wails from the Grave now deals full Sneak Attack damage. When you use a soul trinket, you can now deal psychic damage to the target of your Sneak Attack." } ] },
        { "id": "soulknife", "name": "Soulknife", "source": "Tasha's Cauldron of Everything", "description": "Most assassins strike with physical weapons, but you strike with the mind. These rogues discover psionic power within themselves and channel it to do their roguish work.", "features": [ { "id": "soulknife-psionic-power-3", "name": "Psionic Power", "level": 3, "description": "You harbor a wellspring of psionic energy within yourself. This energy is represented by your Psionic Energy dice, which are d6s. You have a number of these dice equal to twice your proficiency bonus, and they fuel various psionic powers you have." }, { "id": "soulknife-psychic-blades-3", "name": "Psychic Blades", "level": 3, "description": "You can manifest a psychic blade from your free hand and make an attack with it. The blade is a simple melee weapon with the finesse and thrown properties. It deals 1d6 psychic damage. After you attack, you can make a bonus action attack with a second blade that deals 1d4 psychic damage." }, { "id": "soulknife-soul-blades-9", "name": "Soul Blades", "level": 9, "description": "Your Psychic Blades now deal 1d8 damage. You can also use your Psionic Energy dice to perform a Homing Strikes (add die to a missed attack roll) or Psychic Teleport (teleport as a bonus action)." }, { "id": "soulknife-psychic-veil-13", "name": "Psychic Veil", "level": 13, "description": "As an action, you can magically become invisible for up to 1 hour or until you deal damage or force a saving throw. Usable once per long rest or by expending 3 Psionic Energy dice." }, { "id": "soulknife-rend-mind-17", "name": "Rend Mind", "level": 17, "description": "When you use your Psychic Blades to deal Sneak Attack damage to a creature, you can force that creature to make a Wisdom saving throw. On a failed save, the target is stunned until the start of your next turn." } ] },
        { 
            "id": "thief", 
            "name": "Thief", 
            "source": "Player's Handbook", 
            "description": "You hone your skills in the larcenous arts. Burglars, bandits, cutpurses, and other criminals typically follow this archetype, but so do rogues who prefer to think of themselves as professional treasure seekers, explorers, and investigators.", 
            "features": [ 
                { "id": "thief-fast-hands-3", "name": "Fast Hands", "level": 3, "interactionType": "passive_action_grant", "description": "You can use the bonus action granted by your Cunning Action to make a Dexterity (Sleight of Hand) check, use your thieves’ tools to disarm a trap or open a lock, or take the Use an Object action.", "effects": [{"type": "grant_action", "actionType": "bonus", "name": "Sleight of Hand (Fast Hands)"}, {"type": "grant_action", "actionType": "bonus", "name": "Use Thieves' Tools (Fast Hands)"}, {"type": "grant_action", "actionType": "bonus", "name": "Use an Object (Fast Hands)"}] }, 
                { "id": "thief-second-story-work-3", "name": "Second-Story Work", "level": 3, "description": "Climbing no longer costs you extra movement. In addition, when you make a running jump, the distance you cover increases by a number of feet equal to your Dexterity modifier.", "effects": [{"type": "special_ability", "name": "Improved Climbing"}, {"type": "special_ability", "name": "Improved Jumping"}] }, 
                { "id": "thief-supreme-sneak-9", "name": "Supreme Sneak", "level": 9, "description": "You have advantage on a Dexterity (Stealth) check if you move no more than half your speed on the same turn.", "effects": [{ "type": "advantage", "on": "check", "skill": "stealth", "condition": "if you move no more than half your speed"}] }, 
                { "id": "thief-use-magic-device-13", "name": "Use Magic Device", "level": 13, "description": "You ignore all class, race, and level requirements on the use of magic items." }, 
                { "id": "thief-thiefs-reflexes-17", "name": "Thief’s Reflexes", "level": 17, "description": "You can take two turns during the first round of any combat. You take your first turn at your normal initiative and your second turn at your initiative minus 10. You can’t use this feature when you are surprised." } 
            ] 
        }
    ],
    "spellcasting": {
        "ability": "INTELLIGENCE",
        "preparationType": "known"
    },
    "progressionTable": [
        { "level": 1, "profBonus": 2, "sneakAttackDice": "1d6" },
        { "level": 2, "profBonus": 2, "sneakAttackDice": "1d6" },
        { "level": 3, "profBonus": 2, "sneakAttackDice": "2d6" },
        { "level": 4, "profBonus": 2, "sneakAttackDice": "2d6" },
        { "level": 5, "profBonus": 3, "sneakAttackDice": "3d6" },
        { "level": 6, "profBonus": 3, "sneakAttackDice": "3d6" },
        { "level": 7, "profBonus": 3, "sneakAttackDice": "4d6" },
        { "level": 8, "profBonus": 3, "sneakAttackDice": "4d6" },
        { "level": 9, "profBonus": 4, "sneakAttackDice": "5d6" },
        { "level": 10, "profBonus": 4, "sneakAttackDice": "5d6" },
        { "level": 11, "profBonus": 4, "sneakAttackDice": "6d6" },
        { "level": 12, "profBonus": 4, "sneakAttackDice": "6d6" },
        { "level": 13, "profBonus": 5, "sneakAttackDice": "7d6" },
        { "level": 14, "profBonus": 5, "sneakAttackDice": "7d6" },
        { "level": 15, "profBonus": 5, "sneakAttackDice": "8d6" },
        { "level": 16, "profBonus": 5, "sneakAttackDice": "8d6" },
        { "level": 17, "profBonus": 6, "sneakAttackDice": "9d6" },
        { "level": 18, "profBonus": 6, "sneakAttackDice": "9d6" },
        { "level": 19, "profBonus": 6, "sneakAttackDice": "10d6" },
        { "level": 20, "profBonus": 6, "sneakAttackDice": "10d6" }
    ]
}
