{
    "id": "sorcerer",
    "name": "Sorcerer",
    "source": "Player's Handbook",
    "hitDie": 6,
    "iconId": "SorcererIcon",
    "casterType": "full",
    "description": "Sorcerers carry a magical birthright conferred upon them by an exotic bloodline, some otherworldly influence, or exposure to unknown cosmic forces. One can’t study sorcery as one learns a language, any more than one can learn to live a legendary life. No one chooses sorcery; the power chooses the sorcerer.",
    "startingGoldRoll": "3d4*10",
    "startingEquipment": [
        { "choice": [[{ "itemId": "light-crossbow", "quantity": 1 }, { "itemId": "crossbow-bolts", "quantity": 20 }], [{ "itemId": "any-simple-weapon", "quantity": 1 }]] },
        { "choice": [[{ "itemId": "component-pouch", "quantity": 1 }], [{ "itemId": "arcane-focus-any", "quantity": 1 }]] },
        { "choice": [[{ "packId": "dungeoneers-pack" }], [{ "packId": "explorers-pack" }]] },
        { "itemId": "dagger", "quantity": 2 }
    ],
    "traits": [
        {
            "id": "sorcerer-starting-proficiencies",
            "name": "Starting Proficiencies",
            "description": "As a Sorcerer, you are proficient with certain weapons. Your saving throw proficiencies are Constitution and Charisma. You are also proficient in two skills of your choice.",
            "effects": [
                { "type": "proficiency", "proficiencyType": "weapon", "options": ["daggers", "darts", "slings", "quarterstaffs", "light-crossbows"], "count": 5 },
                { "type": "proficiency", "proficiencyType": "saving_throw", "options": ["CONSTITUTION", "CHARISMA"], "count": 2 }
            ],
            "choiceOptions": [{
                "id": "sorcerer-skills",
                "label": "Choose two skills",
                "type": "skill",
                "count": 2,
                "from": ["arcana", "deception", "insight", "intimidation", "persuasion", "religion"]
            }]
        }
    ],
    "features": [
        { "id": "sorcerer-spellcasting-1", "name": "Spellcasting", "level": 1, "description": "An event in your past left an indelible mark on you, infusing you with arcane magic. This font of magic fuels your spells. Charisma is your spellcasting ability. You can use an arcane focus." },
        { "id": "sorcerer-sorcerous-origin-1", "name": "Sorcerous Origin", "level": 1, "description": "Choose a sorcerous origin, which describes the source of your innate magical power. This choice grants you features at 1st, 6th, 14th, and 18th level.", "choiceOptions": [{"id": "sorcerer-origin-choice", "label": "Choose a Sorcerous Origin", "type": "subclass", "count": 1, "from": ["draconic-bloodline", "wild-magic", "aberrant-mind", "clockwork-soul", "divine-soul", "shadow-magic", "storm-sorcery"]}] },
        { "id": "sorcerer-font-of-magic-2", "name": "Font of Magic", "level": 2, "description": "You tap into a deep wellspring of magic within yourself, represented by sorcery points. You can use these points to gain additional spell slots, or sacrifice spell slots to gain sorcery points.", "interactionType": "resource_conversion", "effects": [{"type": "grant_action", "name": "Flexible Casting"}], "limitedUse": { "id": "sorcery-points", "per": "longRest", "usesByLevel": [0, 2, 3, 4, 5, 6, 7, 8, 9, 10, 11, 12, 13, 14, 15, 16, 17, 18, 19, 20] } },
        { "id": "sorcerer-metamagic-3", "name": "Metamagic", "level": 3, "description": "You gain the ability to twist your spells to suit your needs. You gain two Metamagic options of your choice.", "choiceOptions": [{"id": "sorcerer-metamagic-3", "label": "Choose two Metamagic options", "type": "metamagic", "count": 2, "from": "any"}] },
        { "id": "sorcerer-asi-4", "name": "Ability Score Improvement", "level": 4, "description": "You can increase one ability score by 2, or two ability scores by 1." },
        { "id": "sorcerer-origin-feature-6", "name": "Sorcerous Origin Feature", "level": 6, "description": "You gain a feature from your Sorcerous Origin." },
        { "id": "sorcerer-asi-8", "name": "Ability Score Improvement", "level": 8, "description": "You can increase one ability score by 2, or two ability scores by 1." },
        { "id": "sorcerer-metamagic-10", "name": "Metamagic", "level": 10, "description": "You gain one additional Metamagic option of your choice.", "choiceOptions": [{"id": "sorcerer-metamagic-10", "label": "Choose one Metamagic option", "type": "metamagic", "count": 1, "from": "any"}] },
        { "id": "sorcerer-asi-12", "name": "Ability Score Improvement", "level": 12, "description": "You can increase one ability score by 2, or two ability scores by 1." },
        { "id": "sorcerer-origin-feature-14", "name": "Sorcerous Origin Feature", "level": 14, "description": "You gain a feature from your Sorcerous Origin." },
        { "id": "sorcerer-asi-16", "name": "Ability Score Improvement", "level": 16, "description": "You can increase one ability score by 2, or two ability scores by 1." },
        { "id": "sorcerer-metamagic-17", "name": "Metamagic", "level": 17, "description": "You gain one additional Metamagic option of your choice.", "choiceOptions": [{"id": "sorcerer-metamagic-17", "label": "Choose one Metamagic option", "type": "metamagic", "count": 1, "from": "any"}] },
        { "id": "sorcerer-origin-feature-18", "name": "Sorcerous Origin Feature", "level": 18, "description": "You gain a feature from your Sorcerous Origin." },
        { "id": "sorcerer-asi-19", "name": "Ability Score Improvement", "level": 19, "description": "You can increase one ability score by 2, or two ability scores by 1." },
        { "id": "sorcerer-sorcerous-restoration-20", "name": "Sorcerous Restoration", "level": 20, "description": "You regain 4 expended sorcery points whenever you finish a short rest.", "effects": [{"type": "resource_recovery", "resourceId": "sorcery-points", "amount": 4, "on": "short_rest"}]}
    ],
    "subclasses": [
        { "id": "draconic-bloodline", "name": "Draconic Bloodline", "source": "Player's Handbook", "description": "Your innate magic comes from draconic magic that was mingled with your blood or that of your ancestors.", "features": [ { "id": "db-dragon-ancestor-1", "name": "Dragon Ancestor", "level": 1, "description": "Choose one type of dragon as your ancestor. The damage type associated with each dragon is used by features you gain later. You can speak, read, and write Draconic.", "effects": [{ "type": "proficiency", "proficiencyType": "language", "options": ["draconic"], "count": 1 }], "choiceOptions": [{ "id": "draconic-ancestry-choice", "label": "Choose Draconic Ancestry", "type": "elemental_damage_type", "count": 1, "from": ["acid", "cold", "fire", "lightning", "poison"] }] }, { "id": "db-draconic-resilience-1", "name": "Draconic Resilience", "level": 1, "description": "Your hit point maximum increases by 1 for each sorcerer level. Additionally, when you aren’t wearing armor, your AC equals 13 + your Dexterity modifier.", "effects": [{ "type": "bonus", "to": "hp_per_level", "value": 1 }, { "type": "set_base_ac", "value": 13, "ability": "DEXTERITY" }] }, { "id": "db-elemental-affinity-6", "name": "Elemental Affinity", "level": 6, "description": "When you cast a spell that deals damage of your ancestry's type, you can add your Charisma modifier to one damage roll. You can also spend 1 sorcery point to gain resistance to that damage type for 1 hour.", "effects": [{ "type": "bonus_damage", "value": "CHA_MOD", "condition": "on one damage roll of a spell of your chosen ancestry type" }, { "type": "grant_action", "name": "Elemental Resistance (1 SP)" }] }, { "id": "db-dragon-wings-14", "name": "Dragon Wings", "level": 14, "description": "As a bonus action, you can sprout a pair of dragon wings from your back, gaining a flying speed equal to your current speed for 1 minute.", "interactionType": "bonus_action_buff", "cost": "bonus action", "effects": [{ "type": "grant_speed", "speedType": "flying", "value": "current_walking_speed", "condition": "while wings are active" }] }, { "id": "db-draconic-presence-18", "name": "Draconic Presence", "level": 18, "description": "As an action, you can spend 5 sorcery points to exude an aura of awe or fear to a distance of 60 feet for 1 minute.", "interactionType": "action_utility", "cost": "action", "effects": [{ "type": "special_ability", "name": "Draconic Presence", "description": "Exude an aura of awe or fear" }] } ] },
        { "id": "wild-magic", "name": "Wild Magic", "source": "Player's Handbook", "description": "Your innate magic comes from the forces of chaos that underlie the order of creation. This magic churns within you, waiting for any outlet.", "features": [ { "id": "wm-wild-magic-surge-1", "name": "Wild Magic Surge", "level": 1, "description": "Once per turn, the DM can have you roll a d20 immediately after you cast a sorcerer spell of 1st level or higher. If you roll a 1, roll on the Wild Magic Surge table to create a magical effect.", "interactionType": "passive_probabilistic" }, { "id": "wm-tides-of-chaos-1", "name": "Tides of Chaos", "level": 1, "description": "You can gain advantage on one attack roll, ability check, or saving throw. Any time before you regain this feature, the DM can have you roll on the Wild Magic Surge table, after which you regain use of this feature.", "interactionType": "reaction_utility", "limitedUse": { "per": "special_condition", "usesByLevel": [1,1,1,1,1,1,1,1,1,1,1,1,1,1,1,1,1,1,1,1]} }, { "id": "wm-bend-luck-6", "name": "Bend Luck", "level": 6, "description": "When another creature you can see makes a roll, you can use your reaction and spend 2 sorcery points to roll 1d4 and apply the number as a bonus or penalty to the creature’s roll.", "interactionType": "reaction_roll_modification", "cost": "reaction", "effects": [{"type": "special_ability", "name": "Bend Luck"}] }, { "id": "wm-controlled-chaos-14", "name": "Controlled Chaos", "level": 14, "description": "Whenever you roll on the Wild Magic Surge table, you can roll twice and use either number.", "effects": [{"type": "modify_feature", "featureId": "wm-wild-magic-surge-1", "modification": "roll twice, choose one"}] }, { "id": "wm-spell-bombardment-18", "name": "Spell Bombardment", "level": 18, "description": "When you roll damage for a spell and roll the highest number possible on any of the dice, you can roll it again and add that roll to the damage. You can use this feature only once per turn.", "effects": [{"type": "special_ability", "name": "Spell Bombardment", "description": "Reroll one maxed damage die once per turn"}] } ] },
        { "id": "aberrant-mind", "name": "Aberrant Mind", "source": "Tasha's Cauldron of Everything", "description": "An alien influence has wrapped its tendrils around your mind, giving you psionic power.", "features": [ { "id": "am-telepathic-speech-1", "name": "Telepathic Speech", "level": 1, "description": "You can form a telepathic connection with one creature you can see within 30 feet, allowing you to speak telepathically.", "effects": [{"type": "special_ability", "name": "Telepathy (30 ft.)"}] }, { "id": "am-psionic-sorcery-6", "name": "Psionic Sorcery", "level": 6, "description": "When you cast any of your psionic spells, you can cast it by spending sorcery points equal to the spell's level, rather than a spell slot, and without verbal or somatic components." }, { "id": "am-psychic-defenses-6", "name": "Psychic Defenses", "level": 6, "description": "You gain resistance to psychic damage and have advantage on saving throws against being charmed or frightened.", "effects": [ { "type": "resistance", "damageType": "psychic" }, { "type": "advantage", "on": "saving_throw", "condition": "against being charmed or frightened" } ] }, { "id": "am-revelation-in-flesh-14", "name": "Revelation in Flesh", "level": 14, "description": "You can spend sorcery points to magically transform your body, gaining benefits like a swimming or flying speed, the ability to see invisible creatures, or to alter your form." }, { "id": "am-warping-implosion-18", "name": "Warping Implosion", "level": 18, "description": "As an action, you can teleport to a space you can see and cause creatures of your choice to make a Strength saving throw or take 3d10 force damage and be pulled toward the space you left." } ], "grantedSpells": [ { "level": 1, "spellIds": ["dissonant-whispers", "tashas-mind-whip"] }, { "level": 3, "spellIds": ["detect-thoughts", "calm-emotions"] }, { "level": 5, "spellIds": ["hunger-of-hadar", "sending"] }, { "level": 7, "spellIds": ["compulsion", "evards-black-tentacles"] }, { "level": 9, "spellIds": ["rarys-telepathic-bond", "telekinesis"] } ] },
        { "id": "clockwork-soul", "name": "Clockwork Soul", "source": "Tasha's Cauldron of Everything", "description": "The cosmic force of order has suffused you with magic from a realm like Mechanus.", "features": [ { "id": "cs-restore-balance-1", "name": "Restore Balance", "level": 1, "description": "As a reaction, when a creature you can see is about to roll with advantage or disadvantage, you can prevent the roll from being affected by either.", "interactionType": "reaction_roll_modification", "limitedUse": { "per": "longRest", "usesByLevel": ["PROF_BONUS"]} }, { "id": "cs-bastion-of-law-6", "name": "Bastion of Law", "level": 6, "description": "You can expend sorcery points to create a magical ward that reduces damage taken by you or a creature you can see. The ward is a pool of d8s you can use to reduce incoming damage." }, { "id": "cs-trance-of-order-14", "name": "Trance of Order", "level": 14, "description": "As a bonus action, you can enter a state where attack rolls against you can't have advantage, and you treat any d20 roll you make for an attack, ability check, or saving throw as a 10 if it's lower. This lasts for 1 minute.", "cost": "bonus action" }, { "id": "cs-clockwork-cavalcade-18", "name": "Clockwork Cavalcade", "level": 18, "description": "You can summon spirits of order in a 30-foot cube. This effect can restore hit points to creatures, repair damaged objects, and end spells of 6th level or lower on targets of your choice." } ], "grantedSpells": [ { "level": 1, "spellIds": ["alarm", "protection-from-evil-and-good"] }, { "level": 3, "spellIds": ["aid", "lesser-restoration"] }, { "level": 5, "spellIds": ["dispel-magic", "protection-from-energy"] }, { "level": 7, "spellIds": ["freedom-of-movement", "summon-construct"] }, { "level": 9, "spellIds": ["greater-restoration", "wall-of-force"] } ] },
        { "id": "divine-soul", "name": "Divine Soul", "source": "Xanathar's Guide to Everything", "description": "Your innate magic comes from a distant but powerful familial connection to a divine being.", "features": [ { "id": "ds-divine-magic-1", "name": "Divine Magic", "level": 1, "description": "Your link to the divine allows you to learn spells from the cleric spell list. You also learn one additional spell based on your alignment.", "choiceOptions": [{ "id": "divine-soul-alignment-spell", "label": "Choose your divine alignment", "type": "spell", "count": 1, "from": ["cure-wounds", "inflict-wounds", "bless", "bane"] }] }, { "id": "ds-favored-by-the-gods-1", "name": "Favored by the Gods", "level": 1, "description": "If you fail a saving throw or miss with an attack roll, you can roll 2d4 and add it to the total, possibly changing the outcome. Usable once per short or long rest.", "limitedUse": { "per": "shortRest", "usesByLevel": [1,1,1,1,1,1,1,1,1,1,1,1,1,1,1,1,1,1,1,1]} }, { "id": "ds-empowered-healing-6", "name": "Empowered Healing", "level": 6, "description": "When you or an ally within 5 feet of you rolls dice to determine the number of hit points a spell restores, you can spend 1 sorcery point to reroll any number of those dice once." }, { "id": "ds-otherworldly-wings-14", "name": "Otherworldly Wings", "level": 14, "description": "As a bonus action, you can manifest a pair of spectral wings that last until you're incapacitated or dismiss them. You gain a flying speed of 30 feet.", "cost": "bonus action" }, { "id": "ds-unearthly-recovery-18", "name": "Unearthly Recovery", "level": 18, "description": "As a bonus action when you have fewer than half of your hit points remaining, you can regain a number of hit points equal to half your hit point maximum. Usable once per long rest.", "cost": "bonus action" } ], "grantedSpells": [] },
        { "id": "shadow-magic", "name": "Shadow Magic", "source": "Xanathar's Guide to Everything", "description": "Your innate magic comes from the Shadowfell itself. The power of shadow magic casts a strange pall over your physical presence.", "features": [ { "id": "sm-eyes-of-the-dark-1", "name": "Eyes of the Dark", "level": 1, "description": "You have darkvision to a range of 120 feet. You also learn the darkness spell, which you can cast by spending 2 sorcery points or a spell slot. If you cast it with sorcery points, you can see through it.", "effects": [{ "type": "special_ability", "name": "Darkvision (120 ft.)" }] }, { "id": "sm-strength-of-the-grave-1", "name": "Strength of the Grave", "level": 1, "description": "When damage reduces you to 0 hit points, you can make a Charisma saving throw (DC 5 + damage taken). On a success, you instead drop to 1 hit point. Usable once per long rest.", "limitedUse": { "per": "longRest", "usesByLevel": [1,1,1,1,1,1,1,1,1,1,1,1,1,1,1,1,1,1,1,1]} }, { "id": "sm-hound-of-ill-omen-6", "name": "Hound of Ill Omen", "level": 6, "description": "You can spend 3 sorcery points to summon a hound of shadow to harry a target. The hound has statistics, and the target has disadvantage on saving throws against any spell you cast while the hound is nearby." }, { "id": "sm-shadow-walk-14", "name": "Shadow Walk", "level": 14, "description": "As a bonus action, you can teleport up to 120 feet to an unoccupied space you can see in dim light or darkness.", "cost": "bonus action" }, { "id": "sm-umbral-form-18", "name": "Umbral Form", "level": 18, "description": "As a bonus action, you can spend 6 sorcery points to transform into a shadow form. You gain resistance to all damage except force and radiant, can move through other creatures and objects, and have advantage on Strength saving throws." } ], "grantedSpells": [] },
        { "id": "storm-sorcery", "name": "Storm Sorcery", "source": "Xanathar's Guide to Everything", "description": "Your innate magic comes from the power of elemental air.", "features": [ { "id": "ss-wind-speaker-1", "name": "Wind Speaker", "level": 1, "description": "You can speak, read, and write Primordial.", "effects": [{ "type": "proficiency", "proficiencyType": "language", "options": ["primordial"], "count": 1 }] }, { "id": "ss-tempestuous-magic-1", "name": "Tempestuous Magic", "level": 1, "description": "As a bonus action, you can fly up to 10 feet without provoking opportunity attacks after casting a 1st-level or higher spell.", "cost": "bonus action" }, { "id": "ss-heart-of-the-storm-6", "name": "Heart of the Storm", "level": 6, "description": "You gain resistance to lightning and thunder damage. When you start casting a spell of 1st level or higher that deals lightning or thunder damage, you can cause a damaging aura to erupt from you, dealing damage to creatures within 10 feet.", "effects": [ { "type": "resistance", "damageType": "lightning" }, { "type": "resistance", "damageType": "thunder" } ] }, { "id": "ss-storm-guide-6", "name": "Storm Guide", "level": 6, "description": "As an action, you can stop rain from falling in a 20-foot-radius sphere or cause it to start. As a bonus action, you can change the direction of the wind within 100 feet." }, { "id": "ss-storms-fury-14", "name": "Storm's Fury", "level": 14, "description": "When you are hit by a melee attack, you can use your reaction to deal lightning damage to the attacker and push them away.", "cost": "reaction" }, { "id": "ss-wind-soul-18", "name": "Wind Soul", "level": 18, "description": "You gain immunity to lightning and thunder damage and a magical flying speed of 60 feet. You can also grant a flying speed to a number of allies.", "effects": [{"type": "immunity", "to": "lightning"}, {"type": "immunity", "to": "thunder"}, {"type": "grant_speed", "speedType": "flying", "value": 60}]} ] }
    ],
    "spellcasting": {
        "ability": "CHARISMA",
        "preparationType": "known"
    },
    "progressionTable": [
        { "level": 1, "profBonus": 2, "sorceryPoints": 0, "cantripsKnown": 4, "spellsKnown": 2, "spellSlots": [2, 0, 0, 0, 0, 0, 0, 0, 0] },
        { "level": 2, "profBonus": 2, "sorceryPoints": 2, "cantripsKnown": 4, "spellsKnown": 3, "spellSlots": [3, 0, 0, 0, 0, 0, 0, 0, 0] },
        { "level": 3, "profBonus": 2, "sorceryPoints": 3, "cantripsKnown": 4, "spellsKnown": 4, "spellSlots": [4, 2, 0, 0, 0, 0, 0, 0, 0] },
        { "level": 4, "profBonus": 2, "sorceryPoints": 4, "cantripsKnown": 5, "spellsKnown": 5, "spellSlots": [4, 3, 0, 0, 0, 0, 0, 0, 0] },
        { "level": 5, "profBonus": 3, "sorceryPoints": 5, "cantripsKnown": 5, "spellsKnown": 6, "spellSlots": [4, 3, 2, 0, 0, 0, 0, 0, 0] },
        { "level": 6, "profBonus": 3, "sorceryPoints": 6, "cantripsKnown": 5, "spellsKnown": 7, "spellSlots": [4, 3, 3, 0, 0, 0, 0, 0, 0] },
        { "level": 7, "profBonus": 3, "sorceryPoints": 7, "cantripsKnown": 5, "spellsKnown": 8, "spellSlots": [4, 3, 3, 1, 0, 0, 0, 0, 0] },
        { "level": 8, "profBonus": 3, "sorceryPoints": 8, "cantripsKnown": 5, "spellsKnown": 9, "spellSlots": [4, 3, 3, 2, 0, 0, 0, 0, 0] },
        { "level": 9, "profBonus": 4, "sorceryPoints": 9, "cantripsKnown": 5, "spellsKnown": 10, "spellSlots": [4, 3, 3, 3, 1, 0, 0, 0, 0] },
        { "level": 10, "profBonus": 4, "sorceryPoints": 10, "cantripsKnown": 6, "spellsKnown": 11, "spellSlots": [4, 3, 3, 3, 2, 0, 0, 0, 0] },
        { "level": 11, "profBonus": 4, "sorceryPoints": 11, "cantripsKnown": 6, "spellsKnown": 12, "spellSlots": [4, 3, 3, 3, 2, 1, 0, 0, 0] },
        { "level": 12, "profBonus": 4, "sorceryPoints": 12, "cantripsKnown": 6, "spellsKnown": 12, "spellSlots": [4, 3, 3, 3, 2, 1, 0, 0, 0] },
        { "level": 13, "profBonus": 5, "sorceryPoints": 13, "cantripsKnown": 6, "spellsKnown": 13, "spellSlots": [4, 3, 3, 3, 2, 1, 1, 0, 0] },
        { "level": 14, "profBonus": 5, "sorceryPoints": 14, "cantripsKnown": 6, "spellsKnown": 13, "spellSlots": [4, 3, 3, 3, 2, 1, 1, 0, 0] },
        { "level": 15, "profBonus": 5, "sorceryPoints": 15, "cantripsKnown": 6, "spellsKnown": 14, "spellSlots": [4, 3, 3, 3, 2, 1, 1, 1, 0] },
        { "level": 16, "profBonus": 5, "sorceryPoints": 16, "cantripsKnown": 6, "spellsKnown": 14, "spellSlots": [4, 3, 3, 3, 2, 1, 1, 1, 0] },
        { "level": 17, "profBonus": 6, "sorceryPoints": 17, "cantripsKnown": 6, "spellsKnown": 15, "spellSlots": [4, 3, 3, 3, 2, 1, 1, 1, 1] },
        { "level": 18, "profBonus": 6, "sorceryPoints": 18, "cantripsKnown": 6, "spellsKnown": 15, "spellSlots": [4, 3, 3, 3, 3, 1, 1, 1, 1] },
        { "level": 19, "profBonus": 6, "sorceryPoints": 19, "cantripsKnown": 6, "spellsKnown": 15, "spellSlots": [4, 3, 3, 3, 3, 2, 1, 1, 1] },
        { "level": 20, "profBonus": 6, "sorceryPoints": 20, "cantripsKnown": 6, "spellsKnown": 15, "spellSlots": [4, 3, 3, 3, 3, 2, 2, 1, 1] }
    ]
}