{
    "id": "wizard",
    "name": "Wizard",
    "source": "Player's Handbook",
    "hitDie": 6,
    "iconId": "WizardIcon",
    "casterType": "full",
    "description": "Wizards are supreme magic-users, defined and united as a class by the spells they cast. Drawing on the subtle weave of magic that permeates the cosmos, wizards cast spells of explosive fire, arcing lightning, subtle deception, and brute-force mind control.",
    "startingGoldRoll": "4d4*10",
    "startingEquipment": [
        { "choice": [[{ "itemId": "quarterstaff", "quantity": 1 }], [{ "itemId": "dagger", "quantity": 1 }]] },
        { "choice": [[{ "itemId": "component-pouch", "quantity": 1 }], [{ "itemId": "arcane-focus-any", "quantity": 1 }]] },
        { "choice": [[{ "packId": "scholars-pack" }], [{ "packId": "explorers-pack" }]] },
        { "itemId": "spellbook", "quantity": 1 }
    ],
    "traits": [
        {
            "id": "wizard-starting-proficiencies",
            "name": "Starting Proficiencies",
            "description": "As a Wizard, you are proficient with daggers, darts, slings, quarterstaffs, and light crossbows. Your saving throw proficiencies are Intelligence and Wisdom. You are also proficient in two skills of your choice.",
            "effects": [
                { "type": "proficiency", "proficiencyType": "weapon", "options": ["daggers", "darts", "slings", "quarterstaffs", "light crossbows"], "count": 5 },
                { "type": "proficiency", "proficiencyType": "saving_throw", "options": ["INTELLIGENCE", "WISDOM"], "count": 2 }
            ],
            "choiceOptions": [{
                "id": "wizard-skills",
                "label": "Choose two skills",
                "type": "skill",
                "count": 2,
                "from": ["arcana", "history", "insight", "investigation", "medicine", "religion"]
            }]
        }
    ],
    "features": [
        {
            "id": "wizard-spellcasting-1",
            "name": "Spellcasting",
            "level": 1,
            "description": "As a student of arcane magic, you have a spellbook containing spells that show the first glimmerings of your true power. You know three cantrips of your choice from the wizard spell list. You have a spellbook containing six 1st-level wizard spells of your choice. You prepare your list of spells from your spellbook.",
            "effects": [
                { "type": "special_ability", "name": "Ritual Casting (Wizard)" },
                { "type": "set_max_prepared_spells", "value": "INT_MOD + WIZARD_LEVEL" }
            ],
            "choiceOptions": [{ "id": "wizard-initial-spells", "label": "Choose 6 1st-level spells for your spellbook", "type": "spell", "count": 6, "from": "any_wizard_level_1_spell" }]
        },
        {
            "id": "wizard-arcane-recovery-1",
            "name": "Arcane Recovery",
            "level": 1,
            "interactionType": "short_rest_ability",
            "description": "You have learned to regain some of your magical energy by studying your spellbook. Once per day when you finish a short rest, you can choose expended spell slots to recover. The spell slots can have a combined level that is equal to or less than half your wizard level (rounded up), and none of the slots can be 6th level or higher.",
            "effects": [
                { "type": "special_ability", "name": "Arcane Recovery", "description": "Recover spell slots with a combined level of half your wizard level (rounded up)." }
            ],
            "limitedUse": { "per": "longRest", "usesByLevel": [1,1,1,1,1,1,1,1,1,1,1,1,1,1,1,1,1,1,1,1] }
        },
        {
            "id": "wizard-arcane-tradition-2",
            "name": "Arcane Tradition",
            "level": 2,
            "description": "You choose an arcane tradition, shaping your practice of magic through one of eight schools: Abjuration, Conjuration, Divination, Enchantment, Evocation, Illusion, Necromancy, or Transmutation.",
            "choiceOptions": [{
                "id": "wizard-subclass-choice",
                "label": "Choose an Arcane Tradition",
                "type": "subclass",
                "count": 1,
                "from": ["school-of-abjuration", "school-of-conjuration", "school-of-divination", "school-of-enchantment", "school-of-evocation", "school-of-illusion", "school-of-necromancy", "school-of-transmutation", "bladesinging", "order-of-scribes"]
            }]
        },
        { "id": "wizard-asi-4", "name": "Ability Score Improvement", "level": 4, "description": "You can increase one ability score by 2, or two ability scores by 1." },
        { "id": "wizard-asi-8", "name": "Ability Score Improvement", "level": 8, "description": "You can increase one ability score by 2, or two ability scores by 1." },
        { "id": "wizard-asi-12", "name": "Ability Score Improvement", "level": 12, "description": "You can increase one ability score by 2, or two ability scores by 1." },
        { "id": "wizard-asi-16", "name": "Ability Score Improvement", "level": 16, "description": "You can increase one ability score by 2, or two ability scores by 1." },
        {
            "id": "wizard-spell-mastery-18",
            "name": "Spell Mastery",
            "level": 18,
            "description": "You have achieved such mastery over certain spells that you can cast them at will. Choose a 1st-level wizard spell and a 2nd-level wizard spell that are in your spellbook. You can cast those spells at their lowest level without expending a spell slot when you have them prepared.",
            "choiceOptions": [
                { "id": "spell-mastery-1st-level", "label": "Choose 1st-level Spell", "type": "spell", "count": 1, "from": "any_wizard_level_1_spell" },
                { "id": "spell-mastery-2nd-level", "label": "Choose 2nd-level Spell", "type": "spell", "count": 1, "from": "any_wizard_level_2_spell" }
            ]
        },
        { "id": "wizard-asi-19", "name": "Ability Score Improvement", "level": 19, "description": "You can increase one ability score of your choice by 2, or two ability scores by 1." },
        {
            "id": "wizard-signature-spells-20",
            "name": "Signature Spells",
            "level": 20,
            "description": "You gain mastery over two powerful spells and can cast them with little effort. Choose two 3rd-level wizard spells in your spellbook as your signature spells. You always have these spells prepared, they don't count against the number of spells you can prepare, and you can cast each of them once at 3rd level without expending a spell slot. You regain the ability to do so after a long rest.",
            "choiceOptions": [
                { "id": "signature-spells-3rd-level", "label": "Choose two 3rd-level Spells", "type": "spell", "count": 2, "from": "any_wizard_level_3_spell" }
            ]
        }
    ],
    "subclasses": [
        { "id": "bladesinging", "name": "Bladesinging", "source": "Tasha's Cauldron of Everything", "description": "Bladesingers master a tradition of wizardry that incorporates swordplay and dance. Originally created by elves, this tradition has been adopted by non-elf practitioners, who honor and expand on the elven ways.", "features": [ { "id": "bladesinging-training-2", "name": "Training in War and Song", "level": 2, "description": "You gain proficiency with light armor, and you gain proficiency with one type of one-handed melee weapon of your choice. You also gain proficiency in the Performance skill.", "effects": [ { "type": "proficiency", "proficiencyType": "armor", "options": ["light armor"], "count": 1 }, { "type": "proficiency", "proficiencyType": "skill", "options": ["performance"], "count": 1 } ], "choiceOptions": [{"id": "bladesinging-weapon-proficiency", "label": "Choose a one-handed melee weapon", "type": "weapon", "count": 1, "from": ["any_one_handed_melee"] }] }, { "id": "bladesinging-bladesong-2", "name": "Bladesong", "level": 2, "description": "As a bonus action, you can start the Bladesong, which lasts for 1 minute. It gives you a bonus to AC, walking speed, and concentration saving throws. You can use this feature a number of times equal to your proficiency bonus.", "effects": [ { "type": "grant_action", "name": "Bladesong" }, { "type": "bonus", "to": "ac", "value": "INT_MOD", "condition": "while Bladesong is active" }, { "type": "bonus", "to": "speed", "value": 10, "condition": "while Bladesong is active" }, { "type": "advantage", "on": "check", "skill": "acrobatics", "condition": "while Bladesong is active" }, { "type": "bonus", "to": "saving_throw", "value": "INT_MOD", "condition": "on Constitution saves to maintain concentration while Bladesong is active" } ], "limitedUse": { "per": "longRest", "usesByLevel": [0, 2, 2, 2, 2, 3, 3, 3, 3, 4, 4, 4, 4, 5, 5, 5, 5, 6, 6, 6] } }, { "id": "bladesinging-extra-attack-6", "name": "Extra Attack", "level": 6, "description": "You can attack twice, instead of once, whenever you take the Attack action on your turn. You can cast one of your cantrips in place of one of those attacks.", "effects": [{ "type": "special_ability", "name": "Extra Attack (Bladesinger)" }] }, { "id": "bladesinging-song-of-defense-10", "name": "Song of Defense", "level": 10, "description": "When you take damage, you can use your reaction to expend one spell slot and reduce the damage by an amount equal to five times the spell slot’s level.", "effects": [{ "type": "special_ability", "name": "Song of Defense" }] }, { "id": "bladesinging-song-of-victory-14", "name": "Song of Victory", "level": 14, "description": "You can add your Intelligence modifier to the damage of your melee weapon attacks while your Bladesong is active.", "effects": [{ "type": "bonus_damage", "value": "INT_MOD", "condition": "with melee weapon attacks while Bladesong is active" }] } ] },
        { "id": "order-of-scribes", "name": "Order of Scribes", "source": "Tasha's Cauldron of Everything", "description": "Among wizards, the Order of Scribes is the most bookish. They magically awaken their spellbooks, turning them into trusted companions.", "features": [ { "id": "scribes-quill-2", "name": "Wizardly Quill", "level": 2, "description": "As a bonus action, you can magically create a quill that doesn’t require ink and can erase writing.", "effects": [{ "type": "grant_action", "name": "Wizardly Quill" }] }, { "id": "scribes-awakened-spellbook-2", "name": "Awakened Spellbook", "level": 2, "description": "Your spellbook gains sentience. You can use it as a spellcasting focus, and temporarily change the damage type of spells you cast.", "effects": [{ "type": "special_ability", "name": "Awakened Spellbook" }] }, { "id": "scribes-manifest-mind-6", "name": "Manifest Mind", "level": 6, "description": "You can conjure forth the mind of your Awakened Spellbook as a spectral object, and cast spells as if you were in its space.", "effects": [{ "type": "special_ability", "name": "Manifest Mind" }] }, { "id": "scribes-master-scrivener-10", "name": "Master Scrivener", "level": 10, "interactionType": "creator", "description": "You can create a special magic scroll from a spell in your spellbook whenever you finish a long rest.", "effects": [{ "type": "special_ability", "name": "Master Scrivener" }] }, { "id": "scribes-one-with-the-word-14", "name": "One with the Word", "level": 14, "description": "Your soul is entwined with your spellbook. You have advantage on Arcana checks, and can use the book's magic to prevent damage to yourself.", "effects": [{ "type": "advantage", "on": "check", "skill": "arcana", "condition": "Always" }, { "type": "special_ability", "name": "One with the Word" }] } ] },
        { "id": "school-of-abjuration", "name": "School of Abjuration", "source": "Player's Handbook", "description": "The School of Abjuration emphasizes magic that blocks, banishes, or protects.", "features": [ { "id": "abjuration-savant-2", "name": "Abjuration Savant", "level": 2, "description": "The gold and time you must spend to copy an abjuration spell into your spellbook is halved.", "effects": [{ "type": "cost_reduction", "activity": "scribing", "school": "abjuration", "value": 0.5 }] }, { "id": "abjuration-arcane-ward-2", "name": "Arcane Ward", "level": 2, "description": "When you cast an abjuration spell of 1st level or higher, you can create a magical ward on yourself that has hit points equal to twice your wizard level + your Intelligence modifier. Whenever you take damage, the ward takes the damage instead. If this damage reduces the ward to 0 hit points, you take any remaining damage. The ward regains hit points equal to twice the level of the abjuration spell you cast.", "effects": [{ "type": "special_ability", "name": "Arcane Ward", "max_hp_formula": "WIZARD_LEVEL * 2 + INT_MOD" }] }, { "id": "abjuration-projected-ward-6", "name": "Projected Ward", "level": 6, "interactionType": "reaction_utility", "cost": "reaction", "description": "When a creature you can see within 30 feet of you takes damage, you can use your reaction to cause your Arcane Ward to absorb that damage instead.", "effects": [{ "type": "special_ability", "name": "Projected Ward" }] }, { "id": "abjuration-improved-abjuration-10", "name": "Improved Abjuration", "level": 10, "description": "When you cast an abjuration spell that requires you to make an ability check as part of casting that spell (as in Counterspell and Dispel Magic), you add your proficiency bonus to that ability check.", "effects": [{ "type": "special_ability", "name": "Improved Abjuration" }] }, { "id": "abjuration-spell-resistance-14", "name": "Spell Resistance", "level": 14, "description": "You have advantage on saving throws against spells. You have resistance to the damage of spells.", "effects": [{ "type": "advantage", "on": "saving_throw", "condition": "against spells" }, { "type": "resistance", "damageType": "from spells" }] } ] },
        { "id": "school-of-conjuration", "name": "School of Conjuration", "source": "Player's Handbook", "description": "You favor spells that produce objects and creatures out of thin air.", "features": [ { "id": "conjuration-savant-2", "name": "Conjuration Savant", "level": 2, "description": "The gold and time you must spend to copy a conjuration spell into your spellbook is halved.", "effects": [{"type": "cost_reduction", "activity": "scribing", "school": "conjuration", "value": 0.5}] }, { "id": "conjuration-minor-conjuration-2", "name": "Minor Conjuration", "level": 2, "interactionType": "action_utility", "cost": "action", "description": "You can use your action to conjure up an inanimate object in your hand or on the ground in an unoccupied space that you can see within 10 feet of you. The object can be no larger than 3 feet on a side and weigh no more than 10 pounds, and its form must be that of a nonmagical object that you have seen. The object is visibly magical, radiating dim light out to 5 feet.", "effects": [{ "type": "grant_action", "name": "Minor Conjuration" }] }, { "id": "conjuration-benign-transposition-6", "name": "Benign Transposition", "level": 6, "interactionType": "action_utility", "cost": "action", "description": "You can use your action to teleport up to 30 feet to an unoccupied space that you can see. Alternatively, you can choose a space within range that is occupied by a Small or Medium creature. If that creature is willing, you both teleport, swapping places.", "effects": [{ "type": "grant_action", "name": "Benign Transposition" }] }, { "id": "conjuration-focused-conjuration-10", "name": "Focused Conjuration", "level": 10, "description": "While you are concentrating on a conjuration spell, your concentration can’t be broken as a result of taking damage.", "effects": [{ "type": "special_ability", "name": "Focused Conjuration" }] }, { "id": "conjuration-durable-summons-14", "name": "Durable Summons", "level": 14, "description": "Any creature that you summon or create with a conjuration spell has 30 temporary hit points.", "effects": [{ "type": "special_ability", "name": "Durable Summons" }] } ] },
        { "id": "school-of-divination", "name": "School of Divination", "source": "Player's Handbook", "description": "The School of Divination focuses on understanding the past, present, and future.", "features": [ { "id": "divination-savant-2", "name": "Divination Savant", "level": 2, "description": "The gold and time you must spend to copy a divination spell into your spellbook is halved.", "effects": [{"type": "cost_reduction", "activity": "scribing", "school": "divination", "value": 0.5}] }, { "id": "divination-portent-2", "name": "Portent", "level": 2, "interactionType": "reaction_utility", "description": "After a long rest, roll two d20s and record the numbers rolled. You can replace any attack roll, saving throw, or ability check made by you or a creature that you can see with one of these foretelling rolls.", "effects": [{"type": "special_ability", "name": "Portent"}] }, { "id": "divination-expert-divination-6", "name": "Expert Divination", "level": 6, "description": "When you cast a divination spell of 2nd level or higher, you regain one expended spell slot of a lower level.", "effects": [{"type": "special_ability", "name": "Expert Divination"}] }, { "id": "divination-the-third-eye-10", "name": "The Third Eye", "level": 10, "interactionType": "action_utility", "cost": "action", "description": "You can use your action to gain one of the following benefits for 1 hour: darkvision, ethereal sight, greater comprehension, or see invisibility.", "effects": [{"type": "grant_action", "name": "The Third Eye"}] }, { "id": "divination-greater-portent-14", "name": "Greater Portent", "level": 14, "description": "You roll three d20s for your Portent feature, rather than two.", "effects": [{"type": "special_ability", "name": "Greater Portent"}] } ] },
        { "id": "school-of-enchantment", "name": "School of Enchantment", "source": "Player's Handbook", "description": "The School of Enchantment focuses on magic that beguiles and mesmerizes others.", "features": [ { "id": "enchantment-savant-2", "name": "Enchantment Savant", "level": 2, "description": "The gold and time you must spend to copy an enchantment spell into your spellbook is halved.", "effects": [{"type": "cost_reduction", "activity": "scribing", "school": "enchantment", "value": 0.5}] }, { "id": "enchantment-hypnotic-gaze-2", "name": "Hypnotic Gaze", "level": 2, "interactionType": "action_utility", "cost": "action", "description": "As an action, choose one humanoid you can see. If it fails a Wisdom save, it is charmed and incapacitated, with its speed reduced to 0.", "effects": [{"type": "grant_action", "name": "Hypnotic Gaze"}] }, { "id": "enchantment-instinctive-charm-6", "name": "Instinctive Charm", "level": 6, "interactionType": "reaction_utility", "cost": "reaction", "description": "As a reaction when a creature you can see within 30 feet of you attacks you, you can divert the attack to another creature within range.", "effects": [{"type": "special_ability", "name": "Instinctive Charm"}] }, { "id": "enchantment-split-enchantment-10", "name": "Split Enchantment", "level": 10, "description": "When you cast an enchantment spell of 1st level or higher that targets only one creature, you can have it target a second creature.", "effects": [{"type": "special_ability", "name": "Split Enchantment"}] }, { "id": "enchantment-alter-memories-14", "name": "Alter Memories", "level": 14, "description": "When you cast an enchantment spell to charm one or more creatures, you can alter one creature’s understanding of its past, making it unaware of being charmed and forgetting a period of time.", "effects": [{"type": "special_ability", "name": "Alter Memories"}] } ] },
        { "id": "school-of-evocation", "name": "School of Evocation", "source": "Player's Handbook", "description": "The School of Evocation focuses on magic that creates powerful elemental effects.", "features": [ { "id": "evocation-savant-2", "name": "Evocation Savant", "level": 2, "description": "The gold and time you must spend to copy an evocation spell into your spellbook is halved.", "effects": [{"type": "cost_reduction", "activity": "scribing", "school": "evocation", "value": 0.5}] }, { "id": "evocation-sculpt-spells-2", "name": "Sculpt Spells", "level": 2, "description": "When you cast an evocation spell that affects other creatures that you can see, you can choose a number of them equal to 1 + the spell’s level. The chosen creatures automatically succeed on their saving throws against the spell, and they take no damage if they would normally take half damage on a successful save.", "effects": [{"type": "special_ability", "name": "Sculpt Spells", "safe_creatures_formula": "1 + SPELL_LEVEL"}] }, { "id": "evocation-potent-cantrip-6", "name": "Potent Cantrip", "level": 6, "description": "Your damaging cantrips affect even creatures that avoid the brunt of the effect. When a creature succeeds on a saving throw against your cantrip, the creature takes half the cantrip’s damage (if any) but suffers no additional effect from the cantrip.", "effects": [{"type": "special_ability", "name": "Potent Cantrip"}] }, { "id": "evocation-empowered-evocation-10", "name": "Empowered Evocation", "level": 10, "description": "You can add your Intelligence modifier to one damage roll of any wizard evocation spell you cast.", "effects": [{"type": "bonus_damage", "value": "INT_MOD", "condition": "to one damage roll of an evocation spell"}] }, { "id": "evocation-overchannel-14", "name": "Overchannel", "level": 14, "description": "When you cast a wizard spell of 1st through 5th level that deals damage, you can deal maximum damage with that spell. The first time you do so, you suffer no adverse effect. If you use this feature again before a long rest, you take necrotic damage.", "effects": [{"type": "special_ability", "name": "Overchannel"}] } ] },
        { "id": "school-of-illusion", "name": "School of Illusion", "source": "Player's Handbook", "description": "The School of Illusion focuses on magic that dazzles the senses and befuddles the mind.", "features": [ { "id": "illusion-savant-2", "name": "Illusion Savant", "level": 2, "description": "The gold and time you must spend to copy an illusion spell into your spellbook is halved.", "effects": [{"type": "cost_reduction", "activity": "scribing", "school": "illusion", "value": 0.5}] }, { "id": "illusion-improved-minor-illusion-2", "name": "Improved Minor Illusion", "level": 2, "description": "You learn the minor illusion cantrip. If you already know it, you learn a different wizard cantrip. You can create both a sound and an image with a single casting.", "effects": [{"type": "innate_spellcasting", "ability": "INTELLIGENCE", "spells": [{"id": "minor-illusion", "frequency": "at-will"}]}] }, { "id": "illusion-malleable-illusions-6", "name": "Malleable Illusions", "level": 6, "interactionType": "action_utility", "cost": "action", "description": "As an action, you can change the nature of an existing illusion spell that you are concentrating on.", "effects": [{"type": "grant_action", "name": "Malleable Illusions"}] }, { "id": "illusion-illusory-self-10", "name": "Illusory Self", "level": 10, "interactionType": "reaction_utility", "cost": "reaction", "description": "As a reaction, you can create an illusory duplicate of yourself to cause an attack to miss you. Usable once per short or long rest.", "effects": [{"type": "special_ability", "name": "Illusory Self"}] }, { "id": "illusion-illusory-reality-14", "name": "Illusory Reality", "level": 14, "description": "When you cast an illusion spell of 1st level or higher, you can choose one inanimate, nonmagical object that is part of the illusion and make that object real for 1 minute.", "effects": [{"type": "special_ability", "name": "Illusory Reality"}] } ] },
        { "id": "school-of-necromancy", "name": "School of Necromancy", "source": "Player's Handbook", "description": "The School of Necromancy explores the cosmic forces of life, death, and undeath.", "features": [ { "id": "necromancy-savant-2", "name": "Necromancy Savant", "level": 2, "description": "The gold and time you must spend to copy a necromancy spell into your spellbook is halved.", "effects": [{"type": "cost_reduction", "activity": "scribing", "school": "necromancy", "value": 0.5}] }, { "id": "necromancy-grim-harvest-2", "name": "Grim Harvest", "level": 2, "description": "Once per turn when you kill one or more creatures with a spell of 1st level or higher, you regain hit points equal to twice the spell’s level, or three times if it is a necromancy spell.", "effects": [{"type": "special_ability", "name": "Grim Harvest"}] }, { "id": "necromancy-undead-thralls-6", "name": "Undead Thralls", "level": 6, "description": "When you cast animate dead, you can target one additional corpse or pile of bones, and undead you create have additional hit points and add your proficiency bonus to their weapon damage.", "effects": [{"type": "special_ability", "name": "Undead Thralls"}] }, { "id": "necromancy-inured-to-undeath-10", "name": "Inured to Undeath", "level": 10, "description": "You have resistance to necrotic damage, and your hit point maximum can't be reduced.", "effects": [{"type": "resistance", "damageType": "necrotic"}, {"type": "special_ability", "name": "HP Max Unreducible"}] }, { "id": "necromancy-command-undead-14", "name": "Command Undead", "level": 14, "interactionType": "action_utility", "cost": "action", "description": "As an action, you can target one undead creature you can see and force it to make a Charisma save. If it fails, it becomes friendly to you and obeys your commands.", "effects": [{"type": "grant_action", "name": "Command Undead"}] } ] },
        { "id": "school-of-transmutation", "name": "School of Transmutation", "source": "Player's Handbook", "description": "The School of Transmutation focuses on magic that changes energy and matter.", "features": [ { "id": "transmutation-savant-2", "name": "Transmutation Savant", "level": 2, "description": "The gold and time you must spend to copy a transmutation spell into your spellbook is halved.", "effects": [{"type": "cost_reduction", "activity": "scribing", "school": "transmutation", "value": 0.5}] }, { "id": "transmutation-minor-alchemy-2", "name": "Minor Alchemy", "level": 2, "interactionType": "action_utility", "cost": "action", "description": "You can temporarily alter the physical properties of one nonmagical object, changing it from one substance into another (wood, stone, iron, copper, or silver).", "effects": [{"type": "special_ability", "name": "Minor Alchemy"}] }, { "id": "transmutation-transmuters-stone-6", "name": "Transmuter's Stone", "level": 6, "interactionType": "creator", "description": "You can create a transmuter’s stone that stores magical energy. You can grant its holder one of several benefits, such as darkvision, increased speed, or resistance to a damage type.", "choiceOptions": [{"id": "transmuter-stone-buff", "label": "Choose Transmuter's Stone Buff", "type": "buff_choice", "count": 1, "from": ["darkvision", "speed_increase", "acid_resistance", "cold_resistance", "fire_resistance", "lightning_resistance", "thunder_resistance", "con_save_proficiency"]}] }, { "id": "transmutation-shapechanger-10", "name": "Shapechanger", "level": 10, "description": "You can cast the polymorph spell on yourself to transform into a beast of CR 1 or lower without expending a spell slot.", "effects": [{"type": "special_ability", "name": "Shapechanger (Self Polymorph)"}] }, { "id": "transmutation-master-transmuter-14", "name": "Master Transmuter", "level": 14, "description": "You can use your action to consume your transmuter’s stone to use one of four powerful effects: Major Transformation, Panacea, Restore Life, or Restore Youth.", "effects": [{"type": "grant_action", "name": "Master Transmuter"}] } ] }
    ],
    "spellcasting": {
        "ability": "INTELLIGENCE",
        "preparationType": "prepared"
    },
    "progressionTable": [
        { "level": 1, "profBonus": 2, "cantripsKnown": 3, "spellSlots": [2, 0, 0, 0, 0, 0, 0, 0, 0] },
        { "level": 2, "profBonus": 2, "cantripsKnown": 3, "spellSlots": [3, 0, 0, 0, 0, 0, 0, 0, 0] },
        { "level": 3, "profBonus": 2, "cantripsKnown": 3, "spellSlots": [4, 2, 0, 0, 0, 0, 0, 0, 0] },
        { "level": 4, "profBonus": 2, "cantripsKnown": 4, "spellSlots": [4, 3, 0, 0, 0, 0, 0, 0, 0] },
        { "level": 5, "profBonus": 3, "cantripsKnown": 4, "spellSlots": [4, 3, 2, 0, 0, 0, 0, 0, 0] },
        { "level": 6, "profBonus": 3, "cantripsKnown": 4, "spellSlots": [4, 3, 3, 0, 0, 0, 0, 0, 0] },
        { "level": 7, "profBonus": 3, "cantripsKnown": 4, "spellSlots": [4, 3, 3, 1, 0, 0, 0, 0, 0] },
        { "level": 8, "profBonus": 3, "cantripsKnown": 4, "spellSlots": [4, 3, 3, 2, 0, 0, 0, 0, 0] },
        { "level": 9, "profBonus": 4, "cantripsKnown": 4, "spellSlots": [4, 3, 3, 3, 1, 0, 0, 0, 0] },
        { "level": 10, "profBonus": 4, "cantripsKnown": 5, "spellSlots": [4, 3, 3, 3, 2, 0, 0, 0, 0] },
        { "level": 11, "profBonus": 4, "cantripsKnown": 5, "spellSlots": [4, 3, 3, 3, 2, 1, 0, 0, 0] },
        { "level": 12, "profBonus": 4, "cantripsKnown": 5, "spellSlots": [4, 3, 3, 3, 2, 1, 0, 0, 0] },
        { "level": 13, "profBonus": 5, "cantripsKnown": 5, "spellSlots": [4, 3, 3, 3, 2, 1, 1, 0, 0] },
        { "level": 14, "profBonus": 5, "cantripsKnown": 5, "spellSlots": [4, 3, 3, 3, 2, 1, 1, 0, 0] },
        { "level": 15, "profBonus": 5, "cantripsKnown": 5, "spellSlots": [4, 3, 3, 3, 2, 1, 1, 1, 0] },
        { "level": 16, "profBonus": 5, "cantripsKnown": 5, "spellSlots": [4, 3, 3, 3, 2, 1, 1, 1, 0] },
        { "level": 17, "profBonus": 6, "cantripsKnown": 5, "spellSlots": [4, 3, 3, 3, 2, 1, 1, 1, 1] },
        { "level": 18, "profBonus": 6, "cantripsKnown": 5, "spellSlots": [4, 3, 3, 3, 3, 1, 1, 1, 1] },
        { "level": 19, "profBonus": 6, "cantripsKnown": 5, "spellSlots": [4, 3, 3, 3, 3, 2, 1, 1, 1] },
        { "level": 20, "profBonus": 6, "cantripsKnown": 5, "spellSlots": [4, 3, 3, 3, 3, 2, 2, 1, 1] }
    ]
}