{
    "id": "alert",
    "name": "Alert",
    "description": "Always on the lookout for danger, you gain the following benefits: You gain a +5 bonus to initiative. You can’t be surprised while you are conscious. Other creatures don’t gain advantage on attack rolls against you as a result of being unseen by you.",
    "prerequisites": [],
    "effects": [
        {
            "type": "bonus",
            "to": "initiative",
            "value": 5
        },
        {
            "type": "special_ability",
            "name": "Cannot be Surprised"
        },
        {
            "type": "special_ability",
            "name": "Negate Unseen Attacker Advantage"
        }
    ]
}
