{
    "id": "defensive-duelist",
    "name": "Defensive Duelist",
    "description": "When you are wielding a finesse weapon with which you are proficient and another creature hits you with a melee attack, you can use your reaction to add your proficiency bonus to your AC for that attack, potentially causing the attack to miss.",
    "prerequisites": [
        {
            "type": "ability",
            "ability": "DEXTERITY",
            "value": 13
        }
    ],
    "effects": [
        {
            "type": "special_ability",
            "name": "Defensive Duelist Reaction"
        }
    ]
}
