{
    "id": "durable",
    "name": "Durable",
    "description": "Hardy and resilient, you gain the following benefits: Increase your Constitution score by 1, to a maximum of 20. When you roll a Hit Die to regain hit points, the minimum number of hit points you regain from the roll equals twice your Constitution modifier (minimum of 2).",
    "prerequisites": [],
    "effects": [
        {
            "type": "ability_score_increase",
            "abilities": ["CONSTITUTION"],
            "value": 1,
            "count": 1
        },
        {
            "type": "special_ability",
            "name": "Durable Healing"
        }
    ]
}
