{
    "id": "elemental-adept",
    "name": "Elemental Adept",
    "description": "When you gain this feat, choose one of the following damage types: acid, cold, fire, lightning, or thunder. Spells you cast ignore resistance to damage of the chosen type. In addition, when you roll damage for a spell you cast that deals damage of that type, you can treat any 1 on a damage die as a 2. You can select this feat multiple times.",
    "prerequisites": [
        {
            "type": "spellcasting"
        }
    ],
    "choiceOptions": [
        {
            "id": "elemental-adept-damage-type",
            "label": "Choose a damage type",
            "type": "elemental_damage_type",
            "count": 1,
            "from": ["acid", "cold", "fire", "lightning", "thunder"]
        }
    ],
    "effects": [
        {
            "type": "special_ability",
            "name": "Elemental Adept"
        }
    ]
}
