
[
    { "id": "actor", "name": "Actor", "source": "Player's Handbook" },
    { "id": "alert", "name": "Alert", "source": "Player's Handbook" },
    { "id": "athlete", "name": "Athlete", "source": "Player's Handbook" },
    { "id": "charger", "name": "Charger", "source": "Player's Handbook" },
    { "id": "crossbow-expert", "name": "Crossbow Expert", "source": "Player's Handbook" },
    { "id": "defensive-duelist", "name": "Defensive Duelist", "source": "Player's Handbook" },
    { "id": "dual-wielder", "name": "Dual Wielder", "source": "Player's Handbook" },
    { "id": "dungeon-delver", "name": "Dungeon Delver", "source": "Player's Handbook" },
    { "id": "durable", "name": "Durable", "source": "Player's Handbook" },
    { "id": "elemental-adept", "name": "Elemental Adept", "source": "Player's Handbook" },
    { "id": "grappler", "name": "Grappler", "source": "Player's Handbook" },
    { "id": "great-weapon-master", "name": "Great Weapon Master", "source": "Player's Handbook" },
    { "id": "healer", "name": "Healer", "source": "Player's Handbook" },
    { "id": "heavily-armored", "name": "Heavily Armored", "source": "Player's Handbook" },
    { "id": "heavy-armor-master", "name": "Heavy Armor Master", "source": "Player's Handbook" },
    { "id": "inspiring-leader", "name": "Inspiring Leader", "source": "Player's Handbook" },
    { "id": "keen-mind", "name": "Keen Mind", "source": "Player's Handbook" },
    { "id": "lightly-armored", "name": "Lightly Armored", "source": "Player's Handbook" },
    { "id": "linguist", "name": "Linguist", "source": "Player's Handbook" },
    { "id": "lucky", "name": "Lucky", "source": "Player's Handbook" },
    { "id": "mage-slayer", "name": "Mage Slayer", "source": "Player's Handbook" },
    { "id": "magic-initiate", "name": "Magic Initiate", "source": "Player's Handbook" },
    { "id": "martial-adept", "name": "Martial Adept", "source": "Player's Handbook" },
    { "id": "medium-armor-master", "name": "Medium Armor Master", "source": "Player's Handbook" },
    { "id": "mobile", "name": "Mobile", "source": "Player's Handbook" },
    { "id": "moderately-armored", "name": "Moderately Armored", "source": "Player's Handbook" },
    { "id": "mounted-combatant", "name": "Mounted Combatant", "source": "Player's Handbook" },
    { "id": "observant", "name": "Observant", "source": "Player's Handbook" },
    { "id": "polearm-master", "name": "Polearm Master", "source": "Player's Handbook" },
    { "id": "resilient", "name": "Resilient", "source": "Player's Handbook" },
    { "id": "ritual-caster", "name": "Ritual Caster", "source": "Player's Handbook" },
    { "id": "savage-attacker", "name": "Savage Attacker", "source": "Player's Handbook" },
    { "id": "sentinel", "name": "Sentinel", "source": "Player's Handbook" },
    { "id": "sharpshooter", "name": "Sharpshooter", "source": "Player's Handbook" },
    { "id": "shield-master", "name": "Shield Master", "source": "Player's Handbook" },
    { "id": "skilled", "name": "Skilled", "source": "Player's Handbook" },
    { "id": "skulker", "name": "Skulker", "source": "Player's Handbook" },
    { "id": "spell-sniper", "name": "Spell Sniper", "source": "Player's Handbook" },
    { "id": "tavern-brawler", "name": "Tavern Brawler", "source": "Player's Handbook" },
    { "id": "tough", "name": "Tough", "source": "Player's Handbook" },
    { "id": "war-caster", "name": "War Caster", "source": "Player's Handbook" },
    { "id": "weapon-master", "name": "Weapon Master", "source": "Player's Handbook" }
]
