{
    "id": "inspiring-leader",
    "name": "Inspiring Leader",
    "description": "You can spend 10 minutes inspiring your companions, shoring up their resolve to fight. When you do so, choose up to six friendly creatures (which can include yourself) within 30 feet of you who can see or hear you and who can understand you. Each creature can gain temporary hit points equal to your level + your Charisma modifier. A creature can’t gain temporary hit points from this feat again until it has finished a short or long rest.",
    "prerequisites": [
        {
            "type": "ability",
            "ability": "CHARISMA",
            "value": 13
        }
    ],
    "effects": [
        {
            "type": "special_ability",
            "name": "Inspiring Speech",
            "description": "You can spend 10 minutes to grant up to six friendly creatures temporary HP equal to your level + your Charisma modifier."
        }
    ]
}
