{
    "id": "medium-armor-master",
    "name": "Medium Armor Master",
    "description": "You have practiced moving in medium armor to gain the following benefits: Wearing medium armor doesn’t impose disadvantage on your Dexterity (Stealth) checks. When you wear medium armor, you can add 3, rather than 2, to your AC if you have a Dexterity of 16 or higher.",
    "prerequisites": [
        {
            "type": "proficiency",
            "proficiencyType": "armor",
            "proficiencyId": "medium"
        }
    ],
    "effects": [
        {
            "type": "special_ability",
            "name": "No Stealth Disadvantage",
            "description": "Wearing medium armor doesn’t impose disadvantage on your Dexterity (Stealth) checks."
        },
        {
            "type": "special_ability",
            "name": "Improved AC Bonus",
            "description": "When you wear medium armor, you can add 3, rather than 2, to your AC if you have a Dexterity of 16 or higher."
        }
    ]
}
