{
    "id": "observant",
    "name": "Observant",
    "description": "Quick to notice details of your environment, you gain the following benefits: Increase your Intelligence or Wisdom score by 1, to a maximum of 20. If you can see a creature’s mouth while it is speaking a language you understand, you can interpret what it’s saying by reading its lips. You have a +5 bonus to your passive Wisdom (Perception) and passive Intelligence (Investigation) scores.",
    "prerequisites": [],
    "choiceOptions": [
        {
            "id": "observant-ability-choice",
            "label": "Increase Intelligence or Wisdom by 1",
            "type": "ability",
            "count": 1,
            "from": ["INTELLIGENCE", "WISDOM"]
        }
    ],
    "effects": [
        {
            "type": "special_ability",
            "name": "Lip Reading",
            "description": "If you can see a creature’s mouth while it is speaking a language you understand, you can interpret what it’s saying by reading its lips."
        },
        {
            "type": "bonus",
            "to": "passive_perception",
            "value": 5
        },
        {
            "type": "bonus",
            "to": "passive_investigation",
            "value": 5
        }
    ]
}
