{
    "id": "polearm-master",
    "name": "Polearm Master",
    "description": "You gain the following benefits: When you take the Attack action and attack with only a glaive, halberd, quarterstaff, or spear, you can use a bonus action to make a melee attack with the opposite end of the weapon. This attack uses the same ability modifier as the primary attack. The weapon’s damage die for this attack is a d4, and it deals bludgeoning damage. While you are wielding a glaive, halberd, pike, quarterstaff, or spear, other creatures provoke an opportunity attack from you when they enter the reach you have with that weapon.",
    "prerequisites": [],
    "effects": [
        {
            "type": "grant_action",
            "name": "Polearm Butt Attack",
            "actionType": "bonus",
            "description": "When you take the Attack action with certain polearms, you can use a bonus action to make a d4 bludgeoning melee attack with the opposite end."
        },
        {
            "type": "special_ability",
            "name": "Polearm Opportunity Attack",
            "description": "While wielding certain polearms, creatures provoke an opportunity attack from you when they enter your reach."
        }
    ]
}
