{
    "id": "resilient",
    "name": "Resilient",
    "description": "Choose one ability score. You gain the following benefits: Increase the chosen ability score by 1, to a maximum of 20. You gain proficiency in saving throws using the chosen ability.",
    "prerequisites": [],
    "choiceOptions": [
        { 
            "id": "resilient-ability", 
            "label": "Choose an ability score", 
            "type": "ability", 
            "count": 1, 
            "from": ["STRENGTH", "DEXTERITY", "CONSTITUTION", "INTELLIGENCE", "WISDOM", "CHARISMA"] 
        }
    ]
}
