
{ 
    "id": "guild-artisan", 
    "name": "Guild Artisan", 
    "source": "Player's Handbook",
    "description": "You are a member of an artisan's guild, skilled in a particular field and closely associated with other artisans. You are a well-established part of the mercantile world.",
    "startingGold": 15,
    "feature": {
        "name": "Guild Membership",
        "description": "As an established and respected member of a guild, you can rely on certain benefits. Your fellow guild members will provide you with lodging and food if necessary, and pay for your funeral if needed. You can also gain access to powerful political figures through the guild.",
        "effects": [{ "type": "special_ability", "name": "Guild Membership" }]
    },
    "traits": [
        {
            "id": "guild-artisan-proficiencies",
            "name": "Skill Proficiencies",
            "description": "You gain proficiency in the Insight and Persuasion skills.",
            "effects": [
                { "type": "proficiency", "proficiencyType": "skill", "options": ["insight", "persuasion"], "count": 2 }
            ]
        },
        {
            "id": "guild-artisan-tools",
            "name": "Tool & Language Proficiencies",
            "description": "You gain proficiency with one type of artisan's tools and learn one language of your choice.",
            "choiceOptions": [
                {
                    "id": "guild-artisan-tool-choice",
                    "label": "Choose one type of artisan's tools",
                    "type": "tool",
                    "count": 1,
                    "from": "any"
                },
                {
                    "id": "guild-artisan-language-choice",
                    "label": "Choose one language",
                    "type": "language",
                    "count": 1,
                    "from": "any"
                }
            ]
        }
    ]
}
