
{ 
    "id": "outlander", 
    "name": "Outlander", 
    "source": "Player's Handbook",
    "description": "You grew up in the wilds, far from civilization and the comforts of town and technology. You are a master of navigating the wilderness and surviving off the land.",
    "startingGold": 10,
    "feature": {
        "name": "Wanderer",
        "description": "You have an excellent memory for maps and geography, and you can always recall the general layout of terrain, settlements, and other features around you. In addition, you can find food and fresh water for yourself and up to five other people each day, provided that the land offers berries, small game, water, and so forth.",
        "effects": [{ "type": "special_ability", "name": "Wanderer" }]
    },
    "traits": [
        {
            "id": "outlander-proficiencies",
            "name": "Skill Proficiencies",
            "description": "You gain proficiency in the Athletics and Survival skills.",
            "effects": [
                { "type": "proficiency", "proficiencyType": "skill", "options": ["athletics", "survival"], "count": 2 }
            ]
        },
        {
            "id": "outlander-tools",
            "name": "Tool & Language Proficiencies",
            "description": "You gain proficiency with one type of musical instrument and one language of your choice.",
            "choiceOptions": [
                {
                    "id": "outlander-instrument-choice",
                    "label": "Choose a musical instrument",
                    "type": "tool",
                    "count": 1,
                    "from": "any"
                },
                {
                    "id": "outlander-language-choice",
                    "label": "Choose one language",
                    "type": "language",
                    "count": 1,
                    "from": "any"
                }
            ]
        }
    ]
}
