
[
  {
    "id": "pegasus",
    "name": "Pegasus",
    "size": "Large",
    "type": "Celestial",
    "alignment": "chaotic good",
    "ac": { "value": 12 },
    "hp": { "average": 59, "formula": "7d10 + 21" },
    "speed": { "walk": 60, "fly": 90 },
    "abilityScores": { "STRENGTH": 18, "DEXTERITY": 15, "CONSTITUTION": 16, "INTELLIGENCE": 10, "WISDOM": 15, "CHARISMA": 13 },
    "savingThrows": [
        { "ability": "DEXTERITY", "bonus": 4 },
        { "ability": "WISDOM", "bonus": 4 },
        { "ability": "CHARISMA", "bonus": 3 }
    ],
    "senses": { "passivePerception": 12 },
    "languages": ["understands Celestial, Common, Elvish, and Sylvan but can't speak"],
    "challengeRating": "2",
    "xp": 450,
    "actions": [
        {
            "name": "Hooves",
            "description": "Melee Weapon Attack: +6 to hit, reach 5 ft., one target. Hit: 11 (2d6 + 4) bludgeoning damage.",
            "attackBonus": 6,
            "damageParts": [{ "dice": "2d6", "bonus": 4, "type": "bludgeoning" }]
        }
    ],
    "archetype": "skirmisher"
  },
  {
    "id": "couatl",
    "name": "Couatl",
    "size": "Medium",
    "type": "Celestial",
    "alignment": "lawful good",
    "ac": { "value": 19, "type": "natural armor" },
    "hp": { "average": 97, "formula": "13d8 + 39" },
    "speed": { "walk": 30, "fly": 90 },
    "abilityScores": { "STRENGTH": 16, "DEXTERITY": 20, "CONSTITUTION": 17, "INTELLIGENCE": 18, "WISDOM": 20, "CHARISMA": 18 },
    "savingThrows": [{"ability": "CON", "bonus": 5}, {"ability": "WIS", "bonus": 7}, {"ability": "CHA", "bonus": 6}],
    "damageResistances": ["radiant"],
    "damageImmunities": ["psychic", "bludgeoning, piercing, and slashing from nonmagical attacks"],
    "senses": { "truesight": 120, "passivePerception": 15 },
    "languages": ["all", "telepathy 120 ft."],
    "challengeRating": "4",
    "xp": 1100,
    "specialTraits": [
        { "name": "Innate Spellcasting", "description": "The couatl's innate spellcasting ability is Charisma (spell save DC 14). It can innately cast the following spells, requiring no material components: At will: detect evil and good, detect magic, detect thoughts; 3/day each: bless, create food and water, cure wounds (5th level), lesser restoration, protection from poison, sanctuary, shield; 1/day each: dream, greater restoration, scrying." },
        { "name": "Magic Weapons", "description": "The couatl's weapon attacks are magical." },
        { "name": "Shielded Mind", "description": "The couatl is immune to scrying and to any effect that would sense its emotions, read its thoughts, or locate it." }
    ],
    "actions": [
        { 
            "name": "Bite", 
            "description": "Melee Weapon Attack: +8 to hit, reach 5 ft., one creature. Hit: 8 (1d6 + 5) piercing damage. On a hit, the target must succeed on a DC 13 Constitution saving throw or be poisoned for 24 hours. Until this poison ends, the target is unconscious. Another creature can use an action to shake the target awake.", 
            "attackBonus": 8, 
            "damageParts": [{ "dice": "1d6", "bonus": 5, "type": "piercing" }],
            "onHitEffects": [{ "type": "saving_throw", "ability": "CONSTITUTION", "dc": 13, "effectOnFail": { "type": "apply_condition", "condition": "poisoned", "duration": "24_hours" } }]
        },
        { 
            "name": "Constrict", 
            "description": "Melee Weapon Attack: +6 to hit, reach 10 ft., one Medium or smaller creature. Hit: 10 (2d6 + 3) bludgeoning damage, and the target is grappled (escape DC 15). Until this grapple ends, the target is restrained, and the couatl can't constrict another target.", 
            "attackBonus": 6, 
            "damageParts": [{ "dice": "2d6", "bonus": 3, "type": "bludgeoning" }] 
        },
        { "name": "Change Shape", "description": "The couatl magically polymorphs into a humanoid or beast that has a challenge rating equal to or less than its own, or back into its true form. It reverts to its true form if it dies. Any equipment it is wearing or carrying is absorbed or borne by the new form (the couatl's choice). In a new form, the couatl retains its game statistics and ability to speak, but its AC, movement modes, Strength, Dexterity, and other actions are replaced by those of the new form, and it gains any statistics and capabilities (except class features, legendary actions, and lair actions) that the new form has but that it lacks." }
    ],
    "archetype": "controller"
  }
]
