
[
  {
    "id": "fire-elemental",
    "name": "Fire Elemental",
    "size": "Large",
    "type": "Elemental",
    "alignment": "true neutral",
    "ac": { "value": 13 },
    "hp": { "average": 102, "formula": "12d10 + 36" },
    "speed": { "walk": 50 },
    "abilityScores": { "STRENGTH": 10, "DEXTERITY": 17, "CONSTITUTION": 16, "INTELLIGENCE": 6, "WISDOM": 10, "CHARISMA": 7 },
    "damageResistances": ["bludgeoning, piercing, and slashing from nonmagical attacks"],
    "damageImmunities": ["fire", "poison"],
    "conditionImmunities": ["exhaustion", "grappled", "paralyzed", "petrified", "poisoned", "prone", "restrained", "unconscious"],
    "senses": { "darkvision": 60, "passivePerception": 10 },
    "languages": ["Ignan"],
    "challengeRating": "5",
    "xp": 1800,
    "specialTraits": [
        { "name": "Fire Form", "description": "The elemental can move through a space as narrow as 1 inch wide without squeezing. A creature that touches the elemental or hits it with a melee attack while within 5 feet of it takes 5 (1d10) fire damage. In addition, the elemental can enter a hostile creature's space and stop there. The first time it enters a creature's space on a turn, that creature takes 5 (1d10) fire damage and catches fire." },
        { "name": "Illumination", "description": "The elemental sheds bright light in a 30-foot radius and dim light for an additional 30 feet." },
        { "name": "Water Susceptibility", "description": "For every 5 feet the elemental moves in water, or for every gallon of water splashed on it, it takes 1 cold damage." }
    ],
    "actions": [
        {
            "name": "Multiattack",
            "description": "The elemental makes two touch attacks."
        },
        {
            "name": "Touch",
            "description": "Melee Weapon Attack: +6 to hit, reach 5 ft., one target. Hit: 10 (2d6 + 3) fire damage. If the target is a creature or a flammable object, it ignites.",
            "attackBonus": 6,
            "damageParts": [{ "dice": "2d6", "bonus": 3, "type": "fire" }]
        }
    ],
    "archetype": "skirmisher"
  },
  {
    "id": "water-elemental",
    "name": "Water Elemental",
    "size": "Large",
    "type": "Elemental",
    "alignment": "true neutral",
    "ac": { "value": 14, "type": "natural armor" },
    "hp": { "average": 114, "formula": "12d10 + 48" },
    "speed": { "walk": 30, "swim": 90 },
    "abilityScores": { "STRENGTH": 18, "DEXTERITY": 14, "CONSTITUTION": 18, "INTELLIGENCE": 5, "WISDOM": 10, "CHARISMA": 8 },
    "damageResistances": ["acid", "bludgeoning, piercing, and slashing from nonmagical attacks"],
    "damageImmunities": ["poison"],
    "conditionImmunities": ["exhaustion", "grappled", "paralyzed", "petrified", "poisoned", "prone", "restrained", "unconscious"],
    "senses": { "darkvision": 60, "passivePerception": 10 },
    "languages": ["Aquan"],
    "challengeRating": "5",
    "xp": 1800,
    "specialTraits": [
        { "name": "Water Form", "description": "The elemental can enter a hostile creature's space and stop there. It can move through a space as narrow as 1 inch wide without squeezing." },
        { "name": "Freeze", "description": "If the elemental takes cold damage, it partially freezes; its speed is reduced by 20 feet until the end of its next turn." }
    ],
    "actions": [
        { "name": "Multiattack", "description": "The elemental makes two slam attacks." },
        { "name": "Slam", "description": "Melee Weapon Attack: +7 to hit, reach 5 ft., one target. Hit: 13 (2d8 + 4) bludgeoning damage.", "attackBonus": 7, "damageParts": [{ "dice": "2d8", "bonus": 4, "type": "bludgeoning" }] },
        { 
            "name": "Whelm (Recharge 4-6)", 
            "description": "Each creature in the elemental's space must make a DC 15 Strength saving throw. On a failure, a target takes 13 (2d8 + 4) bludgeoning damage. If it is Large or smaller, it is also grappled (escape DC 14). Until this grapple ends, the target is restrained and unable to breathe unless it can breathe water. If the saving throw is successful, the target is pushed out of the elemental's space.",
            "usage": { "type": "recharge", "value": "4-6" },
            "savingThrow": { "ability": "STRENGTH", "dc": 15, "effect": "takes 13 (2d8+4) bludgeoning damage and is grappled (if Large or smaller)" }
        }
    ],
    "archetype": "brute"
  }
]
