
[
  {
    "id": "ogre",
    "name": "Ogre",
    "size": "Large",
    "type": "Giant",
    "alignment": "chaotic evil",
    "archetype": "brute",
    "ac": { "value": 11, "type": "hide armor" },
    "hp": { "average": 59, "formula": "7d10 + 21" },
    "speed": { "walk": 40 },
    "abilityScores": { "STRENGTH": 19, "DEXTERITY": 8, "CONSTITUTION": 16, "INTELLIGENCE": 5, "WISDOM": 7, "CHARISMA": 7 },
    "senses": { "darkvision": 60, "passivePerception": 8 },
    "languages": ["Common", "Giant"],
    "challengeRating": "2",
    "xp": 450,
    "actions": [
        {
            "name": "Greatclub",
            "description": "Melee Weapon Attack: +6 to hit, reach 5 ft., one target. Hit: 13 (2d8 + 4) bludgeoning damage.",
            "attackBonus": 6,
            "damageParts": [{ "dice": "2d8", "bonus": 4, "type": "bludgeoning" }]
        },
        {
            "name": "Javelin",
            "description": "Melee or Ranged Weapon Attack: +6 to hit, reach 5 ft. or range 30/120 ft., one target. Hit: 11 (2d6 + 4) piercing damage.",
            "attackBonus": 6,
            "damageParts": [{ "dice": "2d6", "bonus": 4, "type": "piercing" }]
        }
    ]
  },
  {
    "id": "frost-giant",
    "name": "Frost Giant",
    "size": "Huge",
    "type": "Giant",
    "alignment": "neutral evil",
    "archetype": "brute",
    "personalityTraits": ["brutish", "greedy", "arrogant"],
    "goals": ["plunder settlements for food and treasure", "prove its strength in battle"],
    "ac": { "value": 15, "type": "patchwork armor" },
    "hp": { "average": 138, "formula": "12d12 + 60" },
    "speed": { "walk": 40 },
    "abilityScores": { "STRENGTH": 23, "DEXTERITY": 9, "CONSTITUTION": 21, "INTELLIGENCE": 9, "WISDOM": 10, "CHARISMA": 12 },
    "savingThrows": [{"ability": "CON", "bonus": 8}, {"ability": "WIS", "bonus": 3}, {"ability": "CHA", "bonus": 4}],
    "skills": [{"skill": "athletics", "bonus": 9}, {"skill": "perception", "bonus": 3}],
    "damageImmunities": ["cold"],
    "senses": { "passivePerception": 13 },
    "languages": ["Giant"],
    "challengeRating": "8",
    "xp": 3900,
    "actions": [
        { "name": "Multiattack", "description": "The giant makes two greataxe attacks." },
        { "name": "Greataxe", "description": "Melee Weapon Attack: +9 to hit, reach 10 ft., one target. Hit: 25 (3d12 + 6) slashing damage.", "attackBonus": 9, "damageParts": [{ "dice": "3d12", "bonus": 6, "type": "slashing" }] },
        { "name": "Rock", "description": "Ranged Weapon Attack: +9 to hit, range 60/240 ft., one target. Hit: 28 (4d10 + 6) bludgeoning damage.", "attackBonus": 9, "damageParts": [{ "dice": "4d10", "bonus": 6, "type": "bludgeoning" }], "range": 60 }
    ]
  }
]
