
[
  {
    "id": "goblin",
    "name": "Goblin",
    "size": "Small",
    "type": "Humanoid",
    "tags": ["goblinoid"],
    "alignment": "neutral evil",
    "archetype": "follower",
    "ac": { "value": 15, "type": "leather armor, shield" },
    "hp": { "average": 7, "formula": "2d6" },
    "speed": { "walk": 30 },
    "abilityScores": { "STRENGTH": 8, "DEXTERITY": 14, "CONSTITUTION": 10, "INTELLIGENCE": 10, "WISDOM": 8, "CHARISMA": 8 },
    "skills": [{ "skill": "stealth", "bonus": 6 }],
    "senses": { "darkvision": 60, "passivePerception": 9 },
    "languages": ["Common", "Goblin"],
    "challengeRating": "1/4",
    "xp": 50,
    "specialTraits": [
        { "name": "Nimble Escape", "description": "The goblin can take the Disengage or Hide action as a bonus action on each of its turns." }
    ],
    "actions": [
        {
            "name": "Scimitar",
            "description": "Melee Weapon Attack: +4 to hit, reach 5 ft., one target. Hit: 5 (1d6 + 2) slashing damage.",
            "attackBonus": 4,
            "damageParts": [{ "dice": "1d6", "bonus": 2, "type": "slashing" }]
        },
        {
            "name": "Shortbow",
            "description": "Ranged Weapon Attack: +4 to hit, range 80/320 ft., one target. Hit: 5 (1d6 + 2) piercing damage.",
            "attackBonus": 4,
            "damageParts": [{ "dice": "1d6", "bonus": 2, "type": "piercing" }]
        }
    ]
  },
  {
    "id": "orc",
    "name": "Orc",
    "size": "Medium",
    "type": "Humanoid",
    "tags": ["orc"],
    "alignment": "chaotic evil",
    "archetype": "brute",
    "ac": { "value": 13, "type": "hide armor" },
    "hp": { "average": 15, "formula": "2d8 + 6" },
    "speed": { "walk": 30 },
    "abilityScores": { "STRENGTH": 16, "DEXTERITY": 12, "CONSTITUTION": 16, "INTELLIGENCE": 7, "WISDOM": 11, "CHARISMA": 10 },
    "skills": [{"skill": "intimidation", "bonus": 2}],
    "senses": { "darkvision": 60, "passivePerception": 10 },
    "languages": ["Common", "Orc"],
    "challengeRating": "1/2",
    "xp": 100,
    "specialTraits": [
        { "name": "Aggressive", "description": "As a bonus action on its turn, the orc can move up to its speed toward a hostile creature that it can see." }
    ],
    "actions": [
        { "name": "Greataxe", "description": "Melee Weapon Attack: +5 to hit, reach 5 ft., one target. Hit: 9 (1d12 + 3) slashing damage.", "attackBonus": 5, "damageParts": [{ "dice": "1d12", "bonus": 3, "type": "slashing" }] },
        { "name": "Javelin", "description": "Melee or Ranged Weapon Attack: +5 to hit, reach 5 ft. or range 30/120 ft., one target. Hit: 6 (1d6 + 3) piercing damage.", "attackBonus": 5, "damageParts": [{ "dice": "1d6", "bonus": 3, "type": "piercing" }] }
    ]
  },
  {
    "id": "bandit",
    "name": "Bandit",
    "size": "Medium",
    "type": "Humanoid",
    "tags": ["any race"],
    "alignment": "any non-lawful alignment",
    "archetype": "skirmisher",
    "ac": { "value": 12, "type": "leather armor" },
    "hp": { "average": 11, "formula": "2d8 + 2" },
    "speed": { "walk": 30 },
    "abilityScores": { "STRENGTH": 11, "DEXTERITY": 12, "CONSTITUTION": 12, "INTELLIGENCE": 10, "WISDOM": 10, "CHARISMA": 10 },
    "senses": { "passivePerception": 10 },
    "languages": ["any one language (usually Common)"],
    "challengeRating": "1/8",
    "xp": 25,
    "actions": [
        { "name": "Scimitar", "description": "Melee Weapon Attack: +3 to hit, reach 5 ft., one target. Hit: 4 (1d6 + 1) slashing damage.", "attackBonus": 3, "damageParts": [{ "dice": "1d6", "bonus": 1, "type": "slashing" }] },
        { "name": "Light Crossbow", "description": "Ranged Weapon Attack: +3 to hit, range 80/320 ft., one target. Hit: 5 (1d8 + 1) piercing damage.", "attackBonus": 3, "damageParts": [{ "dice": "1d8", "bonus": 1, "type": "piercing" }] }
    ]
  },
  {
    "id": "bugbear",
    "name": "Bugbear",
    "size": "Medium",
    "type": "Humanoid",
    "tags": ["goblinoid"],
    "alignment": "chaotic evil",
    "archetype": "brute",
    "ac": { "value": 16, "type": "hide armor, shield" },
    "hp": { "average": 27, "formula": "5d8 + 5" },
    "speed": { "walk": 30 },
    "abilityScores": { "STRENGTH": 15, "DEXTERITY": 14, "CONSTITUTION": 13, "INTELLIGENCE": 8, "WISDOM": 11, "CHARISMA": 9 },
    "skills": [{ "skill": "stealth", "bonus": 6 }, { "skill": "survival", "bonus": 2 }],
    "senses": { "darkvision": 60, "passivePerception": 10 },
    "languages": ["Common", "Goblin"],
    "challengeRating": "1",
    "xp": 200,
    "specialTraits": [
        { "name": "Brute", "description": "A melee weapon deals one extra die of its damage when the bugbear hits with it (included in the attack)." },
        { "name": "Surprise Attack", "description": "If the bugbear surprises a creature and hits it with an attack during the first round of combat, the target takes an extra 7 (2d6) damage from the attack." }
    ],
    "actions": [
        { "name": "Morningstar", "description": "Melee Weapon Attack: +4 to hit, reach 5 ft., one target. Hit: 11 (2d8 + 2) piercing damage.", "attackBonus": 4, "damageParts": [{ "dice": "2d8", "bonus": 2, "type": "piercing" }] },
        { "name": "Javelin", "description": "Melee or Ranged Weapon Attack: +4 to hit, reach 5 ft. or range 30/120 ft., one target. Hit: 9 (2d6 + 2) piercing damage in melee or 5 (1d6 + 2) piercing damage at range.", "attackBonus": 4, "damageParts": [{ "dice": "1d6", "bonus": 2, "type": "piercing" }] }
    ]
  },
  {
    "id": "gnoll",
    "name": "Gnoll",
    "size": "Medium",
    "type": "Humanoid",
    "tags": ["gnoll"],
    "alignment": "chaotic evil",
    "archetype": "brute",
    "ac": { "value": 15, "type": "hide armor, shield" },
    "hp": { "average": 22, "formula": "5d8" },
    "speed": { "walk": 30 },
    "abilityScores": { "STRENGTH": 14, "DEXTERITY": 12, "CONSTITUTION": 11, "INTELLIGENCE": 6, "WISDOM": 10, "CHARISMA": 7 },
    "senses": { "darkvision": 60, "passivePerception": 10 },
    "languages": ["Gnoll"],
    "challengeRating": "1/2",
    "xp": 100,
    "specialTraits": [
      { "name": "Rampage", "description": "When the gnoll reduces a creature to 0 hit points with a melee attack on its turn, the gnoll can take a bonus action to move up to half its speed and make a bite attack." }
    ],
    "actions": [
      { "name": "Bite", "description": "Melee Weapon Attack: +4 to hit, reach 5 ft., one creature. Hit: 4 (1d4 + 2) piercing damage.", "attackBonus": 4, "damageParts": [{ "dice": "1d4", "bonus": 2, "type": "piercing" }] },
      { "name": "Spear", "description": "Melee or Ranged Weapon Attack: +4 to hit, reach 5 ft. or range 20/60 ft., one target. Hit: 5 (1d6 + 2) piercing damage, or 6 (1d8 + 2) piercing damage if used with two hands to make a melee attack.", "attackBonus": 4, "damageParts": [{ "dice": "1d6", "bonus": 2, "type": "piercing" }] },
      { "name": "Longbow", "description": "Ranged Weapon Attack: +3 to hit, range 150/600 ft., one target. Hit: 5 (1d8 + 1) piercing damage.", "attackBonus": 3, "damageParts": [{ "dice": "1d8", "bonus": 1, "type": "piercing" }] }
    ]
  },
  {
    "id": "hobgoblin",
    "name": "Hobgoblin",
    "size": "Medium",
    "type": "Humanoid",
    "tags": ["goblinoid"],
    "alignment": "lawful evil",
    "archetype": "leader",
    "personalityTraits": ["disciplined", "arrogant"],
    "goals": ["eliminate the weakest target first to demoralize the enemy", "maintain formation"],
    "ac": { "value": 18, "type": "chain mail, shield" },
    "hp": { "average": 11, "formula": "2d8 + 2" },
    "speed": { "walk": 30 },
    "abilityScores": { "STRENGTH": 13, "DEXTERITY": 12, "CONSTITUTION": 12, "INTELLIGENCE": 10, "WISDOM": 10, "CHARISMA": 9 },
    "senses": { "darkvision": 60, "passivePerception": 10 },
    "languages": ["Common", "Goblin"],
    "challengeRating": "1/2",
    "xp": 100,
    "specialTraits": [
      { "name": "Martial Advantage", "description": "Once per turn, the hobgoblin can deal an extra 7 (2d6) damage to a creature it hits with a weapon attack if that creature is within 5 feet of an ally of the hobgoblin that isn't incapacitated." }
    ],
    "actions": [
      { "name": "Longsword", "description": "Melee Weapon Attack: +3 to hit, reach 5 ft., one target. Hit: 5 (1d8 + 1) slashing damage, or 6 (1d10 + 1) slashing damage if used with two hands.", "attackBonus": 3, "damageParts": [{ "dice": "1d8", "bonus": 1, "type": "slashing" }] },
      { "name": "Longbow", "description": "Ranged Weapon Attack: +3 to hit, range 150/600 ft., one target. Hit: 5 (1d8 + 1) piercing damage.", "attackBonus": 3, "damageParts": [{ "dice": "1d8", "bonus": 1, "type": "piercing" }] }
    ]
  }
]
