
[
  { "id": "aboleth", "name": "Aboleth", "type": "Aberration", "challengeRating": "10", "sourceFile": "aberrations.json", "iconId": "AberrationIcon" },
  { "id": "animated-armor", "name": "Animated Armor", "type": "Construct", "challengeRating": "1", "sourceFile": "constructs.json", "iconId": "ConstructIcon" },
  { "id": "balor", "name": "Balor", "type": "Fiend", "challengeRating": "19", "sourceFile": "fiends.json", "iconId": "FiendIcon" },
  { "id": "bandit", "name": "Bandit", "type": "Humanoid", "challengeRating": "1/8", "sourceFile": "humanoids.json", "iconId": "HumanoidIcon" },
  { "id": "black-dragon-wyrmling", "name": "Black Dragon Wyrmling", "type": "Dragon", "challengeRating": "2", "sourceFile": "dragons.json", "iconId": "DragonIcon" },
  { "id": "black-pudding", "name": "Black Pudding", "type": "Ooze", "challengeRating": "4", "sourceFile": "oozes.json", "iconId": "OozeIcon" },
  { "id": "bugbear", "name": "Bugbear", "type": "Humanoid", "challengeRating": "1", "sourceFile": "humanoids.json", "iconId": "HumanoidIcon" },
  { "id": "couatl", "name": "Couatl", "type": "Celestial", "challengeRating": "4", "sourceFile": "celestials.json", "iconId": "CelestialIcon" },
  { "id": "dryad", "name": "Dryad", "type": "Fey", "challengeRating": "1", "sourceFile": "fey.json", "iconId": "FeyIcon" },
  { "id": "fire-elemental", "name": "Fire Elemental", "type": "Elemental", "challengeRating": "5", "sourceFile": "elementals.json", "iconId": "ElementalIcon" },
  { "id": "flumph", "name": "Flumph", "type": "Aberration", "challengeRating": "1/8", "sourceFile": "aberrations.json", "iconId": "AberrationIcon" },
  { "id": "frost-giant", "name": "Frost Giant", "type": "Giant", "challengeRating": "8", "sourceFile": "giants.json", "iconId": "GiantIcon" },
  { "id": "gelatinous-cube", "name": "Gelatinous Cube", "type": "Ooze", "challengeRating": "2", "sourceFile": "oozes.json", "iconId": "OozeIcon" },
  { "id": "ghoul", "name": "Ghoul", "type": "Undead", "challengeRating": "1", "sourceFile": "undead.json", "iconId": "UndeadIcon" },
  { "id": "giant-boar", "name": "Giant Boar", "type": "Beast", "challengeRating": "2", "sourceFile": "beasts.json", "iconId": "BeastIcon" },
  { "id": "giant-wolf-spider", "name": "Giant Wolf Spider", "type": "Beast", "challengeRating": "1/4", "sourceFile": "beasts.json", "iconId": "BeastIcon" },
  { "id": "gnoll", "name": "Gnoll", "type": "Humanoid", "challengeRating": "1/2", "sourceFile": "humanoids.json", "iconId": "HumanoidIcon" },
  { "id": "goblin", "name": "Goblin", "type": "Humanoid", "challengeRating": "1/4", "sourceFile": "humanoids.json", "iconId": "HumanoidIcon" },
  { "id": "hobgoblin", "name": "Hobgoblin", "type": "Humanoid", "challengeRating": "1/2", "sourceFile": "humanoids.json", "iconId": "HumanoidIcon" },
  { "id": "hydra", "name": "Hydra", "type": "Monstrosity", "challengeRating": "8", "sourceFile": "monstrosities.json", "iconId": "MonstrosityIcon" },
  { "id": "imp", "name": "Imp", "type": "Fiend", "challengeRating": "1", "sourceFile": "fiends.json", "iconId": "FiendIcon" },
  { "id": "minotaur", "name": "Minotaur", "type": "Monstrosity", "challengeRating": "3", "sourceFile": "monstrosities.json", "iconId": "MonstrosityIcon" },
  { "id": "myconid-sovereign", "name": "Myconid Sovereign", "type": "Plant", "challengeRating": "2", "sourceFile": "plants.json", "iconId": "PlantIcon" },
  { "id": "ogre", "name": "Ogre", "type": "Giant", "challengeRating": "2", "sourceFile": "giants.json", "iconId": "GiantIcon" },
  { "id": "orc", "name": "Orc", "type": "Humanoid", "challengeRating": "1/2", "sourceFile": "humanoids.json", "iconId": "HumanoidIcon" },
  { "id": "owlbear", "name": "Owlbear", "type": "Monstrosity", "challengeRating": "3", "sourceFile": "monstrosities.json", "iconId": "MonstrosityIcon" },
  { "id": "pegasus", "name": "Pegasus", "type": "Celestial", "challengeRating": "2", "sourceFile": "celestials.json", "iconId": "CelestialIcon" },
  { "id": "pixie", "name": "Pixie", "type": "Fey", "challengeRating": "1/4", "sourceFile": "fey.json", "iconId": "FeyIcon" },
  { "id": "satyr", "name": "Satyr", "type": "Fey", "challengeRating": "1/2", "sourceFile": "fey.json", "iconId": "FeyIcon" },
  { "id": "shambling-mound", "name": "Shambling Mound", "type": "Plant", "challengeRating": "5", "sourceFile": "plants.json", "iconId": "PlantIcon" },
  { "id": "skeleton", "name": "Skeleton", "type": "Undead", "challengeRating": "1/4", "sourceFile": "undead.json", "iconId": "UndeadIcon" },
  { "id": "stone-golem", "name": "Stone Golem", "type": "Construct", "challengeRating": "10", "sourceFile": "constructs.json", "iconId": "ConstructIcon" },
  { "id": "tiger", "name": "Tiger", "type": "Beast", "challengeRating": "1", "sourceFile": "beasts.json", "iconId": "BeastIcon" },
  { "id": "water-elemental", "name": "Water Elemental", "type": "Elemental", "challengeRating": "5", "sourceFile": "elementals.json", "iconId": "ElementalIcon" },
  { "id": "wight", "name": "Wight", "type": "Undead", "challengeRating": "3", "sourceFile": "undead.json", "iconId": "UndeadIcon" },
  { "id": "wolf", "name": "Wolf", "type": "Beast", "challengeRating": "1/4", "sourceFile": "beasts.json", "iconId": "BeastIcon" },
  { "id": "young-red-dragon", "name": "Young Red Dragon", "type": "Dragon", "challengeRating": "10", "sourceFile": "dragons.json", "iconId": "DragonIcon" },
  { "id": "zombie", "name": "Zombie", "type": "Undead", "challengeRating": "1/4", "sourceFile": "undead.json", "iconId": "UndeadIcon" }
]
