
[
  {
    "id": "gelatinous-cube",
    "name": "Gelatinous Cube",
    "size": "Large",
    "type": "Ooze",
    "alignment": "unaligned",
    "ac": { "value": 6 },
    "hp": { "average": 84, "formula": "8d10 + 40" },
    "speed": { "walk": 15 },
    "abilityScores": { "STRENGTH": 14, "DEXTERITY": 3, "CONSTITUTION": 20, "INTELLIGENCE": 1, "WISDOM": 6, "CHARISMA": 1 },
    "conditionImmunities": ["blinded", "charmed", "deafened", "exhaustion", "frightened", "prone"],
    "senses": { "blindsight": 60, "passivePerception": 8 },
    "languages": [],
    "challengeRating": "2",
    "xp": 450,
    "specialTraits": [
        { "name": "Ooze Cube", "description": "The cube takes up its entire space. Other creatures can enter the space, but a creature that does so is subjected to the cube's Engulf and has disadvantage on the saving throw. Creatures inside the cube can be seen but have total cover." },
        { "name": "Transparent", "description": "Even when the cube is in plain sight, it takes a successful DC 15 Wisdom (Perception) check to spot a cube that has neither moved nor attacked." }
    ],
    "actions": [
        {
            "name": "Pseudopod",
            "description": "Melee Weapon Attack: +4 to hit, reach 5 ft., one creature. Hit: 10 (3d6) acid damage.",
            "attackBonus": 4,
            "damageParts": [{ "dice": "3d6", "bonus": 0, "type": "acid" }]
        },
        {
            "name": "Engulf",
            "description": "The cube moves up to its speed. While doing so, it can enter Large or smaller creatures' spaces. Whenever the cube enters a creature's space, the creature must make a DC 12 Dexterity saving throw. On a successful save, the creature can choose to be pushed 5 feet back or to the side of the cube. On a failed save, the cube enters the creature's space, and the creature takes 10 (3d6) acid damage and is engulfed.",
            "savingThrow": { "ability": "DEXTERITY", "dc": 12, "effect": "takes 10 (3d6) acid damage and is engulfed" }
        }
    ],
    "archetype": "brute"
  },
  {
    "id": "black-pudding",
    "name": "Black Pudding",
    "size": "Large",
    "type": "Ooze",
    "alignment": "unaligned",
    "ac": { "value": 7 },
    "hp": { "average": 85, "formula": "10d10 + 30" },
    "speed": { "walk": 20, "climb": 20 },
    "abilityScores": { "STRENGTH": 16, "DEXTERITY": 5, "CONSTITUTION": 16, "INTELLIGENCE": 1, "WISDOM": 6, "CHARISMA": 1 },
    "damageImmunities": ["acid", "cold", "lightning", "slashing"],
    "conditionImmunities": ["blinded", "charmed", "deafened", "exhaustion", "frightened", "prone"],
    "senses": { "blindsight": 60, "passivePerception": 8 },
    "languages": [],
    "challengeRating": "4",
    "xp": 1100,
    "specialTraits": [
        { "name": "Amorphous", "description": "The pudding can move through a space as narrow as 1 inch wide without squeezing." },
        { "name": "Corrosive Form", "description": "A creature that touches the pudding or hits it with a melee attack while within 5 feet of it takes 4 (1d8) acid damage. Any nonmagical weapon made of metal or wood that hits the pudding corrodes. After dealing damage, the weapon takes a permanent and cumulative -1 penalty to damage rolls. If its penalty drops to -5, the weapon is destroyed. Nonmagical ammunition made of metal or wood that hits the pudding is destroyed after dealing damage." },
        { "name": "Spider Climb", "description": "The pudding can climb difficult surfaces, including upside down on ceilings, without needing to make an ability check." }
    ],
    "actions": [
        { "name": "Pseudopod", "description": "Melee Weapon Attack: +5 to hit, reach 5 ft., one target. Hit: 6 (1d6 + 3) bludgeoning damage plus 18 (4d8) acid damage. In addition, nonmagical armor worn by the target is partly dissolved and takes a permanent and cumulative -1 penalty to the AC it offers. The armor is destroyed if the penalty reduces its AC to 10.", "attackBonus": 5, "damageParts": [{ "dice": "1d6", "bonus": 3, "type": "bludgeoning" }, { "dice": "4d8", "bonus": 0, "type": "acid" }] }
    ],
    "reactions": [
      { "name": "Split", "description": "When a pudding that is Medium or larger is subjected to lightning or slashing damage, it splits into two new puddings if it has at least 10 hit points. Each new pudding has hit points equal to half the original pudding's, rounded down. New puddings are one size smaller than the original pudding." }
    ],
    "archetype": "brute"
  }
]
