
[
  {
    "id": "shambling-mound",
    "name": "Shambling Mound",
    "size": "Large",
    "type": "Plant",
    "alignment": "unaligned",
    "ac": { "value": 15, "type": "natural armor" },
    "hp": { "average": 136, "formula": "16d10 + 48" },
    "speed": { "walk": 20, "swim": 20 },
    "abilityScores": { "STRENGTH": 18, "DEXTERITY": 8, "CONSTITUTION": 16, "INTELLIGENCE": 5, "WISDOM": 10, "CHARISMA": 5 },
    "skills": [{ "skill": "stealth", "bonus": 2 }],
    "damageResistances": ["cold", "fire"],
    "damageImmunities": ["lightning"],
    "conditionImmunities": ["blinded", "deafened", "exhaustion"],
    "senses": { "blindsight": 60, "passivePerception": 10 },
    "languages": [],
    "challengeRating": "5",
    "xp": 1800,
    "specialTraits": [
        { "name": "Lightning Absorption", "description": "Whenever the shambling mound is subjected to lightning damage, it takes no damage and regains a number of hit points equal to the lightning damage dealt." }
    ],
    "actions": [
        {
            "name": "Multiattack",
            "description": "The shambling mound makes two slam attacks."
        },
        {
            "name": "Slam",
            "description": "Melee Weapon Attack: +7 to hit, reach 5 ft., one target. Hit: 13 (2d8 + 4) bludgeoning damage.",
            "attackBonus": 7,
            "damageParts": [{ "dice": "2d8", "bonus": 4, "type": "bludgeoning" }]
        },
        {
            "name": "Engulf",
            "description": "The shambling mound engulfs a Medium or smaller creature grappled by it. The engulfed creature is blinded, restrained, and unable to breathe, and it must succeed on a DC 14 Constitution saving throw at the start of each of the mound's turns or take 13 (2d8 + 4) bludgeoning damage.",
            "savingThrow": { "ability": "CONSTITUTION", "dc": 14, "effect": "takes 13 (2d8 + 4) bludgeoning damage and is blinded, restrained, and unable to breathe" }
        }
    ],
    "archetype": "brute"
  },
  {
    "id": "myconid-sovereign",
    "name": "Myconid Sovereign",
    "size": "Large",
    "type": "Plant",
    "alignment": "lawful neutral",
    "ac": { "value": 13, "type": "natural armor" },
    "hp": { "average": 60, "formula": "8d10 + 16" },
    "speed": { "walk": 30 },
    "abilityScores": { "STRENGTH": 12, "DEXTERITY": 10, "CONSTITUTION": 14, "INTELLIGENCE": 13, "WISDOM": 15, "CHARISMA": 10 },
    "senses": { "darkvision": 120, "passivePerception": 12 },
    "languages": [],
    "challengeRating": "2",
    "xp": 450,
    "specialTraits": [
        { "name": "Distress Spores", "description": "When the myconid takes damage, all other myconids within 240 feet of it can sense its pain." },
        { "name": "Sun Sickness", "description": "While in sunlight, the myconid has disadvantage on ability checks, attack rolls, and saving throws. The myconid dies if it spends more than 1 hour in direct sunlight." }
    ],
    "actions": [
        { "name": "Multiattack", "description": "The myconid uses either its Hallucination Spores or its Pacifying Spores, then makes a fist attack." },
        { "name": "Fist", "description": "Melee Weapon Attack: +3 to hit, reach 5 ft., one target. Hit: 8 (3d4 + 1) bludgeoning damage plus 7 (2d6) poison damage.", "attackBonus": 3, "damageParts": [{ "dice": "3d4", "bonus": 1, "type": "bludgeoning" }, { "dice": "2d6", "bonus": 0, "type": "poison" }] },
        { 
            "name": "Hallucination Spores (Recharge 5-6)", 
            "description": "The myconid ejects spores at one creature it can see within 5 feet of it. The target must succeed on a DC 12 Constitution saving throw or be poisoned for 1 minute. The poisoned target is incapacitated while it hallucinates.",
            "usage": { "type": "recharge", "value": "5-6" },
            "savingThrow": { "ability": "CONSTITUTION", "dc": 12, "effect": "poisoned for 1 minute and incapacitated while it hallucinates" }
        },
        { 
            "name": "Pacifying Spores (Recharge 5-6)", 
            "description": "The myconid ejects spores at one creature it can see within 5 feet of it. The target must succeed on a DC 12 Constitution saving throw or be stunned for 1 minute.",
            "usage": { "type": "recharge", "value": "5-6" },
            "savingThrow": { "ability": "CONSTITUTION", "dc": 12, "effect": "stunned for 1 minute" }
        },
        { "name": "Animating Spores (3/Day)", "description": "The myconid targets one corpse of a humanoid or a Large or smaller beast within 5 feet of it and releases spores at the corpse. In 24 hours, the corpse rises as a spore servant." }
    ],
    "archetype": "controller"
  }
]
