
[
  {
    "id": "zombie",
    "name": "Zombie",
    "size": "Medium",
    "type": "Undead",
    "alignment": "neutral evil",
    "ac": { "value": 8 },
    "hp": { "average": 22, "formula": "3d8 + 9" },
    "speed": { "walk": 20 },
    "abilityScores": { "STRENGTH": 13, "DEXTERITY": 6, "CONSTITUTION": 16, "INTELLIGENCE": 3, "WISDOM": 6, "CHARISMA": 5 },
    "savingThrows": [ { "ability": "WISDOM", "bonus": 0 } ],
    "damageImmunities": ["poison"],
    "conditionImmunities": ["poisoned"],
    "senses": { "darkvision": 60, "passivePerception": 8 },
    "languages": ["understands the languages it knew in life but can't speak"],
    "challengeRating": "1/4",
    "xp": 50,
    "specialTraits": [
        {
            "name": "Undead Fortitude",
            "description": "If damage reduces the zombie to 0 hit points, it must make a Constitution saving throw with a DC of 5 + the damage taken, unless the damage is radiant or from a critical hit. On a success, the zombie drops to 1 hit point instead."
        }
    ],
    "actions": [
        {
            "name": "Slam",
            "description": "Melee Weapon Attack: +3 to hit, reach 5 ft., one target. Hit: 4 (1d6 + 1) bludgeoning damage.",
            "attackBonus": 3,
            "damageParts": [{ "dice": "1d6", "bonus": 1, "type": "bludgeoning" }]
        }
    ],
    "archetype": "brute"
  },
  {
    "id": "skeleton",
    "name": "Skeleton",
    "size": "Medium",
    "type": "Undead",
    "alignment": "lawful evil",
    "ac": { "value": 13, "type": "armor scraps" },
    "hp": { "average": 13, "formula": "2d8 + 4" },
    "speed": { "walk": 30 },
    "abilityScores": { "STRENGTH": 10, "DEXTERITY": 14, "CONSTITUTION": 15, "INTELLIGENCE": 6, "WISDOM": 8, "CHARISMA": 5 },
    "damageVulnerabilities": ["bludgeoning"],
    "damageImmunities": ["poison"],
    "conditionImmunities": ["exhaustion", "poisoned"],
    "senses": { "darkvision": 60, "passivePerception": 9 },
    "languages": ["understands all languages it knew in life but can't speak"],
    "challengeRating": "1/4",
    "xp": 50,
    "actions": [
        {
            "name": "Shortsword",
            "description": "Melee Weapon Attack: +4 to hit, reach 5 ft., one target. Hit: 5 (1d6 + 2) piercing damage.",
            "attackBonus": 4,
            "damageParts": [{ "dice": "1d6", "bonus": 2, "type": "piercing" }]
        },
        {
            "name": "Shortbow",
            "description": "Ranged Weapon Attack: +4 to hit, range 80/320 ft., one target. Hit: 5 (1d6 + 2) piercing damage.",
            "attackBonus": 4,
            "damageParts": [{ "dice": "1d6", "bonus": 2, "type": "piercing" }]
        }
    ],
    "archetype": "artillery"
  },
  {
    "id": "wight",
    "name": "Wight",
    "size": "Medium",
    "type": "Undead",
    "alignment": "neutral evil",
    "personalityTraits": ["hateful", "malevolent", "territorial"],
    "goals": ["slay all living creatures that enter its domain", "create more undead under its command"],
    "bonds": ["the location of its death or its former master's tomb"],
    "ac": { "value": 14, "type": "studded leather" },
    "hp": { "average": 45, "formula": "6d8 + 18" },
    "speed": { "walk": 30 },
    "abilityScores": { "STRENGTH": 15, "DEXTERITY": 14, "CONSTITUTION": 16, "INTELLIGENCE": 10, "WISDOM": 13, "CHARISMA": 15 },
    "skills": [{"skill": "perception", "bonus": 3}, {"skill": "stealth", "bonus": 4}],
    "damageResistances": ["necrotic", "bludgeoning, piercing, and slashing from nonmagical attacks not made with silvered weapons"],
    "damageImmunities": ["poison"],
    "conditionImmunities": ["exhaustion", "poisoned"],
    "senses": { "darkvision": 60, "passivePerception": 13 },
    "languages": ["the languages it knew in life"],
    "challengeRating": "3",
    "xp": 700,
    "specialTraits": [
        { "name": "Sunlight Sensitivity", "description": "While in sunlight, the wight has disadvantage on attack rolls, as well as on Wisdom (Perception) checks that rely on sight." }
    ],
    "actions": [
        { "name": "Multiattack", "description": "The wight makes two longsword attacks or two longbow attacks. It can use its Life Drain in place of one longsword attack." },
        { 
            "name": "Life Drain", 
            "description": "Melee Weapon Attack: +4 to hit, reach 5 ft., one creature. Hit: 5 (1d6 + 2) necrotic damage. The target must succeed on a DC 13 Constitution saving throw or its hit point maximum is reduced by an amount equal to the damage taken. This reduction lasts until the target finishes a long rest. The target dies if this effect reduces its hit point maximum to 0.", 
            "attackBonus": 4, 
            "damageParts": [{ "dice": "1d6", "bonus": 2, "type": "necrotic" }],
            "onHitEffects": [{ "type": "saving_throw", "ability": "CONSTITUTION", "dc": 13, "effectOnFail": { "type": "apply_condition", "condition": "hp_max_reduced" } }]
        },
        { "name": "Longsword", "description": "Melee Weapon Attack: +4 to hit, reach 5 ft., one target. Hit: 6 (1d8 + 2) slashing damage, or 7 (1d10 + 2) slashing damage if used with two hands.", "attackBonus": 4, "damageParts": [{ "dice": "1d8", "bonus": 2, "type": "slashing" }] },
        { "name": "Longbow", "description": "Ranged Weapon Attack: +4 to hit, range 150/600 ft., one target. Hit: 6 (1d8 + 2) piercing damage.", "attackBonus": 4, "damageParts": [{ "dice": "1d8", "bonus": 2, "type": "piercing" }] }
    ],
    "archetype": "brute"
  },
  {
    "id": "ghoul",
    "name": "Ghoul",
    "size": "Medium",
    "type": "Undead",
    "alignment": "chaotic evil",
    "ac": { "value": 12 },
    "hp": { "average": 22, "formula": "5d8" },
    "speed": { "walk": 30 },
    "abilityScores": { "STRENGTH": 13, "DEXTERITY": 15, "CONSTITUTION": 10, "INTELLIGENCE": 7, "WISDOM": 10, "CHARISMA": 6 },
    "damageImmunities": ["poison"],
    "conditionImmunities": ["charmed", "exhaustion", "poisoned"],
    "senses": { "darkvision": 60, "passivePerception": 10 },
    "languages": ["Common"],
    "challengeRating": "1",
    "xp": 200,
    "actions": [
        { "name": "Bite", "description": "Melee Weapon Attack: +2 to hit, reach 5 ft., one creature. Hit: 9 (2d6 + 2) piercing damage.", "attackBonus": 2, "damageParts": [{ "dice": "2d6", "bonus": 2, "type": "piercing" }] },
        {
            "name": "Claws",
            "description": "Melee Weapon Attack: +4 to hit, reach 5 ft., one target. Hit: 7 (2d4 + 2) slashing damage. If the target is a creature other than an elf or undead, it must succeed on a DC 10 Constitution saving throw or be paralyzed for 1 minute. The target can repeat the saving throw at the end of each of its turns, ending the effect on itself on a success.",
            "attackBonus": 4,
            "damageParts": [{ "dice": "2d4", "bonus": 2, "type": "slashing" }],
            "onHitEffects": [{
                "type": "saving_throw",
                "ability": "CONSTITUTION",
                "dc": 10,
                "effectOnFail": {
                    "type": "apply_condition",
                    "condition": "paralyzed",
                    "duration": "1_minute"
                }
            }]
        }
    ],
    "archetype": "brute"
  }
]
