
{
    "id": "aasimar-fallen",
    "name": "Fallen Aasimar",
    "source": "Volo's Guide to Monsters",
    "iconUrl": "https://picsum.photos/seed/aasimar-fallen/64/64",
    "creatureType": "Humanoid",
    "description": "An aasimar who was touched by dark powers as a youth or who turns to evil in early adulthood can become one of the fallen — a group of aasimar whose inner light has been replaced by shadow.",
    "traits": [
        { "id": "aasimar-base-asi", "name": "Ability Score Increase", "description": "Your Charisma score increases by 2.", "effects": [{ "type": "ability_score_increase", "abilities": ["CHARISMA"], "count": 1, "value": 2 }] },
        { "id": "aasimar-speed", "name": "Speed", "description": "Your base walking speed is 30 feet.", "effects": [{ "type": "set_base_speed", "value": 30 }] },
        { "id": "darkvision", "name": "Darkvision", "description": "You can see in dim light within 60 feet of you as if it were bright light, and in darkness as if it were dim light.", "effects": [{ "type": "special_ability", "name": "Darkvision (60 ft.)" }] },
        { "id": "celestial-resistance", "name": "Celestial Resistance", "description": "You have resistance to necrotic damage and radiant damage.", "effects": [{ "type": "resistance", "damageType": "necrotic" }, { "type": "resistance", "damageType": "radiant" }] },
        { "id": "healing-hands", "name": "Healing Hands", "description": "As an action, you can touch a creature and cause it to regain a number of hit points equal to your level. Once you use this trait, you can’t use it again until you finish a long rest.", "effects": [{ "type": "grant_action", "name": "Healing Hands" }] },
        { "id": "light-bearer", "name": "Light Bearer", "description": "You know the Light cantrip. Charisma is your spellcasting ability for it.", "effects": [{ "type": "innate_spellcasting", "ability": "CHARISMA", "spells": [{ "id": "light", "frequency": "at-will" }] }] },
        { "id": "fallen-aasimar-asi", "name": "Ability Score Increase", "description": "Your Strength score increases by 1.", "effects": [{ "type": "ability_score_increase", "abilities": ["STRENGTH"], "count": 1, "value": 1 }] },
        { "id": "necrotic-shroud", "name": "Necrotic Shroud", "description": "Starting at 3rd level, you can use your action to transform, causing your eyes to turn into pools of darkness and two skeletal, ghostly wings to sprout from your back. For 1 minute, you can cause a creature to become frightened of you. In addition, once on each of your turns, you can deal extra necrotic damage to one target when you deal damage to it with an attack or a spell. The extra necrotic damage equals your level. Once you use this trait, you can’t use it again until you finish a long rest.", "effects": [{ "type": "grant_action", "name": "Necrotic Shroud" }] }
    ]
}
