{
    "id": "bugbear",
    "name": "Bugbear",
    "source": "Volo's Guide to Monsters p.119",
    "iconUrl": "https://picsum.photos/seed/bugbear/64/64",
    "creatureType": "Humanoid",
    "description": "Bugbears are hairy goblinoids born for battle and mayhem. They survive by raiding and hunting, but are fond of setting ambushes and fleeing when outmatched.",
    "traits": [
        {
            "id": "bugbear-ability-score-increase",
            "name": "Ability Score Increase",
            "description": "Your Strength score increases by 2, and your Dexterity score increases by 1.",
            "effects": [
                { "type": "ability_score_increase", "abilities": ["STRENGTH"], "count": 1, "value": 2 },
                { "type": "ability_score_increase", "abilities": ["DEXTERITY"], "count": 1, "value": 1 }
            ]
        },
        { "id": "bugbear-speed", "name": "Speed", "description": "Your base walking speed is 30 feet.", "effects": [{ "type": "set_base_speed", "value": 30 }] },
        { "id": "darkvision", "name": "Darkvision", "description": "You can see in dim light within 60 feet of you as if it were bright light, and in darkness as if it were dim light.", "effects": [{ "type": "special_ability", "name": "Darkvision (60 ft.)" }] },
        { "id": "long-limbed", "name": "Long-Limbed", "description": "When you make a melee attack on your turn, your reach for it is 5 feet greater than normal.", "effects": [{ "type": "reach_bonus", "value": 5, "condition": "on your turn with melee attacks" }] },
        { "id": "powerful-build", "name": "Powerful Build", "description": "You count as one size larger when determining your carrying capacity and the weight you can push, drag, or lift.", "effects": [{ "type": "special_ability", "name": "Powerful Build" }] },
        { "id": "sneaky", "name": "Sneaky", "description": "You are proficient in the Stealth skill.", "effects": [{ "type": "proficiency", "proficiencyType": "skill", "options": ["stealth"], "count": 1 }] },
        {
            "id": "surprise-attack",
            "name": "Surprise Attack",
            "description": "If you surprise a creature and hit it with an attack on your first turn in combat, the attack deals an extra 2d6 damage to it. You can use this trait only once per combat.",
            "effects": [{ "type": "bonus_damage", "value": "2d6", "condition": "on first turn of combat against surprised creature" }]
        }
    ]
}
