
{
    "id": "centaur",
    "name": "Centaur",
    "source": "Guildmasters' Guide to Ravnica",
    "iconUrl": "https://picsum.photos/seed/centaur/64/64",
    "creatureType": "Fey",
    "description": "Centaurs are roamers and travelers, at home in the wild plains and forests. They possess the upper body of a humanoid and the lower body of a horse.",
    "traits": [
        {
            "id": "centaur-asi",
            "name": "Ability Score Increase",
            "description": "Your Strength score increases by 2, and your Wisdom score increases by 1.",
            "effects": [
                { "type": "ability_score_increase", "abilities": ["STRENGTH"], "count": 1, "value": 2 },
                { "type": "ability_score_increase", "abilities": ["WISDOM"], "count": 1, "value": 1 }
            ]
        },
        { "id": "centaur-speed", "name": "Speed", "description": "Your base walking speed is 40 feet.", "effects": [{ "type": "set_base_speed", "value": 40 }] },
        { "id": "centaur-charge", "name": "Charge", "description": "If you move at least 30 feet in a straight line toward a target and then hit it with a melee weapon attack on the same turn, you can immediately follow that attack with a bonus action, making one attack against the target with your hooves.", "effects": [{ "type": "grant_action", "name": "Charge" }] },
        { "id": "centaur-hooves", "name": "Hooves", "description": "Your hooves are natural melee weapons, which you can use to make unarmed strikes. If you hit with them, you deal bludgeoning damage equal to 1d4 + your Strength modifier.", "effects": [{ "type": "natural_weapon", "name": "Hooves", "damageDice": "1d4", "damageType": "bludgeoning" }] },
        { "id": "centaur-equine-build", "name": "Equine Build", "description": "You count as one size larger when determining your carrying capacity and the weight you can push, drag, or lift. In addition, any climb that requires hands and feet is especially difficult for you because of your equine legs. When you make such a climb, each foot of movement costs you 4 extra feet, instead of the normal 1 extra foot.", "effects": [{ "type": "special_ability", "name": "Equine Build" }] },
        { "id": "centaur-survivor", "name": "Survivor", "description": "You have proficiency in the Survival skill.", "effects": [{ "type": "proficiency", "proficiencyType": "skill", "options": ["survival"], "count": 1 }] }
    ]
}
