
{
    "id": "dragonborn-copper",
    "name": "Copper Dragonborn",
    "source": "Player's Handbook",
    "iconUrl": "https://picsum.photos/seed/dragonborn-copper/64/64",
    "creatureType": "Humanoid",
    "description": "Dragonborn look very much like dragons standing erect in humanoid form, though they lack wings or a tail. Copper dragonborn are known for their love of pranks, jokes, and riddles, and have a connection to acid.",
    "traits": [
        { "id": "dragonborn-base-asi", "name": "Ability Score Increase", "description": "Your Strength score increases by 2, and your Charisma score increases by 1.", "effects": [{ "type": "ability_score_increase", "abilities": ["STRENGTH"], "count": 1, "value": 2 }, { "type": "ability_score_increase", "abilities": ["CHARISMA"], "count": 1, "value": 1 }] },
        { "id": "dragonborn-speed", "name": "Speed", "description": "Your base walking speed is 30 feet.", "effects": [{ "type": "set_base_speed", "value": 30 }] },
        { "id": "draconic-ancestry-copper", "name": "Draconic Ancestry", "description": "You have a copper dragon ancestor, granting you a corrosive breath weapon and resistance to acid." },
        { "id": "breath-weapon-copper", "name": "Breath Weapon", "description": "You can use your action to exhale destructive energy. It deals acid damage in a 5 by 30 ft. line. Each creature in the area must make a Dexterity saving throw (DC 8 + CON mod + prof bonus), taking 2d6 damage on a failed save, and half on a success. This damage increases at higher levels. You can't use this again until you finish a short or long rest.", "effects": [{ "type": "grant_action", "name": "Acid Breath" }] },
        { "id": "damage-resistance-copper", "name": "Damage Resistance", "description": "You have resistance to acid damage.", "effects": [{ "type": "resistance", "damageType": "acid" }] }
    ]
}
