
{
    "id": "genasi-air",
    "name": "Air Genasi",
    "source": "Elemental Evil Player's Companion",
    "iconUrl": "https://picsum.photos/seed/genasi-air/64/64",
    "creatureType": "Humanoid",
    "description": "Air genasi are descended from djinn, the genies of the Elemental Plane of Air. They are often whimsical and independent, with a connection to the wind and sky.",
    "traits": [
        { "id": "genasi-base-asi", "name": "Ability Score Increase", "description": "Your Constitution score increases by 2.", "effects": [{ "type": "ability_score_increase", "abilities": ["CONSTITUTION"], "count": 1, "value": 2 }] },
        { "id": "air-genasi-asi", "name": "Ability Score Increase", "description": "Your Dexterity score increases by 1.", "effects": [{ "type": "ability_score_increase", "abilities": ["DEXTERITY"], "count": 1, "value": 1 }] },
        { "id": "genasi-speed", "name": "Speed", "description": "Your base walking speed is 30 feet.", "effects": [{ "type": "set_base_speed", "value": 30 }] },
        { "id": "unending-breath", "name": "Unending Breath", "description": "You can hold your breath indefinitely while you’re not incapacitated.", "effects": [{ "type": "special_ability", "name": "Unending Breath" }] },
        { "id": "mingle-with-the-wind", "name": "Mingle with the Wind", "description": "You can cast the Levitate spell once with this trait, requiring no material components, and you regain the ability to cast it this way when you finish a long rest. Constitution is your spellcasting ability for this spell.", "effects": [{ "type": "innate_spellcasting", "ability": "CONSTITUTION", "spells": [{ "id": "levitate", "levelRequirement": 3, "frequency": "1/long_rest" }] }] }
    ]
}
