
{
    "id": "gnome-forest",
    "name": "Forest Gnome",
    "source": "Player's Handbook p.37",
    "iconUrl": "https://picsum.photos/seed/gnome-forest/64/64",
    "creatureType": "Humanoid",
    "description": "Forest gnomes have a natural knack for illusion and stealth. They live in hidden communities in sylvan forests, using their magic and affinity for small animals to conceal themselves from threats.",
    "traits": [
        { "id": "gnome-base-asi", "name": "Ability Score Increase", "description": "Your Intelligence score increases by 2.", "effects": [{ "type": "ability_score_increase", "abilities": ["INTELLIGENCE"], "count": 1, "value": 2 }] },
        { "id": "gnome-speed", "name": "Speed", "description": "Your base walking speed is 25 feet.", "effects": [{ "type": "set_base_speed", "value": 25 }] },
        { "id": "darkvision", "name": "Darkvision", "description": "You can see in dim light within 60 feet of you as if it were bright light, and in darkness as if it were dim light.", "effects": [{ "type": "special_ability", "name": "Darkvision (60 ft.)" }] },
        { "id": "gnome-cunning", "name": "Gnome Cunning", "description": "You have advantage on all Intelligence, Wisdom, and Charisma saving throws against magic.", "effects": [{ "type": "advantage", "on": "saving_throw", "ability": "INTELLIGENCE", "condition": "against magic" }, { "type": "advantage", "on": "saving_throw", "ability": "WISDOM", "condition": "against magic" }, { "type": "advantage", "on": "saving_throw", "ability": "CHARISMA", "condition": "against magic" }] },
        { "id": "forest-gnome-asi", "name": "Ability Score Increase", "description": "Your Dexterity score increases by 1.", "effects": [{ "type": "ability_score_increase", "abilities": ["DEXTERITY"], "count": 1, "value": 1 }] },
        { "id": "natural-illusionist", "name": "Natural Illusionist", "description": "You know the Minor Illusion cantrip. Intelligence is your spellcasting ability for it.", "effects": [{ "type": "innate_spellcasting", "ability": "INTELLIGENCE", "spells": [{ "id": "minor-illusion", "frequency": "at-will" }] }] },
        { "id": "speak-with-small-beasts", "name": "Speak with Small Beasts", "description": "Through sounds and gestures, you can communicate simple ideas with Small or smaller beasts.", "effects": [{ "type": "special_ability", "name": "Speak with Small Beasts" }] }
    ]
}
