
{
    "id": "goblin",
    "name": "Goblin",
    "source": "Volo's Guide to Monsters",
    "iconUrl": "https://picsum.photos/seed/goblin/64/64",
    "creatureType": "Humanoid",
    "description": "Goblins are small, black-hearted humanoids that lair in caves, abandoned mines, despoiled dungeons, and other dismal settings. They are cowardly and will flee from a fight that they can't win.",
    "traits": [
        {
            "id": "goblin-asi",
            "name": "Ability Score Increase",
            "description": "Your Dexterity score increases by 2, and your Constitution score increases by 1.",
            "effects": [
                { "type": "ability_score_increase", "abilities": ["DEXTERITY"], "count": 1, "value": 2 },
                { "type": "ability_score_increase", "abilities": ["CONSTITUTION"], "count": 1, "value": 1 }
            ]
        },
        { "id": "goblin-speed", "name": "Speed", "description": "Your base walking speed is 30 feet.", "effects": [{ "type": "set_base_speed", "value": 30 }] },
        { "id": "darkvision", "name": "Darkvision", "description": "You can see in dim light within 60 feet of you as if it were bright light, and in darkness as if it were dim light.", "effects": [{ "type": "special_ability", "name": "Darkvision (60 ft.)" }] },
        { "id": "fury-of-the-small", "name": "Fury of the Small", "description": "When you damage a creature with an attack or a spell and the creature's size is larger than yours, you can cause the attack or spell to deal extra damage to the creature. The extra damage equals your level. Once you use this trait, you can’t use it again until you finish a short or long rest.", "effects": [{ "type": "bonus_damage", "value": "level", "condition": "against a creature larger than you (once per short rest)" }] },
        { "id": "nimble-escape", "name": "Nimble Escape", "description": "You can take the Disengage or Hide action as a bonus action on each of your turns.", "effects": [{ "type": "grant_action", "name": "Nimble Escape" }] }
    ]
}
