
{
    "id": "half-elf",
    "name": "Half-Elf",
    "source": "Player's Handbook p.38",
    "iconUrl": "https://picsum.photos/seed/half-elf/64/64",
    "creatureType": "Humanoid",
    "description": "Walking in two worlds but truly belonging to neither, half-elves combine what some say are the best qualities of their elf and human parents.",
    "traits": [
        { "id": "half-elf-base-asi", "name": "Ability Score Increase", "description": "Your Charisma score increases by 2, and two other ability scores of your choice increase by 1.", "effects": [{ "type": "ability_score_increase", "abilities": ["CHARISMA"], "count": 1, "value": 2 }], "choiceOptions": [{ "id": "half-elf-asi-choice", "label": "Choose two other ability scores to increase by 1", "type": "ability", "count": 2, "from": ["STRENGTH", "DEXTERITY", "CONSTITUTION", "INTELLIGENCE", "WISDOM"] }] },
        { "id": "half-elf-speed", "name": "Speed", "description": "Your base walking speed is 30 feet.", "effects": [{ "type": "set_base_speed", "value": 30 }] },
        { "id": "darkvision", "name": "Darkvision", "description": "You can see in dim light within 60 feet of you as if it were bright light, and in darkness as if it were dim light.", "effects": [{ "type": "special_ability", "name": "Darkvision (60 ft.)" }] },
        { "id": "fey-ancestry", "name": "Fey Ancestry", "description": "You have advantage on saving throws against being charmed, and magic can’t put you to sleep.", "effects": [ { "type": "advantage", "on": "saving_throw", "condition": "against being charmed" }, { "type": "immunity", "to": "magical_sleep" } ] },
        { "id": "skill-versatility", "name": "Skill Versatility", "description": "You gain proficiency in two skills of your choice.", "choiceOptions": [{ "id": "half-elf-skill-choice", "label": "Choose two skills", "type": "skill", "count": 2, "from": "any" }] }
    ]
}
