[
    { "id": "aarakocra", "name": "Aarakocra", "group": "Exotic", "source": "EEPC", "iconUrl": "https://picsum.photos/seed/aarakocra/64/64" },
    { "id": "aasimar-protector", "name": "Protector Aasimar", "group": "Aasimar", "source": "VGM", "iconUrl": "https://picsum.photos/seed/aasimar-protector/64/64" },
    { "id": "aasimar-scourge", "name": "Scourge Aasimar", "group": "Aasimar", "source": "VGM", "iconUrl": "https://picsum.photos/seed/aasimar-scourge/64/64" },
    { "id": "aasimar-fallen", "name": "Fallen Aasimar", "group": "Aasimar", "source": "VGM", "iconUrl": "https://picsum.photos/seed/aasimar-fallen/64/64" },
    { "id": "bugbear", "name": "Bugbear", "group": "Goblinoid", "source": "VGM", "iconUrl": "https://picsum.photos/seed/bugbear/64/64" },
    { "id": "centaur", "name": "Centaur", "group": "Exotic", "source": "GGR", "iconUrl": "https://picsum.photos/seed/centaur/64/64" },
    { "id": "changeling", "name": "Changeling", "group": "Exotic", "source": "E:RFTLW", "iconUrl": "https://picsum.photos/seed/changeling/64/64" },
    { "id": "dragonborn-black", "name": "Black Dragonborn", "group": "Dragonborn", "source": "PHB", "iconUrl": "https://picsum.photos/seed/dragonborn-black/64/64" },
    { "id": "dragonborn-blue", "name": "Blue Dragonborn", "group": "Dragonborn", "source": "PHB", "iconUrl": "https://picsum.photos/seed/dragonborn-blue/64/64" },
    { "id": "dragonborn-brass", "name": "Brass Dragonborn", "group": "Dragonborn", "source": "PHB", "iconUrl": "https://picsum.photos/seed/dragonborn-brass/64/64" },
    { "id": "dragonborn-bronze", "name": "Bronze Dragonborn", "group": "Dragonborn", "source": "PHB", "iconUrl": "https://picsum.photos/seed/dragonborn-bronze/64/64" },
    { "id": "dragonborn-copper", "name": "Copper Dragonborn", "group": "Dragonborn", "source": "PHB", "iconUrl": "https://picsum.photos/seed/dragonborn-copper/64/64" },
    { "id": "dragonborn-gold", "name": "Gold Dragonborn", "group": "Dragonborn", "source": "PHB", "iconUrl": "https://picsum.photos/seed/dragonborn-gold/64/64" },
    { "id": "dragonborn-green", "name": "Green Dragonborn", "group": "Dragonborn", "source": "PHB", "iconUrl": "https://picsum.photos/seed/dragonborn-green/64/64" },
    { "id": "dragonborn-red", "name": "Red Dragonborn", "group": "Dragonborn", "source": "PHB", "iconUrl": "https://picsum.photos/seed/dragonborn-red/64/64" },
    { "id": "dragonborn-silver", "name": "Silver Dragonborn", "group": "Dragonborn", "source": "PHB", "iconUrl": "https://picsum.photos/seed/dragonborn-silver/64/64" },
    { "id": "dragonborn-white", "name": "White Dragonborn", "group": "Dragonborn", "source": "PHB", "iconUrl": "https://picsum.photos/seed/dragonborn-white/64/64" },
    { "id": "dwarf-hill", "name": "Hill Dwarf", "group": "Dwarf", "source": "PHB", "iconUrl": "https://picsum.photos/seed/dwarf-hill/64/64" },
    { "id": "dwarf-mountain", "name": "Mountain Dwarf", "group": "Dwarf", "source": "PHB", "iconUrl": "https://picsum.photos/seed/dwarf-mountain/64/64" },
    { "id": "elf-drow", "name": "Drow (Dark Elf)", "group": "Elf", "source": "PHB", "iconUrl": "https://picsum.photos/seed/elf-drow/64/64" },
    { "id": "elf-high", "name": "High Elf", "group": "Elf", "source": "PHB", "iconUrl": "https://picsum.photos/seed/elf-high/64/64" },
    { "id": "elf-wood", "name": "Wood Elf", "group": "Elf", "source": "PHB", "iconUrl": "https://picsum.photos/seed/elf-wood/64/64" },
    { "id": "firbolg", "name": "Firbolg", "group": "Exotic", "source": "VGM", "iconUrl": "https://picsum.photos/seed/firbolg/64/64" },
    { "id": "genasi-air", "name": "Air Genasi", "group": "Genasi", "source": "EEPC", "iconUrl": "https://picsum.photos/seed/genasi-air/64/64" },
    { "id": "genasi-earth", "name": "Earth Genasi", "group": "Genasi", "source": "EEPC", "iconUrl": "https://picsum.photos/seed/genasi-earth/64/64" },
    { "id": "genasi-fire", "name": "Fire Genasi", "group": "Genasi", "source": "EEPC", "iconUrl": "https://picsum.photos/seed/genasi-fire/64/64" },
    { "id": "genasi-water", "name": "Water Genasi", "group": "Genasi", "source": "EEPC", "iconUrl": "https://picsum.photos/seed/genasi-water/64/64" },
    { "id": "gith-githyanki", "name": "Githyanki", "group": "Gith", "source": "MToF", "iconUrl": "https://picsum.photos/seed/gith-githyanki/64/64" },
    { "id": "gith-githzerai", "name": "Githzerai", "group": "Gith", "source": "MToF", "iconUrl": "https://picsum.photos/seed/gith-githzerai/64/64" },
    { "id": "gnome-forest", "name": "Forest Gnome", "group": "Gnome", "source": "PHB", "iconUrl": "https://picsum.photos/seed/gnome-forest/64/64" },
    { "id": "gnome-rock", "name": "Rock Gnome", "group": "Gnome", "source": "PHB", "iconUrl": "https://picsum.photos/seed/gnome-rock/64/64" },
    { "id": "goblin", "name": "Goblin", "group": "Goblinoid", "source": "VGM", "iconUrl": "https://picsum.photos/seed/goblin/64/64" },
    { "id": "goliath", "name": "Goliath", "group": "Exotic", "source": "VGM", "iconUrl": "https://picsum.photos/seed/goliath/64/64" },
    { "id": "half-elf", "name": "Half-Elf", "group": "Half-Elf", "source": "PHB", "iconUrl": "https://picsum.photos/seed/half-elf/64/64" },
    { "id": "half-orc", "name": "Half-Orc", "group": "Half-Orc", "source": "PHB", "iconUrl": "https://picsum.photos/seed/half-orc/64/64" },
    { "id": "halfling-lightfoot", "name": "Lightfoot Halfling", "group": "Halfling", "source": "PHB", "iconUrl": "https://picsum.photos/seed/halfling-lightfoot/64/64" },
    { "id": "halfling-stout", "name": "Stout Halfling", "group": "Halfling", "source": "PHB", "iconUrl": "https://picsum.photos/seed/halfling-stout/64/64" },
    { "id": "hobgoblin", "name": "Hobgoblin", "group": "Goblinoid", "source": "VGM", "iconUrl": "https://picsum.photos/seed/hobgoblin/64/64" },
    { "id": "human", "name": "Human", "group": "Human", "source": "PHB", "iconUrl": "https://picsum.photos/seed/human/64/64" },
    { "id": "human-variant", "name": "Variant Human", "group": "Human", "source": "PHB", "iconUrl": "https://picsum.photos/seed/human-variant/64/64" },
    { "id": "kenku", "name": "Kenku", "group": "Exotic", "source": "VGM", "iconUrl": "https://picsum.photos/seed/kenku/64/64" },
    { "id": "kobold", "name": "Kobold", "group": "Exotic", "source": "VGM", "iconUrl": "https://picsum.photos/seed/kobold/64/64" },
    { "id": "leonin", "name": "Leonin", "group": "Exotic", "source": "MOT", "iconUrl": "https://picsum.photos/seed/leonin/64/64" },
    { "id": "lizardfolk", "name": "Lizardfolk", "group": "Exotic", "source": "VGM", "iconUrl": "https://picsum.photos/seed/lizardfolk/64/64" },
    { "id": "loxodon", "name": "Loxodon", "group": "Exotic", "source": "GGR", "iconUrl": "https://picsum.photos/seed/loxodon/64/64" },
    { "id": "minotaur", "name": "Minotaur", "group": "Exotic", "source": "GGR", "iconUrl": "https://picsum.photos/seed/minotaur/64/64" },
    { "id": "orc", "name": "Orc", "group": "Orc", "source": "VGM", "iconUrl": "https://picsum.photos/seed/orc/64/64" },
    { "id": "satyr", "name": "Satyr", "group": "Exotic", "source": "MOT", "iconUrl": "https://picsum.photos/seed/satyr/64/64" },
    { "id": "shifter", "name": "Shifter", "group": "Exotic", "source": "E:RFTLW", "iconUrl": "https://picsum.photos/seed/shifter/64/64" },
    { "id": "simic-hybrid", "name": "Simic Hybrid", "group": "Exotic", "source": "GGR", "iconUrl": "https://picsum.photos/seed/simic-hybrid/64/64" },
    { "id": "tabaxi", "name": "Tabaxi", "group": "Exotic", "source": "VGM", "iconUrl": "https://picsum.photos/seed/tabaxi/64/64" },
    { "id": "tiefling-asmodeus", "name": "Asmodeus Tiefling", "group": "Tiefling", "source": "PHB", "iconUrl": "https://picsum.photos/seed/tiefling-asmodeus/64/64" },
    { "id": "tiefling-baalzebul", "name": "Baalzebul Tiefling", "group": "Tiefling", "source": "MToF", "iconUrl": "https://picsum.photos/seed/tiefling-baalzebul/64/64" },
    { "id": "tiefling-dispater", "name": "Dispater Tiefling", "group": "Tiefling", "source": "MToF", "iconUrl": "https://picsum.photos/seed/tiefling-dispater/64/64" },
    { "id": "tiefling-fierna", "name": "Fierna Tiefling", "group": "Tiefling", "source": "MToF", "iconUrl": "https://picsum.photos/seed/tiefling-fierna/64/64" },
    { "id": "tiefling-glasya", "name": "Glasya Tiefling", "group": "Tiefling", "source": "MToF", "iconUrl": "https://picsum.photos/seed/tiefling-glasya/64/64" },
    { "id": "tiefling-levistus", "name": "Levistus Tiefling", "group": "Tiefling", "source": "MToF", "iconUrl": "https://picsum.photos/seed/tiefling-levistus/64/64" },
    { "id": "tiefling-mammon", "name": "Mammon Tiefling", "group": "Tiefling", "source": "MToF", "iconUrl": "https://picsum.photos/seed/tiefling-mammon/64/64" },
    { "id": "tiefling-mephistopheles", "name": "Mephistopheles Tiefling", "group": "Tiefling", "source": "MToF", "iconUrl": "https://picsum.photos/seed/tiefling-mephistopheles/64/64" },
    { "id": "tiefling-zariel", "name": "Zariel Tiefling", "group": "Tiefling", "source": "MToF", "iconUrl": "https://picsum.photos/seed/tiefling-zariel/64/64" },
    { "id": "tortle", "name": "Tortle", "group": "Exotic", "source": "TP", "iconUrl": "https://picsum.photos/seed/tortle/64/64" },
    { "id": "triton", "name": "Triton", "group": "Exotic", "source": "VGM", "iconUrl": "https://picsum.photos/seed/triton/64/64" },
    { "id": "warforged", "name": "Warforged", "group": "Exotic", "source": "E:RFTLW", "iconUrl": "https://picsum.photos/seed/warforged/64/64" },
    { "id": "yuan-ti-pureblood", "name": "Yuan-ti Pureblood", "group": "Exotic", "source": "VGM", "iconUrl": "https://picsum.photos/seed/yuan-ti-pureblood/64/64" }
]
