
{
    "id": "lizardfolk",
    "name": "Lizardfolk",
    "source": "Volo's Guide to Monsters",
    "iconUrl": "https://picsum.photos/seed/lizardfolk/64/64",
    "creatureType": "Humanoid",
    "description": "Lizardfolk are semi-aquatic reptilian humanoids who are fiercely territorial and pragmatic. They see the world in terms of predator and prey.",
    "traits": [
        {
            "id": "lizardfolk-asi",
            "name": "Ability Score Increase",
            "description": "Your Constitution score increases by 2, and your Wisdom score increases by 1.",
            "effects": [
                { "type": "ability_score_increase", "abilities": ["CONSTITUTION"], "count": 1, "value": 2 },
                { "type": "ability_score_increase", "abilities": ["WISDOM"], "count": 1, "value": 1 }
            ]
        },
        { "id": "lizardfolk-speed", "name": "Speed", "description": "Your base walking speed is 30 feet, and you have a swimming speed of 30 feet.", "effects": [{ "type": "set_base_speed", "value": 30 }, { "type": "grant_speed", "speedType": "swimming", "value": 30 }] },
        { "id": "bite", "name": "Bite", "description": "Your fanged maw is a natural weapon, which you can use to make unarmed strikes. If you hit with it, you deal piercing damage equal to 1d6 + your Strength modifier.", "effects": [{ "type": "natural_weapon", "name": "Bite", "damageDice": "1d6", "damageType": "piercing" }] },
        { "id": "cunning-artisan", "name": "Cunning Artisan", "description": "As part of a short rest, you can harvest bone and hide from a slain beast, construct, dragon, monstrosity, or plant creature of size Small or larger to create one of the following items: a shield, a club, a javelin, or 1d4 darts or pieces of ammunition. To use this trait, you need a blade, such as a dagger, or appropriate artisan's tools.", "effects": [{ "type": "special_ability", "name": "Cunning Artisan" }] },
        { "id": "hold-breath-lizardfolk", "name": "Hold Breath", "description": "You can hold your breath for up to 15 minutes.", "effects": [{ "type": "special_ability", "name": "Hold Breath (15 minutes)" }] },
        { "id": "hunters-lore", "name": "Hunter's Lore", "description": "You gain proficiency with two of the following skills of your choice: Animal Handling, Nature, Perception, Stealth, and Survival.", "choiceOptions": [{ "id": "lizardfolk-skill-choice", "label": "Choose two skills", "type": "skill", "count": 2, "from": ["animal-handling", "nature", "perception", "stealth", "survival"] }] },
        { "id": "natural-armor-lizardfolk", "name": "Natural Armor", "description": "You have tough, scaly skin. When you aren't wearing armor, your AC is 13 + your Dexterity modifier.", "effects": [{ "type": "set_base_ac", "value": 13, "ability": "DEXTERITY" }] },
        { "id": "hungry-jaws", "name": "Hungry Jaws", "description": "As a bonus action, you can make a special attack with your bite. If the attack hits, it deals its normal damage, and you gain temporary hit points equal to your Constitution modifier. You can’t use this trait again until you finish a short or long rest.", "effects": [{ "type": "grant_action", "name": "Hungry Jaws" }] }
    ]
}
