
{
    "id": "tiefling-baalzebul",
    "name": "Baalzebul Tiefling",
    "source": "Mordenkainen's Tome of Foes",
    "iconUrl": "https://picsum.photos/seed/tiefling-baalzebul/64/64",
    "creatureType": "Humanoid",
    "description": "These tieflings are associated with Baalzebul, the Lord of Flies and the fallen archangel who rules Maladomini.",
    "traits": [
        { "id": "tiefling-base-asi", "name": "Ability Score Increase", "description": "Your Charisma score increases by 2.", "effects": [{ "type": "ability_score_increase", "abilities": ["CHARISMA"], "count": 1, "value": 2 }] },
        { "id": "tiefling-speed", "name": "Speed", "description": "Your base walking speed is 30 feet.", "effects": [{ "type": "set_base_speed", "value": 30 }] },
        { "id": "darkvision", "name": "Darkvision", "description": "You can see in dim light within 60 feet of you as if it were bright light, and in darkness as if it were dim light.", "effects": [{ "type": "special_ability", "name": "Darkvision (60 ft.)" }] },
        { "id": "hellish-resistance", "name": "Hellish Resistance", "description": "You have resistance to fire damage.", "effects": [{ "type": "resistance", "damageType": "fire" }] },
        { "id": "baalzebul-asi", "name": "Ability Score Increase", "description": "Your Intelligence score increases by 1.", "effects": [{ "type": "ability_score_increase", "abilities": ["INTELLIGENCE"], "count": 1, "value": 1 }] },
        { "id": "legacy-of-maladomini", "name": "Legacy of Maladomini", "description": "You know the Thaumaturgy cantrip. At 3rd level, you can cast Ray of Sickness once as a 2nd-level spell. At 5th level, you can cast Crown of Madness once. You must finish a long rest to cast these spells again with this trait.", "effects": [{ "type": "innate_spellcasting", "ability": "CHARISMA", "spells": [{ "id": "thaumaturgy", "frequency": "at-will" }, { "id": "ray-of-sickness", "levelRequirement": 3, "frequency": "1/long_rest" }, { "id": "crown-of-madness", "levelRequirement": 5, "frequency": "1/long_rest" }] }] }
    ]
}
