
{
    "id": "tortle",
    "name": "Tortle",
    "source": "The Tortle Package",
    "iconUrl": "https://picsum.photos/seed/tortle/64/64",
    "creatureType": "Humanoid",
    "description": "Tortles are reptilian-looking humanoids with large shells on their backs that they can withdraw into for protection.",
    "traits": [
        {
            "id": "tortle-asi",
            "name": "Ability Score Increase",
            "description": "Your Strength score increases by 2, and your Wisdom score increases by 1.",
            "effects": [
                { "type": "ability_score_increase", "abilities": ["STRENGTH"], "count": 1, "value": 2 },
                { "type": "ability_score_increase", "abilities": ["WISDOM"], "count": 1, "value": 1 }
            ]
        },
        { "id": "tortle-speed", "name": "Speed", "description": "Your base walking speed is 30 feet.", "effects": [{ "type": "set_base_speed", "value": 30 }] },
        { "id": "claws", "name": "Claws", "description": "Your claws are natural weapons, which you can use to make unarmed strikes. If you hit with them, you deal slashing damage equal to 1d4 + your Strength modifier.", "effects": [{ "type": "natural_weapon", "name": "Claws", "damageDice": "1d4", "damageType": "slashing" }] },
        { "id": "hold-breath", "name": "Hold Breath", "description": "You can hold your breath for up to 1 hour.", "effects": [{ "type": "special_ability", "name": "Hold Breath (1 hour)" }] },
        { "id": "natural-armor-tortle", "name": "Natural Armor", "description": "Due to your shell and the shape of your body, you are ill-suited to wearing armor. Your shell provides ample protection, however; it gives you a base AC of 17 (your Dexterity modifier doesn’t affect this number). You gain no benefit from wearing armor, but if you are using a shield, you can apply the shield’s bonus as normal.", "effects": [{ "type": "set_base_ac", "value": 17 }] },
        { "id": "shell-defense", "name": "Shell Defense", "description": "You can withdraw into your shell as an action. Until you emerge, you gain a +4 bonus to AC, and you have advantage on Strength and Constitution saving throws. While in your shell, you are prone, your speed is 0, you have disadvantage on Dexterity saving throws, you can’t take reactions, and the only action you can take is a bonus action to emerge from your shell.", "effects": [{ "type": "grant_action", "name": "Shell Defense" }] },
        { "id": "survival-instinct", "name": "Survival Instinct", "description": "You gain proficiency in the Survival skill.", "effects": [{ "type": "proficiency", "proficiencyType": "skill", "options": ["survival"], "count": 1 }] }
    ]
}
