
{
    "id": "yuan-ti-pureblood",
    "name": "Yuan-ti Pureblood",
    "source": "Volo's Guide to Monsters",
    "iconUrl": "https://picsum.photos/seed/yuan-ti-pureblood/64/64",
    "creatureType": "Humanoid",
    "description": "Yuan-ti purebloods are the most human-like of the yuan-ti, with only subtle serpentine features. They are often sent into humanoid settlements as spies and assassins.",
    "traits": [
        {
            "id": "yuan-ti-asi",
            "name": "Ability Score Increase",
            "description": "Your Charisma score increases by 2, and your Intelligence score increases by 1.",
            "effects": [
                { "type": "ability_score_increase", "abilities": ["CHARISMA"], "count": 1, "value": 2 },
                { "type": "ability_score_increase", "abilities": ["INTELLIGENCE"], "count": 1, "value": 1 }
            ]
        },
        { "id": "yuan-ti-speed", "name": "Speed", "description": "Your base walking speed is 30 feet.", "effects": [{ "type": "set_base_speed", "value": 30 }] },
        { "id": "darkvision", "name": "Darkvision", "description": "You can see in dim light within 60 feet as if it were bright light, and in darkness as if it were dim light.", "effects": [{ "type": "special_ability", "name": "Darkvision (60 ft.)" }] },
        { "id": "innate-spellcasting-yuan-ti", "name": "Innate Spellcasting", "description": "You know the Poison Spray cantrip. You can cast Animal Friendship an unlimited number of times with this trait, but you can target only snakes with it. Starting at 3rd level, you can also cast Suggestion with this trait. Once you cast it, you can’t do so again until you finish a long rest. Charisma is your spellcasting ability for these spells.", "effects": [{ "type": "innate_spellcasting", "ability": "CHARISMA", "spells": [{ "id": "poison-spray", "frequency": "at-will" }, { "id": "animal-friendship", "frequency": "at-will", "description": "(snakes only)" }, { "id": "suggestion", "levelRequirement": 3, "frequency": "1/long_rest" }] }] },
        { "id": "magic-resistance-yuan-ti", "name": "Magic Resistance", "description": "You have advantage on saving throws against spells and other magical effects.", "effects": [{ "type": "advantage", "on": "saving_throw", "condition": "against spells and other magical effects" }] },
        { "id": "poison-immunity", "name": "Poison Immunity", "description": "You are immune to poison damage and the poisoned condition.", "effects": [{ "type": "immunity", "to": "poison" }, { "type": "immunity", "to": "poisoned" }] }
    ]
}
