
[
    {
        "id": "fire-bolt",
        "name": "Fire Bolt",
        "level": 0,
        "school": "Evocation",
        "castingTime": "1 Action",
        "range": "120 feet",
        "components": "V, S",
        "duration": "Instantaneous",
        "description": "You hurl a mote of fire at a creature or object within range. Make a ranged spell attack against the target. On a hit, the target takes 1d10 fire damage. A flammable object hit by this spell ignites if it isn’t being worn or carried.",
        "higherLevel": "The spell’s damage increases by 1d10 when you reach 5th level (2d10), 11th level (3d10), and 17th level (4d10).",
        "damage": { "dice": "1d10", "type": "fire" },
        "attackType": "ranged",
        "classIds": ["sorcerer", "wizard"],
        "ritual": false,
        "requiresConcentration": false,
        "cost": "action"
    },
    {
        "id": "eldritch-blast",
        "name": "Eldritch Blast",
        "level": 0,
        "school": "Evocation",
        "castingTime": "1 Action",
        "range": "120 feet",
        "components": "V, S",
        "duration": "Instantaneous",
        "description": "A beam of crackling energy streaks toward a creature within range. Make a ranged spell attack against the target. On a hit, the target takes 1d10 force damage.",
        "higherLevel": "The spell creates more than one beam when you reach higher levels: two beams at 5th level, three beams at 11th level, and four beams at 17th level. You can direct the beams at the same target or at different ones. Make a separate attack roll for each beam.",
        "damage": { "dice": "1d10", "type": "force" },
        "attackType": "ranged",
        "classIds": ["warlock"],
        "ritual": false,
        "requiresConcentration": false,
        "cost": "action"
    },
    {
        "id": "mage-hand",
        "name": "Mage Hand",
        "level": 0,
        "school": "Conjuration",
        "castingTime": "1 Action",
        "range": "30 feet",
        "components": "V, S",
        "duration": "1 minute",
        "description": "A spectral, floating hand appears at a point you choose within range. The hand lasts for the duration or until you dismiss it as an action. The hand vanishes if it is ever more than 30 feet away from you or if you cast this spell again. You can use your action to control the hand. You can use the hand to manipulate an object, open an unlocked door or container, stow or retrieve an item from an open container, or pour the contents out of a vial. You can move the hand up to 30 feet each time you use it. The hand can’t attack, activate magical items, or carry more than 10 pounds.",
        "classIds": ["bard", "sorcerer", "warlock", "wizard"],
        "ritual": false,
        "requiresConcentration": false,
        "cost": "action"
    },
    {
        "id": "guidance",
        "name": "Guidance",
        "level": 0,
        "school": "Divination",
        "castingTime": "1 Action",
        "range": "Touch",
        "components": "V, S",
        "duration": "Concentration, up to 1 minute",
        "description": "You touch one willing creature. Once before the spell ends, the target can roll a d4 and add the number rolled to one ability check of its choice. It can roll the die before or after making the ability check. The spell then ends.",
        "classIds": ["cleric", "druid"],
        "requiresConcentration": true,
        "ritual": false,
        "cost": "action",
        "effects": [{ "type": "apply_condition", "conditionId": "Guided", "duration": "concentration" }]
    },
    {
        "id": "blade-ward",
        "name": "Blade Ward",
        "level": 0,
        "school": "Abjuration",
        "castingTime": "1 Action",
        "range": "Self",
        "components": "V, S",
        "duration": "1 round",
        "description": "You extend your hand and trace a sigil of warding in the air. Until the end of your next turn, you have resistance to bludgeoning, piercing, and slashing damage dealt by weapon attacks.",
        "classIds": ["bard", "sorcerer", "warlock", "wizard"],
        "ritual": false,
        "requiresConcentration": false,
        "cost": "action",
        "effects": [{ "type": "apply_condition", "conditionId": "Warded", "duration": "1_round" }]
    },
    {
        "id": "dancing-lights",
        "name": "Dancing Lights",
        "level": 0,
        "school": "Evocation",
        "castingTime": "1 Action",
        "range": "120 feet",
        "components": "V, S, M (a bit of phosphorus or wychwood, or a glowworm)",
        "duration": "Concentration, up to 1 minute",
        "description": "You create up to four torch-sized lights within range, making them appear as torches, lanterns, or glowing orbs that float in the air for the duration. You can also combine the four lights into one glowing vaguely humanoid form of Medium size. Whichever form you choose, each light sheds dim light in a 10-foot radius.",
        "classIds": ["bard", "sorcerer", "wizard", "artificer"],
        "requiresConcentration": true,
        "ritual": false,
        "cost": "action"
    },
    {
        "id": "friends",
        "name": "Friends",
        "level": 0,
        "school": "Enchantment",
        "castingTime": "1 Action",
        "range": "Self",
        "components": "S, M (a small amount of makeup applied to the face as part of the casting)",
        "duration": "Concentration, up to 1 minute",
        "description": "For the duration, you have advantage on all Charisma checks directed at one creature of your choice that isn’t hostile toward you. When the spell ends, the creature realizes that you used magic to influence it and becomes hostile toward you.",
        "classIds": ["bard", "sorcerer", "warlock", "wizard"],
        "requiresConcentration": true,
        "ritual": false,
        "cost": "action",
        "effects": [{ "type": "apply_condition", "conditionId": "Befriended", "duration": "concentration" }]
    },
    {
        "id": "light",
        "name": "Light",
        "level": 0,
        "school": "Evocation",
        "castingTime": "1 Action",
        "range": "Touch",
        "components": "V, M (a firefly or phosphorescent moss)",
        "duration": "1 hour",
        "description": "You touch one object that is no larger than 10 feet in any dimension. Until the spell ends, the object sheds bright light in a 20-foot radius and dim light for an additional 20 feet. The light can be colored as you like. Completely covering the object with something opaque blocks the light.",
        "classIds": ["bard", "cleric", "sorcerer", "wizard", "artificer"],
        "ritual": false,
        "requiresConcentration": false,
        "cost": "action"
    },
    {
        "id": "mending",
        "name": "Mending",
        "level": 0,
        "school": "Transmutation",
        "castingTime": "1 minute",
        "range": "Touch",
        "components": "V, S, M (two lodestones)",
        "duration": "Instantaneous",
        "description": "This spell repairs a single break or tear in an object you touch, such as a broken chain link, two halves of a broken key, a torn cloak, or a leaking wineskin. As long as the break or tear is no larger than 1 foot in any dimension, you mend it, leaving no trace of the former damage.",
        "classIds": ["bard", "cleric", "druid", "sorcerer", "wizard", "artificer"],
        "ritual": false,
        "requiresConcentration": false
    },
    {
        "id": "message",
        "name": "Message",
        "level": 0,
        "school": "Transmutation",
        "castingTime": "1 Action",
        "range": "120 feet",
        "components": "V, S, M (a short piece of copper wire)",
        "duration": "1 round",
        "description": "You point your finger toward a creature within range and whisper a message. The target (and only the target) hears the message and can reply in a whisper that only you can hear. You can cast this spell through solid objects if you are familiar with the target and know it is beyond the barrier.",
        "classIds": ["bard", "sorcerer", "wizard", "artificer"],
        "ritual": false,
        "requiresConcentration": false,
        "cost": "action"
    },
    {
        "id": "minor-illusion",
        "name": "Minor Illusion",
        "level": 0,
        "school": "Illusion",
        "castingTime": "1 Action",
        "range": "30 feet",
        "components": "S, M (a bit of fleece)",
        "duration": "1 minute",
        "description": "You create a sound or an image of an object within range that lasts for the duration. The illusion also ends if you dismiss it as an action or cast this spell again.",
        "classIds": ["bard", "sorcerer", "warlock", "wizard"],
        "ritual": false,
        "requiresConcentration": false,
        "cost": "action",
        "template": { "type": "cube", "size": 5 }
    },
    {
        "id": "prestidigitation",
        "name": "Prestidigitation",
        "level": 0,
        "school": "Transmutation",
        "castingTime": "1 Action",
        "range": "10 feet",
        "components": "V, S",
        "duration": "Up to 1 hour",
        "description": "This spell is a minor magical trick that novice spellcasters use for practice. You create one of the following magical effects within range: a harmless sensory effect, instantaneously light or snuff out a candle, clean or soil an object, chill/warm/flavor nonliving material, make a color/mark/symbol appear, or create a nonmagical trinket.",
        "classIds": ["bard", "sorcerer", "warlock", "wizard", "artificer"],
        "ritual": false,
        "requiresConcentration": false,
        "cost": "action"
    },
    {
        "id": "true-strike",
        "name": "True Strike",
        "level": 0,
        "school": "Divination",
        "castingTime": "1 Action",
        "range": "30 feet",
        "components": "S",
        "duration": "Concentration, up to 1 round",
        "description": "You extend your hand and point a finger at a target in range. Your magic grants you a brief insight into the target's defenses. On your next turn, you gain advantage on your first attack roll against the target, provided that this spell hasn't ended.",
        "classIds": ["bard", "sorcerer", "warlock", "wizard"],
        "requiresConcentration": true,
        "ritual": false,
        "cost": "action",
        "effects": [{ "type": "apply_condition", "conditionId": "True-Strike-Target", "duration": "concentration" }]
    },
    {
        "id": "vicious-mockery",
        "name": "Vicious Mockery",
        "level": 0,
        "school": "Enchantment",
        "castingTime": "1 Action",
        "range": "60 feet",
        "components": "V",
        "duration": "Instantaneous",
        "description": "You unleash a string of insults laced with subtle enchantments at a creature you can see within range. If the target can hear you, it must succeed on a Wisdom saving throw or take 1d4 psychic damage and have disadvantage on the next attack roll it makes before the end of its next turn.",
        "higherLevel": "The spell’s damage increases by 1d4 when you reach 5th level (2d4), 11th level (3d4), and 17th level (4d4).",
        "damage": { "dice": "1d4", "type": "psychic" },
        "savingThrow": { "ability": "WISDOM", "effect": "take 1d4 psychic damage and have disadvantage on the next attack roll" },
        "classIds": ["bard"],
        "ritual": false,
        "requiresConcentration": false,
        "cost": "action"
    },
    {
        "id": "chill-touch",
        "name": "Chill Touch",
        "level": 0,
        "school": "Necromancy",
        "castingTime": "1 Action",
        "range": "120 feet",
        "components": "V, S",
        "duration": "1 round",
        "description": "You create a ghostly, skeletal hand in the space of a creature within range. Make a ranged spell attack against the creature to assail it with the chill of the grave. On a hit, the target takes 1d8 necrotic damage, and it can’t regain hit points until the start of your next turn. Until then, the hand clings to the target.",
        "higherLevel": "This spell’s damage increases by 1d8 when you reach 5th level (2d8), 11th level (3d8), and 17th level (4d8).",
        "damage": { "dice": "1d8", "type": "necrotic" },
        "attackType": "ranged",
        "classIds": ["sorcerer", "warlock", "wizard"],
        "ritual": false,
        "requiresConcentration": false,
        "cost": "action",
        "effects": [{ "type": "apply_condition", "conditionId": "no-healing", "duration": "1_round" }]
    },
    {
        "id": "druidcraft",
        "name": "Druidcraft",
        "level": 0,
        "school": "Transmutation",
        "castingTime": "1 Action",
        "range": "30 feet",
        "components": "V, S",
        "duration": "Instantaneous",
        "description": "Whispering to the spirits of nature, you create one of the following effects within range: You create a tiny, harmless sensory effect that predicts what the weather will be at your location for the next 24 hours. You instantly make a flower blossom, a seed pod open, or a leaf bud bloom. You create an instantaneous, harmless sensory effect, such as falling leaves, a puff of wind, the sound of a small animal, or the faint odor of skunk. You instantly light or snuff out a candle, a torch, or a small campfire.",
        "classIds": ["druid"],
        "ritual": false,
        "requiresConcentration": false,
        "cost": "action"
    },
    {
        "id": "acid-splash",
        "name": "Acid Splash",
        "level": 0,
        "school": "Conjuration",
        "castingTime": "1 Action",
        "range": "60 feet",
        "components": "V, S",
        "duration": "Instantaneous",
        "description": "You hurl a bubble of acid. Choose one creature within range, or choose two creatures within range that are within 5 feet of each other. A target must succeed on a Dexterity saving throw or take 1d6 acid damage.",
        "higherLevel": "The spell's damage increases by 1d6 when you reach 5th level (2d6), 11th level (3d6), and 17th level (4d6).",
        "savingThrow": { "ability": "DEXTERITY", "effect": "take 1d6 acid damage" },
        "damage": { "dice": "1d6", "type": "acid" },
        "classIds": ["sorcerer", "wizard", "artificer"],
        "ritual": false,
        "requiresConcentration": false,
        "cost": "action"
    },
    {
        "id": "poison-spray",
        "name": "Poison Spray",
        "level": 0,
        "school": "Conjuration",
        "castingTime": "1 Action",
        "range": "10 feet",
        "components": "V, S",
        "duration": "Instantaneous",
        "description": "You extend your hand toward a creature you can see within range and project a puff of noxious gas from your palm. The creature must succeed on a Constitution saving throw or take 1d12 poison damage.",
        "higherLevel": "The spell's damage increases by 1d12 when you reach 5th level (2d12), 11th level (3d12), and 17th level (4d12).",
        "savingThrow": { "ability": "CONSTITUTION", "effect": "take 1d12 poison damage" },
        "damage": { "dice": "1d12", "type": "poison" },
        "classIds": ["druid", "sorcerer", "warlock", "wizard", "artificer"],
        "ritual": false,
        "requiresConcentration": false,
        "cost": "action"
    },
    {
        "id": "produce-flame",
        "name": "Produce Flame",
        "level": 0,
        "school": "Conjuration",
        "castingTime": "1 Action",
        "range": "Self",
        "components": "V, S",
        "duration": "10 minutes",
        "description": "A flickering flame appears in your hand. The flame remains there for the duration and harms neither you nor your equipment. The flame sheds bright light in a 10-foot radius and dim light for an additional 10 feet. The spell ends if you dismiss it as an action or if you cast it again. You can also attack with the flame, although doing so ends the spell. When you cast this spell, or as an action on a later turn, you can hurl the flame at a creature within 30 feet of you. Make a ranged spell attack. On a hit, the target takes 1d8 fire damage.",
        "higherLevel": "This spell's damage increases by 1d8 when you reach 5th level (2d8), 11th level (3d8), and 17th level (4d8).",
        "damage": { "dice": "1d8", "type": "fire" },
        "attackType": "ranged",
        "classIds": ["druid"],
        "ritual": false,
        "requiresConcentration": false,
        "cost": "action"
    },
    {
        "id": "ray-of-frost",
        "name": "Ray of Frost",
        "level": 0,
        "school": "Evocation",
        "castingTime": "1 Action",
        "range": "60 feet",
        "components": "V, S",
        "duration": "Instantaneous",
        "description": "A frigid beam of blue-white light streaks toward a creature within range. Make a ranged spell attack against the target. On a hit, it takes 1d8 cold damage, and its speed is reduced by 10 feet until the start of your next turn.",
        "higherLevel": "The spell's damage increases by 1d8 when you reach 5th level (2d8), 11th level (3d8), and 17th level (4d8).",
        "damage": { "dice": "1d8", "type": "cold" },
        "attackType": "ranged",
        "classIds": ["sorcerer", "wizard", "artificer"],
        "ritual": false,
        "requiresConcentration": false,
        "cost": "action",
        "effects": [{ "type": "apply_condition", "conditionId": "speed-reduced", "duration": "1_round" }]
    },
    {
        "id": "resistance",
        "name": "Resistance",
        "level": 0,
        "school": "Abjuration",
        "castingTime": "1 Action",
        "range": "Touch",
        "components": "V, S, M (a miniature cloak)",
        "duration": "Concentration, up to 1 minute",
        "description": "You touch one willing creature. Once before the spell ends, the target can roll a d4 and add the number rolled to one saving throw of its choice. It can roll the die before or after making the saving throw. The spell then ends.",
        "classIds": ["cleric", "druid", "artificer"],
        "ritual": false,
        "requiresConcentration": true,
        "cost": "action",
        "effects": [{ "type": "apply_condition", "conditionId": "Resistant-Buff", "duration": "concentration" }]
    },
    {
        "id": "sacred-flame",
        "name": "Sacred Flame",
        "level": 0,
        "school": "Evocation",
        "castingTime": "1 Action",
        "range": "60 feet",
        "components": "V, S",
        "duration": "Instantaneous",
        "description": "Flame-like radiance descends on a creature that you can see within range. The target must succeed on a Dexterity saving throw or take 1d8 radiant damage. The target gains no benefit from cover for this saving throw.",
        "higherLevel": "The spell's damage increases by 1d8 when you reach 5th level (2d8), 11th level (3d8), and 17th level (4d8).",
        "damage": { "dice": "1d8", "type": "radiant" },
        "savingThrow": { "ability": "DEXTERITY", "effect": "take 1d8 radiant damage" },
        "classIds": ["cleric"],
        "ritual": false,
        "requiresConcentration": false,
        "cost": "action"
    },
    {
        "id": "shillelagh",
        "name": "Shillelagh",
        "level": 0,
        "school": "Transmutation",
        "castingTime": "1 Bonus Action",
        "range": "Touch",
        "components": "V, S, M (mistletoe, a shamrock leaf, and a club or quarterstaff)",
        "duration": "1 minute",
        "description": "The wood of a club or quarterstaff you are holding is imbued with nature's power. For the duration, you can use your spellcasting ability instead of Strength for the attack and damage rolls of melee attacks using that weapon, and the weapon's damage die becomes a d8. The weapon also becomes magical, if it isn't already.",
        "classIds": ["druid"],
        "ritual": false,
        "requiresConcentration": false,
        "cost": "bonus action"
    },
    {
        "id": "shocking-grasp",
        "name": "Shocking Grasp",
        "level": 0,
        "school": "Evocation",
        "castingTime": "1 Action",
        "range": "Touch",
        "components": "V, S",
        "duration": "Instantaneous",
        "description": "Lightning springs from your hand to deliver a shock to a creature you try to touch. Make a melee spell attack against the target. You have advantage on the attack roll if the target is wearing armor made of metal. On a hit, the target takes 1d8 lightning damage, and it can't take reactions until the start of its next turn.",
        "higherLevel": "The spell's damage increases by 1d8 when you reach 5th level (2d8), 11th level (3d8), and 17th level (4d8).",
        "damage": { "dice": "1d8", "type": "lightning" },
        "attackType": "melee",
        "classIds": ["sorcerer", "wizard", "artificer"],
        "ritual": false,
        "requiresConcentration": false,
        "cost": "action",
        "effects": [{ "type": "apply_condition", "conditionId": "No-Reactions", "duration": "1_round" }]
    },
    {
        "id": "spare-the-dying",
        "name": "Spare the Dying",
        "level": 0,
        "school": "Necromancy",
        "castingTime": "1 Action",
        "range": "Touch",
        "components": "V, S",
        "duration": "Instantaneous",
        "description": "You touch a living creature that has 0 hit points. The creature becomes stable. This spell has no effect on undead or constructs.",
        "classIds": ["cleric", "artificer"],
        "ritual": false,
        "requiresConcentration": false,
        "cost": "action"
    },
    {
        "id": "thaumaturgy",
        "name": "Thaumaturgy",
        "level": 0,
        "school": "Transmutation",
        "castingTime": "1 Action",
        "range": "30 feet",
        "components": "V",
        "duration": "Up to 1 minute",
        "description": "You manifest a minor wonder, a sign of supernatural power, within range. You create one of the following magical effects: Your voice booms up to three times as loud, you cause flames to flicker/brighten/dim, you cause harmless tremors, you create an instantaneous sound, you cause an unlocked door or window to fly open or slam shut, or you alter the appearance of your eyes for 1 minute.",
        "classIds": ["cleric"],
        "ritual": false,
        "requiresConcentration": false,
        "cost": "action"
    },
    {
        "id": "thorn-whip",
        "name": "Thorn Whip",
        "level": 0,
        "school": "Transmutation",
        "castingTime": "1 Action",
        "range": "30 feet",
        "components": "V, S, M (the stem of a plant with thorns)",
        "duration": "Instantaneous",
        "description": "You create a long, vine-like whip covered in thorns that lashes out at your command toward a creature in range. Make a melee spell attack against the target. If the attack hits, the creature takes 1d6 piercing damage, and if the creature is Large or smaller, you pull the creature up to 10 feet closer to you.",
        "higherLevel": "This spell's damage increases by 1d6 when you reach 5th level (2d6), 11th level (3d6), and 17th level (4d6).",
        "damage": { "dice": "1d6", "type": "piercing" },
        "attackType": "melee",
        "classIds": ["druid", "artificer"],
        "ritual": false,
        "requiresConcentration": false,
        "cost": "action"
    },
    {
        "id": "booming-blade",
        "name": "Booming Blade",
        "level": 0,
        "school": "Evocation",
        "castingTime": "1 Action",
        "range": "Self (5-foot radius)",
        "components": "S, M (a melee weapon worth at least 1 sp)",
        "duration": "1 round",
        "description": "As part of the action used to cast this spell, you must make a melee attack with a weapon against one creature within the spell's range, otherwise the spell fails. On a hit, the target suffers the weapon attack's normal effects and becomes sheathed in booming energy until the start of your next turn. If the target willingly moves 5 feet or more before then, the target immediately takes 1d8 thunder damage, and the spell ends.",
        "higherLevel": "At 5th level, the melee attack deals an extra 1d8 thunder damage to the target on a hit, and the damage the target takes for moving increases to 2d8. Both damage rolls increase by 1d8 at 11th level (2d8 and 3d8) and again at 17th level (3d8 and 4d8).",
        "attackType": "melee",
        "damage": { "dice": "1d8", "type": "thunder" },
        "classIds": ["artificer", "sorcerer", "warlock", "wizard"],
        "ritual": false,
        "requiresConcentration": false,
        "cost": "action"
    },
    {
        "id": "create-bonfire",
        "name": "Create Bonfire",
        "level": 0,
        "school": "Conjuration",
        "castingTime": "1 Action",
        "range": "60 feet",
        "components": "V, S",
        "duration": "Concentration, up to 1 minute",
        "description": "You create a bonfire on ground that you can see within range. Until the spell ends, the bonfire fills a 5-foot cube. Any creature in the bonfire’s space when you cast the spell must succeed on a Dexterity saving throw or take 1d8 fire damage. A creature must also make the saving throw when it moves into the bonfire’s space for the first time on a turn or ends its turn there.",
        "higherLevel": "The spell’s damage increases by 1d8 when you reach 5th level (2d8), 11th level (3d8), and 17th level (4d8).",
        "damage": { "dice": "1d8", "type": "fire" },
        "savingThrow": { "ability": "DEXTERITY", "effect": "take fire damage" },
        "classIds": ["druid", "sorcerer", "warlock", "wizard", "artificer"],
        "ritual": false,
        "requiresConcentration": true,
        "cost": "action",
        "template": { "type": "cube", "size": 5 },
        "effects": [{ "type": "modify_terrain", "terrainType": "difficult", "damageOnMove": "1d8 fire" }]
    },
    {
        "id": "green-flame-blade",
        "name": "Green-Flame Blade",
        "level": 0,
        "school": "Evocation",
        "castingTime": "1 Action",
        "range": "Self (5-foot radius)",
        "components": "S, M (a melee weapon worth at least 1 sp)",
        "duration": "Instantaneous",
        "description": "As part of the action used to cast this spell, you must make a melee attack with a weapon against one creature within the spell's range, otherwise the spell fails. On a hit, the target suffers the weapon attack's normal effects, and you can cause green fire to leap from the target to a different creature of your choice that you can see within 5 feet of it. The second creature takes fire damage equal to your spellcasting ability modifier.",
        "higherLevel": "At 5th level, the melee attack deals an extra 1d8 fire damage to the target on a hit, and the fire damage to the second creature increases to 1d8 + your spellcasting ability modifier. Both damage rolls increase by 1d8 at 11th level (2d8) and 17th level (3d8).",
        "attackType": "melee",
        "damage": { "dice": "0", "type": "fire" },
        "classIds": ["artificer", "sorcerer", "warlock", "wizard"],
        "ritual": false,
        "requiresConcentration": false,
        "cost": "action"
    },
    {
        "id": "toll-the-dead",
        "name": "Toll the Dead",
        "level": 0,
        "school": "Necromancy",
        "castingTime": "1 Action",
        "range": "60 feet",
        "components": "V, S",
        "duration": "Instantaneous",
        "description": "You point at one creature you can see within range, and the sound of a dolorous bell fills the air around it for a moment. The target must succeed on a Wisdom saving throw or take 1d8 necrotic damage. If the target is missing any of its hit points, it instead takes 1d12 necrotic damage.",
        "higherLevel": "The spell’s damage increases by one die when you reach 5th level (2d8 or 2d12), 11th level (3d8 or 3d12), and 17th level (4d8 or 4d12).",
        "damage": { "dice": "1d8/1d12", "type": "necrotic" },
        "savingThrow": { "ability": "WISDOM", "effect": "take necrotic damage" },
        "classIds": ["cleric", "warlock", "wizard"],
        "ritual": false,
        "requiresConcentration": false,
        "cost": "action"
    }
]
