
[
  { "id": "acid-splash", "name": "Acid Splash", "level": 0, "school": "Conjuration", "classIds": ["sorcerer", "wizard", "artificer"] },
  { "id": "aid", "name": "Aid", "level": 2, "school": "Abjuration", "classIds": ["bard", "cleric", "paladin", "artificer"] },
  { "id": "alarm", "name": "Alarm", "level": 1, "school": "Abjuration", "classIds": ["ranger", "wizard", "paladin", "artificer"] },
  { "id": "animal-friendship", "name": "Animal Friendship", "level": 1, "school": "Enchantment", "classIds": ["bard", "druid", "ranger", "cleric"] },
  { "id": "animal-messenger", "name": "Animal Messenger", "level": 2, "school": "Enchantment", "classIds": ["bard", "druid", "ranger"] },
  { "id": "animate-dead", "name": "Animate Dead", "level": 3, "school": "Necromancy", "classIds": ["cleric", "wizard"] },
  { "id": "animate-objects", "name": "Animate Objects", "level": 5, "school": "Transmutation", "classIds": ["bard", "sorcerer", "wizard", "cleric", "artificer"] },
  { "id": "antimagic-field", "name": "Antimagic Field", "level": 8, "school": "Abjuration", "classIds": ["cleric", "wizard"] },
  { "id": "antilife-shell", "name": "Antilife Shell", "level": 5, "school": "Abjuration", "classIds": ["druid", "cleric"] },
  { "id": "antipathy-sympathy", "name": "Antipathy/Sympathy", "level": 8, "school": "Enchantment", "classIds": ["bard", "druid", "wizard"] },
  { "id": "arcane-eye", "name": "Arcane Eye", "level": 4, "school": "Divination", "classIds": ["wizard", "cleric", "artificer"] },
  { "id": "armor-of-agathys", "name": "Armor of Agathys", "level": 1, "school": "Abjuration", "classIds": ["warlock", "paladin"] },
  { "id": "augury", "name": "Augury", "level": 2, "school": "Divination", "classIds": ["cleric"] },
  { "id": "aura-of-life", "name": "Aura of Life", "level": 4, "school": "Abjuration", "classIds": ["paladin", "cleric"] },
  { "id": "aura-of-purity", "name": "Aura of Purity", "level": 4, "school": "Abjuration", "classIds": ["paladin", "cleric", "artificer"] },
  { "id": "aura-of-vitality", "name": "Aura of Vitality", "level": 3, "school": "Evocation", "classIds": ["paladin", "cleric", "artificer"] },
  { "id": "awaken", "name": "Awaken", "level": 5, "school": "Transmutation", "classIds": ["bard", "druid"] },
  { "id": "bane", "name": "Bane", "level": 1, "school": "Enchantment", "classIds": ["bard", "cleric", "paladin"] },
  { "id": "banishing-smite", "name": "Banishing Smite", "level": 5, "school": "Abjuration", "classIds": ["paladin", "artificer"] },
  { "id": "banishment", "name": "Banishment", "level": 4, "school": "Abjuration", "classIds": ["cleric", "paladin", "sorcerer", "warlock", "wizard"] },
  { "id": "barkskin", "name": "Barkskin", "level": 2, "school": "Transmutation", "classIds": ["druid", "ranger", "cleric"] },
  { "id": "beacon-of-hope", "name": "Beacon of Hope", "level": 3, "school": "Abjuration", "classIds": ["cleric", "paladin"] },
  { "id": "bestow-curse", "name": "Bestow Curse", "level": 3, "school": "Necromancy", "classIds": ["bard", "cleric", "wizard", "paladin"] },
  { "id": "blade-barrier", "name": "Blade Barrier", "level": 6, "school": "Evocation", "classIds": ["cleric"] },
  { "id": "blade-ward", "name": "Blade Ward", "level": 0, "school": "Abjuration", "classIds": ["bard", "sorcerer", "warlock", "wizard"] },
  { "id": "bless", "name": "Bless", "level": 1, "school": "Enchantment", "classIds": ["cleric", "paladin"] },
  { "id": "blight", "name": "Blight", "level": 4, "school": "Necromancy", "classIds": ["druid", "sorcerer", "warlock", "wizard", "cleric", "artificer"] },
  { "id": "blindness-deafness", "name": "Blindness/Deafness", "level": 2, "school": "Necromancy", "classIds": ["bard", "cleric", "sorcerer", "wizard"] },
  { "id": "blink", "name": "Blink", "level": 3, "school": "Transmutation", "classIds": ["sorcerer", "wizard", "cleric", "artificer"] },
  { "id": "booming-blade", "name": "Booming Blade", "level": 0, "school": "Evocation", "classIds": ["artificer", "sorcerer", "warlock", "wizard"] },
  { "id": "branding-smite", "name": "Branding Smite", "level": 2, "school": "Evocation", "classIds": ["paladin", "artificer"] },
  { "id": "burning-hands", "name": "Burning Hands", "level": 1, "school": "Evocation", "classIds": ["sorcerer", "wizard"] },
  { "id": "call-lightning", "name": "Call Lightning", "level": 3, "school": "Conjuration", "classIds": ["druid"] },
  { "id": "calm-emotions", "name": "Calm Emotions", "level": 2, "school": "Enchantment", "classIds": ["bard", "cleric", "paladin"] },
  { "id": "charm-person", "name": "Charm Person", "level": 1, "school": "Enchantment", "classIds": ["bard", "druid", "sorcerer", "warlock", "wizard", "cleric", "artificer"] },
  { "id": "chill-touch", "name": "Chill Touch", "level": 0, "school": "Necromancy", "classIds": ["sorcerer", "warlock", "wizard"] },
  { "id": "circle-of-power", "name": "Circle of Power", "level": 5, "school": "Abjuration", "classIds": ["paladin", "cleric"] },
  { "id": "clairvoyance", "name": "Clairvoyance", "level": 3, "school": "Divination", "classIds": ["bard", "cleric", "sorcerer", "wizard"] },
  { "id": "cloud-of-daggers", "name": "Cloud of Daggers", "level": 2, "school": "Conjuration", "classIds": ["bard", "sorcerer", "warlock", "wizard"] },
  { "id": "cloudkill", "name": "Cloudkill", "level": 5, "school": "Conjuration", "classIds": ["sorcerer", "wizard", "cleric", "paladin", "artificer"] },
  { "id": "color-spray", "name": "Color Spray", "level": 1, "school": "Illusion", "classIds": ["bard", "sorcerer", "wizard"] },
  { "id": "command", "name": "Command", "level": 1, "school": "Enchantment", "classIds": ["bard", "cleric", "paladin"] },
  { "id": "commune", "name": "Commune", "level": 5, "school": "Divination", "classIds": ["cleric", "paladin"] },
  { "id": "commune-with-nature", "name": "Commune with Nature", "level": 5, "school": "Divination", "classIds": ["druid", "ranger", "paladin"] },
  { "id": "compelled-duel", "name": "Compelled Duel", "level": 1, "school": "Enchantment", "classIds": ["paladin"], "requiresConcentration": true },
  { "id": "comprehend-languages", "name": "Comprehend Languages", "level": 1, "school": "Divination", "classIds": ["bard", "cleric", "sorcerer", "warlock", "wizard", "artificer"] },
  { "id": "compulsion", "name": "Compulsion", "level": 4, "school": "Enchantment", "classIds": ["bard", "cleric", "paladin"] },
  { "id": "cone-of-cold", "name": "Cone of Cold", "level": 5, "school": "Evocation", "classIds": ["sorcerer", "wizard", "artificer"] },
  { "id": "confusion", "name": "Confusion", "level": 4, "school": "Enchantment", "classIds": ["bard", "druid", "sorcerer", "wizard", "cleric"] },
  { "id": "conjure-animals", "name": "Conjure Animals", "level": 3, "school": "Conjuration", "classIds": ["druid", "ranger"] },
  { "id": "conjure-barrage", "name": "Conjure Barrage", "level": 3, "school": "Conjuration", "classIds": ["ranger", "artificer"] },
  { "id": "contagion", "name": "Contagion", "level": 5, "school": "Necromancy", "classIds": ["cleric", "druid"] },
  { "id": "continual-flame", "name": "Continual Flame", "level": 2, "school": "Evocation", "classIds": ["cleric", "wizard", "artificer"] },
  { "id": "control-water", "name": "Control Water", "level": 4, "school": "Transmutation", "classIds": ["cleric", "druid", "wizard"] },
  { "id": "counterspell", "name": "Counterspell", "level": 3, "school": "Abjuration", "classIds": ["sorcerer", "warlock", "wizard", "paladin"] },
  { "id": "create-bonfire", "name": "Create Bonfire", "level": 0, "school": "Conjuration", "classIds": ["druid", "sorcerer", "warlock", "wizard", "artificer"] },
  { "id": "create-food-and-water", "name": "Create Food and Water", "level": 3, "school": "Conjuration", "classIds": ["cleric", "paladin", "druid"] },
  { "id": "creation", "name": "Creation", "level": 5, "school": "Illusion", "classIds": ["sorcerer", "wizard", "cleric", "artificer"] },
  { "id": "crown-of-madness", "name": "Crown of Madness", "level": 2, "school": "Enchantment", "classIds": ["bard", "sorcerer", "warlock", "wizard"] },
  { "id": "cure-wounds", "name": "Cure Wounds", "level": 1, "school": "Evocation", "classIds": ["bard", "cleric", "druid", "paladin", "ranger", "artificer"] },
  { "id": "dancing-lights", "name": "Dancing Lights", "level": 0, "school": "Evocation", "classIds": ["bard", "sorcerer", "wizard", "artificer"] },
  { "id": "darkness", "name": "Darkness", "level": 2, "school": "Evocation", "classIds": ["sorcerer", "warlock", "wizard", "druid"] },
  { "id": "daylight", "name": "Daylight", "level": 3, "school": "Evocation", "classIds": ["cleric", "druid", "paladin", "ranger", "sorcerer"] },
  { "id": "death-ward", "name": "Death Ward", "level": 4, "school": "Abjuration", "classIds": ["cleric", "paladin", "artificer"] },
  { "id": "destructive-wave", "name": "Destructive Wave", "level": 5, "school": "Evocation", "classIds": ["paladin", "cleric"] },
  { "id": "detect-magic", "name": "Detect Magic", "level": 1, "school": "Divination", "classIds": ["bard", "cleric", "druid", "paladin", "ranger", "sorcerer", "wizard", "artificer"] },
  { "id": "detect-thoughts", "name": "Detect Thoughts", "level": 2, "school": "Divination", "classIds": ["bard", "sorcerer", "wizard"] },
  { "id": "dimension-door", "name": "Dimension Door", "level": 4, "school": "Conjuration", "classIds": ["bard", "sorcerer", "warlock", "wizard", "cleric", "paladin"] },
  { "id": "disguise-self", "name": "Disguise Self", "level": 1, "school": "Illusion", "classIds": ["bard", "sorcerer", "wizard", "cleric", "artificer"] },
  { "id": "dispel-magic", "name": "Dispel Magic", "level": 3, "school": "Abjuration", "classIds": ["bard", "cleric", "druid", "paladin", "sorcerer", "warlock", "wizard", "artificer"] },
  { "id": "dissonant-whispers", "name": "Dissonant Whispers", "level": 1, "school": "Enchantment", "classIds": ["bard"] },
  { "id": "divination", "name": "Divination", "level": 4, "school": "Divination", "classIds": ["cleric", "druid"] },
  { "id": "divine-favor", "name": "Divine Favor", "level": 1, "school": "Evocation", "classIds": ["paladin", "cleric"] },
  { "id": "divine-word", "name": "Divine Word", "level": 7, "school": "Evocation", "classIds": ["cleric"] },
  { "id": "dominate-beast", "name": "Dominate Beast", "level": 4, "school": "Enchantment", "classIds": ["druid", "sorcerer", "paladin"] },
  { "id": "dominate-monster", "name": "Dominate Monster", "level": 8, "school": "Enchantment", "classIds": ["bard", "sorcerer", "warlock", "wizard"] },
  { "id": "dominate-person", "name": "Dominate Person", "level": 5, "school": "Enchantment", "classIds": ["bard", "sorcerer", "wizard", "cleric", "paladin"] },
  { "id": "dream", "name": "Dream", "level": 5, "school": "Illusion", "classIds": ["bard", "warlock", "wizard"] },
  { "id": "dream-of-the-blue-veil", "name": "Dream of the Blue Veil", "level": 7, "school": "Conjuration", "classIds": ["bard", "sorcerer", "warlock", "wizard"] },
  { "id": "druidcraft", "name": "Druidcraft", "level": 0, "school": "Transmutation", "classIds": ["druid"] },
  { "id": "eldritch-blast", "name": "Eldritch Blast", "level": 0, "school": "Evocation", "classIds": ["warlock"] },
  { "id": "elemental-weapon", "name": "Elemental Weapon", "level": 3, "school": "Transmutation", "classIds": ["paladin", "cleric"] },
  { "id": "enhance-ability", "name": "Enhance Ability", "level": 2, "school": "Transmutation", "classIds": ["bard", "cleric", "druid", "sorcerer", "paladin"] },
  { "id": "enlarge-reduce", "name": "Enlarge/Reduce", "level": 2, "school": "Transmutation", "classIds": ["bard", "sorcerer", "wizard", "artificer"] },
  { "id": "ensnaring-strike", "name": "Ensnaring Strike", "level": 1, "school": "Conjuration", "classIds": ["ranger", "paladin"] },
  { "id": "enthrall", "name": "Enthrall", "level": 2, "school": "Enchantment", "classIds": ["bard", "warlock"] },
  { "id": "etherealness", "name": "Etherealness", "level": 7, "school": "Transmutation", "classIds": ["bard", "cleric", "sorcerer", "warlock", "wizard"] },
  { "id": "eyebite", "name": "Eyebite", "level": 6, "school": "Necromancy", "classIds": ["bard", "sorcerer", "warlock", "wizard"] },
  { "id": "fabricate", "name": "Fabricate", "level": 4, "school": "Transmutation", "classIds": ["wizard", "cleric", "artificer"] },
  { "id": "faerie-fire", "name": "Faerie Fire", "level": 1, "school": "Evocation", "classIds": ["bard", "druid", "cleric", "artificer"] },
  { "id": "false-life", "name": "False Life", "level": 1, "school": "Necromancy", "classIds": ["sorcerer", "wizard", "cleric", "artificer"] },
  { "id": "fear", "name": "Fear", "level": 3, "school": "Illusion", "classIds": ["bard", "sorcerer", "warlock", "wizard", "paladin"] },
  { "id": "feather-fall", "name": "Feather Fall", "level": 1, "school": "Transmutation", "classIds": ["bard", "sorcerer", "wizard", "artificer"] },
  { "id": "feeblemind", "name": "Feeblemind", "level": 8, "school": "Enchantment", "classIds": ["bard", "druid", "warlock", "wizard"] },
  { "id": "feign-death", "name": "Feign Death", "level": 3, "school": "Necromancy", "classIds": ["bard", "cleric", "wizard"] },
  { "id": "find-the-path", "name": "Find the Path", "level": 6, "school": "Divination", "classIds": ["bard", "cleric", "druid"] },
  { "id": "fire-bolt", "name": "Fire Bolt", "level": 0, "school": "Evocation", "classIds": ["sorcerer", "wizard"] },
  { "id": "fire-shield", "name": "Fire Shield", "level": 4, "school": "Evocation", "classIds": ["wizard", "artificer", "paladin"] },
  { "id": "fire-storm", "name": "Fire Storm", "level": 7, "school": "Evocation", "classIds": ["cleric", "druid", "sorcerer"] },
  { "id": "fireball", "name": "Fireball", "level": 3, "school": "Evocation", "classIds": ["sorcerer", "wizard", "cleric", "artificer"] },
  { "id": "flame-strike", "name": "Flame Strike", "level": 5, "school": "Evocation", "classIds": ["cleric", "paladin"] },
  { "id": "flaming-sphere", "name": "Flaming Sphere", "level": 2, "school": "Conjuration", "classIds": ["druid", "wizard", "cleric", "artificer"] },
  { "id": "flesh-to-stone", "name": "Flesh to Stone", "level": 6, "school": "Transmutation", "classIds": ["warlock", "wizard"] },
  { "id": "fog-cloud", "name": "Fog Cloud", "level": 1, "school": "Conjuration", "classIds": ["druid", "ranger", "sorcerer", "wizard", "cleric", "artificer"] },
  { "id": "forcecage", "name": "Forcecage", "level": 7, "school": "Evocation", "classIds": ["bard", "warlock", "wizard"] },
  { "id": "foresight", "name": "Foresight", "level": 9, "school": "Divination", "classIds": ["bard", "druid", "warlock", "wizard"] },
  { "id": "freedom-of-movement", "name": "Freedom of Movement", "level": 4, "school": "Abjuration", "classIds": ["bard", "cleric", "druid", "ranger", "paladin"] },
  { "id": "friends", "name": "Friends", "level": 0, "school": "Enchantment", "classIds": ["bard", "sorcerer", "warlock", "wizard"] },
  { "id": "gaseous-form", "name": "Gaseous Form", "level": 3, "school": "Transmutation", "classIds": ["sorcerer", "warlock", "wizard", "artificer"] },
  { "id": "gate", "name": "Gate", "level": 9, "school": "Conjuration", "classIds": ["cleric", "sorcerer", "wizard"] },
  { "id": "geas", "name": "Geas", "level": 5, "school": "Enchantment", "classIds": ["bard", "cleric", "druid", "paladin", "wizard"] },
  { "id": "gentle-repose", "name": "Gentle Repose", "level": 2, "school": "Necromancy", "classIds": ["cleric", "wizard", "paladin"] },
  { "id": "glibness", "name": "Glibness", "level": 8, "school": "Transmutation", "classIds": ["bard", "warlock"] },
  { "id": "glyph-of-warding", "name": "Glyph of Warding", "level": 3, "school": "Abjuration", "classIds": ["bard", "cleric", "wizard", "artificer"] },
  { "id": "greater-invisibility", "name": "Greater Invisibility", "level": 4, "school": "Illusion", "classIds": ["bard", "sorcerer", "wizard", "cleric", "artificer"] },
  { "id": "greater-restoration", "name": "Greater Restoration", "level": 5, "school": "Abjuration", "classIds": ["bard", "cleric", "druid", "artificer"] },
  { "id": "green-flame-blade", "name": "Green-Flame Blade", "level": 0, "school": "Evocation", "classIds": ["artificer", "sorcerer", "warlock", "wizard"] },
  { "id": "guardian-of-faith", "name": "Guardian of Faith", "level": 4, "school": "Conjuration", "classIds": ["cleric", "paladin"] },
  { "id": "guards-and-wards", "name": "Guards and Wards", "level": 6, "school": "Abjuration", "classIds": ["bard", "wizard"] },
  { "id": "guidance", "name": "Guidance", "level": 0, "school": "Divination", "classIds": ["cleric", "druid"] },
  { "id": "guiding-bolt", "name": "Guiding Bolt", "level": 1, "school": "Evocation", "classIds": ["cleric", "paladin"] },
  { "id": "gust-of-wind", "name": "Gust of Wind", "level": 2, "school": "Evocation", "classIds": ["druid", "sorcerer", "wizard", "cleric"] },
  { "id": "hallucinatory-terrain", "name": "Hallucinatory Terrain", "level": 4, "school": "Illusion", "classIds": ["bard", "warlock", "wizard"] },
  { "id": "harm", "name": "Harm", "level": 6, "school": "Necromancy", "classIds": ["cleric"] },
  { "id": "haste", "name": "Haste", "level": 3, "school": "Transmutation", "classIds": ["sorcerer", "wizard", "paladin", "artificer"] },
  { "id": "heal", "name": "Heal", "level": 6, "school": "Evocation", "classIds": ["cleric", "druid"] },
  { "id": "healing-word", "name": "Healing Word", "level": 1, "school": "Evocation", "classIds": ["bard", "cleric", "druid", "artificer"] },
  { "id": "heat-metal", "name": "Heat Metal", "level": 2, "school": "Transmutation", "classIds": ["bard", "druid", "cleric", "artificer"] },
  { "id": "heroes-feast", "name": "Heroes' Feast", "level": 6, "school": "Conjuration", "classIds": ["bard", "cleric", "druid"] },
  { "id": "heroism", "name": "Heroism", "level": 1, "school": "Enchantment", "classIds": ["bard", "paladin", "cleric", "artificer"] },
  { "id": "hold-monster", "name": "Hold Monster", "level": 5, "school": "Enchantment", "classIds": ["bard", "sorcerer", "warlock", "wizard", "cleric", "paladin"] },
  { "id": "hold-person", "name": "Hold Person", "level": 2, "school": "Enchantment", "classIds": ["bard", "cleric", "druid", "sorcerer", "warlock", "wizard", "paladin"] },
  { "id": "holy-aura", "name": "Holy Aura", "level": 8, "school": "Abjuration", "classIds": ["cleric"] },
  { "id": "hunter's-mark", "name": "Hunter's Mark", "level": 1, "school": "Divination", "classIds": ["ranger", "paladin"] },
  { "id": "hypnotic-pattern", "name": "Hypnotic Pattern", "level": 3, "school": "Illusion", "classIds": ["bard", "sorcerer", "warlock", "wizard", "paladin", "artificer"] },
  { "id": "ice-storm", "name": "Ice Storm", "level": 4, "school": "Evocation", "classIds": ["druid", "sorcerer", "wizard", "cleric", "paladin", "artificer"] },
  { "id": "identify", "name": "Identify", "level": 1, "school": "Divination", "classIds": ["bard", "wizard", "cleric", "artificer"] },
  { "id": "illusory-script", "name": "Illusory Script", "level": 1, "school": "Illusion", "classIds": ["bard", "warlock", "wizard"] },
  { "id": "incendiary-cloud", "name": "Incendiary Cloud", "level": 8, "school": "Conjuration", "classIds": ["sorcerer", "wizard"] },
  { "id": "insect-plague", "name": "Insect Plague", "level": 5, "school": "Conjuration", "classIds": ["cleric", "druid", "sorcerer"] },
  { "id": "intellect-fortress", "name": "Intellect Fortress", "level": 3, "school": "Abjuration", "classIds": ["artificer", "bard", "sorcerer", "warlock", "wizard"] },
  { "id": "invisibility", "name": "Invisibility", "level": 2, "school": "Illusion", "classIds": ["bard", "sorcerer", "warlock", "wizard", "artificer"] },
  { "id": "knock", "name": "Knock", "level": 2, "school": "Transmutation", "classIds": ["bard", "sorcerer", "wizard"] },
  { "id": "legend-lore", "name": "Legend Lore", "level": 5, "school": "Divination", "classIds": ["bard", "cleric", "wizard"] },
  { "id": "leomunds-secret-chest", "name": "Leomund’s Secret Chest", "level": 4, "school": "Conjuration", "classIds": ["wizard", "cleric"] },
  { "id": "leomunds-tiny-hut", "name": "Leomund's Tiny Hut", "level": 3, "school": "Evocation", "classIds": ["bard", "wizard"] },
  { "id": "lesser-restoration", "name": "Lesser Restoration", "level": 2, "school": "Abjuration", "classIds": ["bard", "cleric", "druid", "paladin", "ranger", "artificer"] },
  { "id": "light", "name": "Light", "level": 0, "school": "Evocation", "classIds": ["bard", "cleric", "sorcerer", "wizard", "artificer"] },
  { "id": "lightning-bolt", "name": "Lightning Bolt", "level": 3, "school": "Evocation", "classIds": ["sorcerer", "wizard", "artificer"] },
  { "id": "locate-animals-or-plants", "name": "Locate Animals or Plants", "level": 2, "school": "Divination", "classIds": ["bard", "druid", "ranger"] },
  { "id": "locate-creature", "name": "Locate Creature", "level": 4, "school": "Divination", "classIds": ["bard", "cleric", "druid", "paladin", "ranger", "wizard"] },
  { "id": "locate-object", "name": "Locate Object", "level": 2, "school": "Divination", "classIds": ["bard", "cleric", "druid", "paladin", "ranger", "wizard"] },
  { "id": "longstrider", "name": "Longstrider", "level": 1, "school": "Transmutation", "classIds": ["bard", "druid", "ranger", "wizard", "artificer"] },
  { "id": "mage-hand", "name": "Mage Hand", "level": 0, "school": "Conjuration", "classIds": ["bard", "sorcerer", "warlock", "wizard"] },
  { "id": "magic-circle", "name": "Magic Circle", "level": 3, "school": "Abjuration", "classIds": ["cleric", "paladin", "warlock", "wizard"] },
  { "id": "magic-missile", "name": "Magic Missile", "level": 1, "school": "Evocation", "classIds": ["sorcerer", "wizard", "artificer"] },
  { "id": "magic-mouth", "name": "Magic Mouth", "level": 2, "school": "Illusion", "classIds": ["bard", "wizard", "artificer"] },
  { "id": "magic-weapon", "name": "Magic Weapon", "level": 2, "school": "Transmutation", "classIds": ["paladin", "wizard", "cleric", "artificer"] },
  { "id": "major-image", "name": "Major Image", "level": 3, "school": "Illusion", "classIds": ["bard", "sorcerer", "warlock", "wizard"] },
  { "id": "mass-cure-wounds", "name": "Mass Cure Wounds", "level": 5, "school": "Evocation", "classIds": ["bard", "cleric", "druid", "artificer"] },
  { "id": "mass-heal", "name": "Mass Heal", "level": 9, "school": "Evocation", "classIds": ["cleric"] },
  { "id": "mass-healing-word", "name": "Mass Healing Word", "level": 3, "school": "Evocation", "classIds": ["bard", "cleric", "artificer"] },
  { "id": "mass-polymorph", "name": "Mass Polymorph", "level": 9, "school": "Transmutation", "classIds": ["bard", "sorcerer", "wizard"] },
  { "id": "mass-suggestion", "name": "Mass Suggestion", "level": 6, "school": "Enchantment", "classIds": ["bard", "sorcerer", "warlock", "wizard"] },
  { "id": "meld-into-stone", "name": "Meld into Stone", "level": 3, "school": "Transmutation", "classIds": ["cleric", "druid"] },
  { "id": "melfs-acid-arrow", "name": "Melf’s Acid Arrow", "level": 2, "school": "Evocation", "classIds": ["wizard", "artificer"] },
  { "id": "mending", "name": "Mending", "level": 0, "school": "Transmutation", "classIds": ["bard", "cleric", "druid", "sorcerer", "wizard", "artificer"] },
  { "id": "message", "name": "Message", "level": 0, "school": "Transmutation", "classIds": ["bard", "sorcerer", "wizard", "artificer"] },
  { "id": "mind-blank", "name": "Mind Blank", "level": 8, "school": "Abjuration", "classIds": ["bard", "wizard"] },
  { "id": "minor-illusion", "name": "Minor Illusion", "level": 0, "school": "Illusion", "classIds": ["bard", "sorcerer", "warlock", "wizard"] },
  { "id": "mirage-arcane", "name": "Mirage Arcane", "level": 7, "school": "Illusion", "classIds": ["bard", "wizard"] },
  { "id": "mirror-image", "name": "Mirror Image", "level": 2, "school": "Illusion", "classIds": ["bard", "sorcerer", "warlock", "wizard", "cleric", "artificer"] },
  { "id": "mislead", "name": "Mislead", "level": 5, "school": "Illusion", "classIds": ["bard", "wizard", "cleric"] },
  { "id": "misty-step", "name": "Misty Step", "level": 2, "school": "Conjuration", "classIds": ["sorcerer", "warlock", "wizard", "paladin"] },
  { "id": "modify-memory", "name": "Modify Memory", "level": 5, "school": "Enchantment", "classIds": ["bard", "wizard", "cleric"] },
  { "id": "moonbeam", "name": "Moonbeam", "level": 2, "school": "Evocation", "classIds": ["druid", "cleric", "paladin"] },
  { "id": "mordenkainens-magnificent-mansion", "name": "Mordenkainen's Magnificent Mansion", "level": 7, "school": "Conjuration", "classIds": ["bard", "wizard"] },
  { "id": "mordenkainens-sword", "name": "Mordenkainen's Sword", "level": 7, "school": "Evocation", "classIds": ["bard", "wizard"] },
  { "id": "nondetection", "name": "Nondetection", "level": 3, "school": "Abjuration", "classIds": ["bard", "ranger", "wizard", "cleric", "paladin"] },
  { "id": "nystuls-magic-aura", "name": "Nystul’s Magic Aura", "level": 2, "school": "Illusion", "classIds": ["wizard", "cleric"] },
  { "id": "otilukes-resilient-sphere", "name": "Otiluke’s Resilient Sphere", "level": 4, "school": "Evocation", "classIds": ["wizard", "cleric", "paladin"] },
  { "id": "ottos-irresistible-dance", "name": "Otto's Irresistible Dance", "level": 6, "school": "Enchantment", "classIds": ["bard", "wizard"] },
  { "id": "pass-without-trace", "name": "Pass without Trace", "level": 2, "school": "Abjuration", "classIds": ["druid", "ranger", "cleric"] },
  { "id": "passwall", "name": "Passwall", "level": 5, "school": "Transmutation", "classIds": ["wizard", "artificer"] },
  { "id": "phantasmal-force", "name": "Phantasmal Force", "level": 2, "school": "Illusion", "classIds": ["bard", "sorcerer", "wizard"] },
  { "id": "phantasmal-killer", "name": "Phantasmal Killer", "level": 4, "school": "Illusion", "classIds": ["bard", "warlock", "wizard"] },
  { "id": "plane-shift", "name": "Plane Shift", "level": 7, "school": "Conjuration", "classIds": ["cleric", "druid", "sorcerer", "warlock", "wizard"] },
  { "id": "planar-binding", "name": "Planar Binding", "level": 5, "school": "Abjuration", "classIds": ["bard", "cleric", "druid", "wizard"] },
  { "id": "plant-growth", "name": "Plant Growth", "level": 3, "school": "Transmutation", "classIds": ["bard", "druid", "ranger", "cleric", "paladin"] },
  { "id": "poison-spray", "name": "Poison Spray", "level": 0, "school": "Conjuration", "classIds": ["druid", "sorcerer", "warlock", "wizard", "artificer"] },
  { "id": "polymorph", "name": "Polymorph", "level": 4, "school": "Transmutation", "classIds": ["bard", "druid", "sorcerer", "wizard", "cleric"] },
  { "id": "power-word-heal", "name": "Power Word Heal", "level": 9, "school": "Evocation", "classIds": ["bard", "cleric"] },
  { "id": "power-word-kill", "name": "Power Word Kill", "level": 9, "school": "Enchantment", "classIds": ["bard", "sorcerer", "warlock", "wizard"] },
  { "id": "power-word-stun", "name": "Power Word Stun", "level": 8, "school": "Enchantment", "classIds": ["bard", "sorcerer", "warlock", "wizard"] },
  { "id": "prestidigitation", "name": "Prestidigitation", "level": 0, "school": "Transmutation", "classIds": ["bard", "sorcerer", "warlock", "wizard", "artificer"] },
  { "id": "prismatic-spray", "name": "Prismatic Spray", "level": 7, "school": "Evocation", "classIds": ["bard", "sorcerer", "wizard"] },
  { "id": "prismatic-wall", "name": "Prismatic Wall", "level": 9, "school": "Abjuration", "classIds": ["bard", "wizard"] },
  { "id": "produce-flame", "name": "Produce Flame", "level": 0, "school": "Conjuration", "classIds": ["druid"] },
  { "id": "programmed-illusion", "name": "Programmed Illusion", "level": 6, "school": "Illusion", "classIds": ["bard", "wizard"] },
  { "id": "project-image", "name": "Project Image", "level": 7, "school": "Illusion", "classIds": ["bard", "wizard"] },
  { "id": "protection-from-energy", "name": "Protection from Energy", "level": 3, "school": "Abjuration", "classIds": ["cleric", "druid", "ranger", "sorcerer", "wizard", "paladin", "artificer"] },
  { "id": "protection-from-evil-and-good", "name": "Protection from Evil and Good", "level": 1, "school": "Abjuration", "classIds": ["cleric", "paladin", "warlock", "wizard"] },
  { "id": "raise-dead", "name": "Raise Dead", "level": 5, "school": "Necromancy", "classIds": ["bard", "cleric", "paladin", "artificer"] },
  { "id": "rarys-telepathic-bond", "name": "Rary’s Telepathic Bond", "level": 5, "school": "Divination", "classIds": ["bard", "wizard", "cleric"] },
  { "id": "ray-of-enfeeblement", "name": "Ray of Enfeeblement", "level": 2, "school": "Necromancy", "classIds": ["warlock", "wizard", "cleric"] },
  { "id": "ray-of-frost", "name": "Ray of Frost", "level": 0, "school": "Evocation", "classIds": ["sorcerer", "wizard", "artificer"] },
  { "id": "ray-of-sickness", "name": "Ray of Sickness", "level": 1, "school": "Necromancy", "classIds": ["sorcerer", "wizard", "cleric", "artificer"] },
  { "id": "regenerate", "name": "Regenerate", "level": 7, "school": "Transmutation", "classIds": ["bard", "cleric", "druid"] },
  { "id": "resistance", "name": "Resistance", "level": 0, "school": "Abjuration", "classIds": ["cleric", "druid", "artificer"] },
  { "id": "resurrection", "name": "Resurrection", "level": 7, "school": "Necromancy", "classIds": ["bard", "cleric"] },
  { "id": "revivify", "name": "Revivify", "level": 3, "school": "Necromancy", "classIds": ["cleric", "paladin", "artificer"] },
  { "id": "sacred-flame", "name": "Sacred Flame", "level": 0, "school": "Evocation", "classIds": ["cleric"] },
  { "id": "sanctuary", "name": "Sanctuary", "level": 1, "school": "Abjuration", "classIds": ["cleric", "paladin", "artificer"] },
  { "id": "scorching-ray", "name": "Scorching Ray", "level": 2, "school": "Evocation", "classIds": ["sorcerer", "wizard", "cleric", "artificer"] },
  { "id": "scrying", "name": "Scrying", "level": 5, "school": "Divination", "classIds": ["bard", "cleric", "druid", "warlock", "wizard", "paladin"] },
  { "id": "searing-smite", "name": "Searing Smite", "level": 1, "school": "Evocation", "classIds": ["paladin", "cleric"] },
  { "id": "see-invisibility", "name": "See Invisibility", "level": 2, "school": "Divination", "classIds": ["bard", "sorcerer", "wizard", "cleric", "paladin", "artificer"] },
  { "id": "seeming", "name": "Seeming", "level": 5, "school": "Illusion", "classIds": ["bard", "sorcerer", "wizard"] },
  { "id": "sending", "name": "Sending", "level": 3, "school": "Evocation", "classIds": ["bard", "cleric", "wizard"] },
  { "id": "shapechange", "name": "Shapechange", "level": 9, "school": "Transmutation", "classIds": ["druid", "wizard"] },
  { "id": "shatter", "name": "Shatter", "level": 2, "school": "Evocation", "classIds": ["bard", "sorcerer", "warlock", "wizard", "cleric", "artificer"] },
  { "id": "shield", "name": "Shield", "level": 1, "school": "Abjuration", "classIds": ["sorcerer", "wizard", "artificer", "paladin"] },
  { "id": "shield-of-faith", "name": "Shield of Faith", "level": 1, "school": "Abjuration", "classIds": ["cleric", "paladin"] },
  { "id": "shillelagh", "name": "Shillelagh", "level": 0, "school": "Transmutation", "classIds": ["druid"] },
  { "id": "shocking-grasp", "name": "Shocking Grasp", "level": 0, "school": "Evocation", "classIds": ["sorcerer", "wizard", "artificer"] },
  { "id": "silence", "name": "Silence", "level": 2, "school": "Illusion", "classIds": ["bard", "cleric", "ranger"] },
  { "id": "silent-image", "name": "Silent Image", "level": 1, "school": "Illusion", "classIds": ["bard", "sorcerer", "wizard"] },
  { "id": "sleet-storm", "name": "Sleet Storm", "level": 3, "school": "Conjuration", "classIds": ["druid", "sorcerer", "wizard"] },
  { "id": "sleep", "name": "Sleep", "level": 1, "school": "Enchantment", "classIds": ["bard", "sorcerer", "wizard", "cleric", "paladin"] },
  { "id": "slow", "name": "Slow", "level": 3, "school": "Transmutation", "classIds": ["bard", "sorcerer", "wizard", "cleric"] },
  { "id": "spare-the-dying", "name": "Spare the Dying", "level": 0, "school": "Necromancy", "classIds": ["cleric", "artificer"] },
  { "id": "speak-with-animals", "name": "Speak with Animals", "level": 1, "school": "Divination", "classIds": ["bard", "druid", "ranger", "cleric", "paladin"] },
  { "id": "speak-with-dead", "name": "Speak with Dead", "level": 3, "school": "Necromancy", "classIds": ["bard", "cleric"] },
  { "id": "speak-with-plants", "name": "Speak with Plants", "level": 3, "school": "Transmutation", "classIds": ["bard", "druid", "ranger"] },
  { "id": "spider-climb", "name": "Spider Climb", "level": 2, "school": "Transmutation", "classIds": ["sorcerer", "warlock", "wizard", "artificer", "druid"] },
  { "id": "spike-growth", "name": "Spike Growth", "level": 2, "school": "Transmutation", "classIds": ["druid", "ranger", "cleric"] },
  { "id": "spirit-guardians", "name": "Spirit Guardians", "level": 3, "school": "Conjuration", "classIds": ["cleric", "paladin"] },
  { "id": "spiritual-weapon", "name": "Spiritual Weapon", "level": 2, "school": "Evocation", "classIds": ["cleric", "paladin"] },
  { "id": "stinking-cloud", "name": "Stinking Cloud", "level": 3, "school": "Conjuration", "classIds": ["bard", "sorcerer", "wizard"] },
  { "id": "stone-shape", "name": "Stone Shape", "level": 4, "school": "Transmutation", "classIds": ["cleric", "druid", "wizard", "artificer"] },
  { "id": "stoneskin", "name": "Stoneskin", "level": 4, "school": "Abjuration", "classIds": ["druid", "ranger", "sorcerer", "wizard", "cleric", "paladin"] },
  { "id": "storm-of-vengeance", "name": "Storm of Vengeance", "level": 9, "school": "Conjuration", "classIds": ["druid"] },
  { "id": "suggestion", "name": "Suggestion", "level": 2, "school": "Enchantment", "classIds": ["bard", "sorcerer", "warlock", "wizard", "cleric"] },
  { "id": "summon-beast", "name": "Summon Beast", "level": 2, "school": "Conjuration", "classIds": ["druid", "ranger"] },
  { "id": "summon-elemental", "name": "Summon Elemental", "level": 4, "school": "Conjuration", "classIds": ["druid", "ranger", "wizard"] },
  { "id": "summon-fey", "name": "Summon Fey", "level": 3, "school": "Conjuration", "classIds": ["druid", "ranger", "warlock", "wizard"] },
  { "id": "sunbeam", "name": "Sunbeam", "level": 6, "school": "Evocation", "classIds": ["cleric", "druid", "sorcerer", "wizard"] },
  { "id": "sunburst", "name": "Sunburst", "level": 8, "school": "Evocation", "classIds": ["cleric", "druid", "sorcerer", "wizard"] },
  { "id": "symbol", "name": "Symbol", "level": 7, "school": "Abjuration", "classIds": ["bard", "cleric", "wizard"] },
  { "id": "tashas-hideous-laughter", "name": "Tasha's Hideous Laughter", "level": 1, "school": "Enchantment", "classIds": ["bard", "wizard"] },
  { "id": "teleport", "name": "Teleport", "level": 7, "school": "Conjuration", "classIds": ["bard", "sorcerer", "wizard"] },
  { "id": "teleportation-circle", "name": "Teleportation Circle", "level": 5, "school": "Conjuration", "classIds": ["bard", "sorcerer", "wizard", "cleric"] },
  { "id": "thaumaturgy", "name": "Thaumaturgy", "level": 0, "school": "Transmutation", "classIds": ["cleric"] },
  { "id": "thorn-whip", "name": "Thorn Whip", "level": 0, "school": "Transmutation", "classIds": ["druid", "artificer"] },
  { "id": "thunderwave", "name": "Thunderwave", "level": 1, "school": "Evocation", "classIds": ["bard", "druid", "sorcerer", "wizard", "cleric", "artificer"] },
  { "id": "toll-the-dead", "name": "Toll the Dead", "level": 0, "school": "Necromancy", "classIds": ["cleric", "warlock", "wizard"] },
  { "id": "tongues", "name": "Tongues", "level": 3, "school": "Divination", "classIds": ["bard", "cleric", "sorcerer", "warlock", "wizard"] },
  { "id": "tree-stride", "name": "Tree Stride", "level": 5, "school": "Conjuration", "classIds": ["druid", "ranger", "cleric", "paladin"] },
  { "id": "true-polymorph", "name": "True Polymorph", "level": 9, "school": "Transmutation", "classIds": ["bard", "warlock", "wizard"] },
  { "id": "true-resurrection", "name": "True Resurrection", "level": 9, "school": "Necromancy", "classIds": ["cleric", "druid"] },
  { "id": "true-seeing", "name": "True Seeing", "level": 6, "school": "Divination", "classIds": ["bard", "cleric", "sorcerer", "warlock", "wizard"] },
  { "id": "true-strike", "name": "True Strike", "level": 0, "school": "Divination", "classIds": ["bard", "sorcerer", "warlock", "wizard"] },
  { "id": "unseen-servant", "name": "Unseen Servant", "level": 1, "school": "Conjuration", "classIds": ["bard", "warlock", "wizard"] },
  { "id": "vampiric-touch", "name": "Vampiric Touch", "level": 3, "school": "Necromancy", "classIds": ["warlock", "wizard", "cleric"] },
  { "id": "vicious-mockery", "name": "Vicious Mockery", "level": 0, "school": "Enchantment", "classIds": ["bard"] },
  { "id": "wall-of-fire", "name": "Wall of Fire", "level": 4, "school": "Evocation", "classIds": ["druid", "sorcerer", "wizard", "cleric", "artificer"] },
  { "id": "wall-of-force", "name": "Wall of Force", "level": 5, "school": "Evocation", "classIds": ["wizard", "artificer"] },
  { "id": "wall-of-stone", "name": "Wall of Stone", "level": 5, "school": "Evocation", "classIds": ["druid", "sorcerer", "wizard", "artificer"] },
  { "id": "warding-bond", "name": "Warding Bond", "level": 2, "school": "Abjuration", "classIds": ["cleric", "paladin", "artificer"] },
  { "id": "water-breathing", "name": "Water Breathing", "level": 3, "school": "Transmutation", "classIds": ["druid", "ranger", "sorcerer", "wizard", "artificer"] },
  { "id": "water-walk", "name": "Water Walk", "level": 3, "school": "Transmutation", "classIds": ["cleric", "druid", "ranger", "sorcerer"] },
  { "id": "web", "name": "Web", "level": 2, "school": "Conjuration", "classIds": ["sorcerer", "wizard", "artificer", "druid"] },
  { "id": "wind-wall", "name": "Wind Wall", "level": 3, "school": "Evocation", "classIds": ["druid", "ranger", "artificer"] },
  { "id": "word-of-recall", "name": "Word of Recall", "level": 6, "school": "Conjuration", "classIds": ["cleric"] },
  { "id": "zone-of-truth", "name": "Zone of Truth", "level": 2, "school": "Enchantment", "classIds": ["bard", "cleric", "paladin"] }
]
