[
    {
        "id": "passwall",
        "name": "Passwall",
        "level": 5,
        "school": "Transmutation",
        "castingTime": "1 Action",
        "range": "30 feet",
        "components": "V, S, M (a pinch of sesame seeds)",
        "duration": "1 hour",
        "description": "A passage appears at a point of your choice that you can see on a wooden, plaster, or stone surface (such as a wall, a ceiling, or a floor) within range, and lasts for the duration. You choose the opening’s dimensions: up to 5 feet wide, 8 feet tall, and 20 feet deep. The passage creates no instability in a structure surrounding it.",
        "classIds": ["wizard", "artificer"],
        "requiresConcentration": false,
        "ritual": false,
        "cost": "action"
    },
    {
        "id": "wall-of-force",
        "name": "Wall of Force",
        "level": 5,
        "school": "Evocation",
        "castingTime": "1 Action",
        "range": "120 feet",
        "components": "V, S, M (a pinch of powder made from a clear gem)",
        "duration": "Concentration, up to 10 minutes",
        "description": "An invisible wall of force springs into existence at a point you choose within range. The wall appears in any orientation you choose, as a horizontal or vertical barrier or at an angle. It can be free floating or resting on a solid surface. You can form it into a hemispherical dome or a sphere with a radius of up to 10 feet, or you can shape a flat surface made up of ten 10-foot-by-10-foot panels.",
        "classIds": ["wizard", "artificer"],
        "requiresConcentration": true,
        "template": { "type": "sphere", "size": 10 },
        "ritual": false,
        "cost": "action"
    },
    {
        "id": "cone-of-cold",
        "name": "Cone of Cold",
        "level": 5,
        "school": "Evocation",
        "castingTime": "1 Action",
        "range": "Self (60-foot cone)",
        "components": "V, S, M (a small crystal or glass cone)",
        "duration": "Instantaneous",
        "description": "A blast of cold air erupts from your hands. Each creature in a 60-foot cone must make a Constitution saving throw. A creature takes 8d8 cold damage on a failed save, or half as much damage on a successful one.",
        "higherLevel": "When you cast this spell using a spell slot of 6th level or higher, the damage increases by 1d8 for each slot level above 5th.",
        "damage": { "dice": "8d8", "type": "cold" },
        "classIds": ["sorcerer", "wizard", "artificer"],
        "template": { "type": "cone", "size": 60 },
        "requiresConcentration": false,
        "ritual": false,
        "cost": "action"
    },
    {
        "id": "banishing-smite",
        "name": "Banishing Smite",
        "level": 5,
        "school": "Abjuration",
        "castingTime": "1 Bonus Action",
        "range": "Self",
        "components": "V",
        "duration": "Concentration, up to 1 minute",
        "description": "The next time you hit a creature with a weapon attack before this spell ends, your weapon crackles with force, and the attack deals an extra 5d10 force damage to the target. Additionally, if this attack reduces the target to 50 hit points or fewer, you banish it.",
        "damage": { "dice": "5d10", "type": "force" },
        "classIds": ["paladin", "artificer"],
        "requiresConcentration": true,
        "ritual": false,
        "cost": "bonus action"
    },
    {
        "id": "mass-cure-wounds",
        "name": "Mass Cure Wounds",
        "level": 5,
        "school": "Evocation",
        "castingTime": "1 Action",
        "range": "60 feet",
        "components": "V, S",
        "duration": "Instantaneous",
        "description": "A wave of healing energy washes out from a point of your choice within range. Choose up to six creatures in a 30-foot-radius sphere centered on that point. Each target regains hit points equal to 3d8 + your spellcasting ability modifier. This spell has no effect on undead or constructs.",
        "higherLevel": "When you cast this spell using a spell slot of 6th level or higher, the healing increases by 1d8 for each slot level above 5th.",
        "classIds": ["bard", "cleric", "druid", "artificer"],
        "template": { "type": "sphere", "size": 30 },
        "requiresConcentration": false,
        "ritual": false,
        "cost": "action"
    },
    {
        "id": "raise-dead",
        "name": "Raise Dead",
        "level": 5,
        "school": "Necromancy",
        "castingTime": "1 hour",
        "range": "Touch",
        "components": "V, S, M (a diamond worth at least 500 gp, which the spell consumes)",
        "duration": "Instantaneous",
        "description": "You return a dead creature you touch to life, provided that it has been dead for no more than 10 days. If the creature’s soul is both willing and at liberty to rejoin the body, the creature returns to life with 1 hit point.",
        "classIds": ["bard", "cleric", "paladin", "artificer"],
        "requiresConcentration": false,
        "ritual": false
    },
    { "id": "planar-binding", "name": "Planar Binding", "level": 5, "school": "Abjuration", "castingTime": "1 hour", "range": "60 feet", "components": "V, S, M", "duration": "24 hours", "description": "With this spell, you attempt to bind a celestial, an elemental, a fey, or a fiend to your service.", "classIds": ["bard", "cleric", "druid", "wizard"], "requiresConcentration": false, "ritual": false },
    { "id": "teleportation-circle", "name": "Teleportation Circle", "level": 5, "school": "Conjuration", "castingTime": "1 minute", "range": "10 feet", "components": "V, M", "duration": "1 round", "description": "As you cast the spell, you draw a 10-foot-diameter circle on the ground inscribed with sigils that link your location to a permanent teleportation circle of your choice.", "classIds": ["bard", "sorcerer", "wizard", "cleric"], "requiresConcentration": false, "ritual": false },
    { "id": "antilife-shell", "name": "Antilife Shell", "level": 5, "school": "Abjuration", "castingTime": "1 Action", "range": "Self (10-foot radius)", "components": "V, S", "duration": "Concentration, up to 1 hour", "description": "A shimmering barrier extends out from you in a 10-foot radius and moves with you, remaining centered on you and hedging out creatures other than constructs and undead.", "classIds": ["druid", "cleric"], "requiresConcentration": true, "template": { "type": "sphere", "size": 10 }, "ritual": false, "cost": "action" },
    { "id": "cloudkill", "name": "Cloudkill", "level": 5, "school": "Conjuration", "castingTime": "1 Action", "range": "120 feet", "components": "V, S", "duration": "Concentration, up to 10 minutes", "description": "You create a 20-foot-radius sphere of poisonous, yellow-green fog centered on a point you choose within range.", "classIds": ["sorcerer", "wizard", "cleric", "paladin", "artificer"], "requiresConcentration": true, "template": { "type": "sphere", "size": 20 }, "ritual": false, "cost": "action" },
    { "id": "animate-objects", "name": "Animate Objects", "level": 5, "school": "Transmutation", "castingTime": "1 Action", "range": "120 feet", "components": "V, S", "duration": "Concentration, up to 1 minute", "description": "Objects come to life at your command. Choose up to ten nonmagical objects within range that are not being worn or carried.", "classIds": ["bard", "sorcerer", "wizard", "cleric", "artificer"], "requiresConcentration": true, "ritual": false, "cost": "action" },
    { "id": "creation", "name": "Creation", "level": 5, "school": "Illusion", "castingTime": "1 minute", "range": "30 feet", "components": "V, S, M", "duration": "Special", "description": "You pull wisps of shadow material from the Shadowfell to create a nonliving object of vegetable matter within range.", "classIds": ["sorcerer", "wizard", "cleric", "artificer"], "requiresConcentration": false, "ritual": false },
    { "id": "legend-lore", "name": "Legend Lore", "level": 5, "school": "Divination", "castingTime": "10 minutes", "range": "Self", "components": "V, S, M", "duration": "Instantaneous", "description": "Name or describe a person, place, or object. The spell brings to your mind a brief summary of the significant lore about the thing you named.", "classIds": ["bard", "cleric", "wizard"], "requiresConcentration": false, "ritual": false },
    { "id": "scrying", "name": "Scrying", "level": 5, "school": "Divination", "castingTime": "10 minutes", "range": "Self", "components": "V, S, M", "duration": "Concentration, up to 10 minutes", "description": "You can see and hear a particular creature you choose that is on the same plane of existence as you.", "classIds": ["bard", "cleric", "druid", "warlock", "wizard", "paladin"], "requiresConcentration": true, "ritual": false },
    { "id": "commune", "name": "Commune", "level": 5, "school": "Divination", "castingTime": "1 minute (Ritual)", "range": "Self", "components": "V, S, M", "duration": "1 minute", "description": "You contact your deity or a divine proxy and ask up to three questions that can be answered with a yes or no.", "classIds": ["cleric", "paladin"], "ritual": true, "requiresConcentration": false },
    { "id": "dominate-person", "name": "Dominate Person", "level": 5, "school": "Enchantment", "castingTime": "1 Action", "range": "60 feet", "components": "V, S", "duration": "Concentration, up to 1 minute", "description": "You attempt to beguile a humanoid that you can see within range. It must succeed on a Wisdom saving throw or be charmed by you for the duration.", "classIds": ["bard", "sorcerer", "wizard", "cleric", "paladin"], "requiresConcentration": true, "ritual": false, "cost": "action" },
    { "id": "greater-restoration", "name": "Greater Restoration", "level": 5, "school": "Abjuration", "castingTime": "1 Action", "range": "Touch", "components": "V, S, M", "duration": "Instantaneous", "description": "You imbue a creature you touch with positive energy to undo a debilitating effect.", "classIds": ["bard", "cleric", "druid", "artificer"], "requiresConcentration": false, "ritual": false, "cost": "action" },
    { "id": "rarys-telepathic-bond", "name": "Rary’s Telepathic Bond", "level": 5, "school": "Divination", "castingTime": "1 Action (Ritual)", "range": "30 feet", "components": "V, S, M", "duration": "1 hour", "description": "You forge a telepathic link among up to eight willing creatures of your choice within range, psychically linking each creature to all the others for the duration.", "classIds": ["bard", "wizard", "cleric"], "ritual": true, "requiresConcentration": false, "cost": "action" },
    { "id": "flame-strike", "name": "Flame Strike", "level": 5, "school": "Evocation", "castingTime": "1 Action", "range": "60 feet", "components": "V, S, M", "duration": "Instantaneous", "description": "A vertical column of divine fire roars down from the heavens in a location you specify.", "classIds": ["cleric", "paladin"], "template": { "type": "sphere", "size": 10 }, "requiresConcentration": false, "ritual": false, "cost": "action" },
    { "id": "insect-plague", "name": "Insect Plague", "level": 5, "school": "Conjuration", "castingTime": "1 Action", "range": "300 feet", "components": "V, S, M", "duration": "Concentration, up to 10 minutes", "description": "Swarming, biting locusts fill a 20-foot-radius sphere centered on a point you choose within range.", "classIds": ["cleric", "druid", "sorcerer"], "requiresConcentration": true, "template": { "type": "sphere", "size": 20 }, "ritual": false, "cost": "action" },
    { "id": "tree-stride", "name": "Tree Stride", "level": 5, "school": "Conjuration", "castingTime": "1 Action", "range": "Self", "components": "V, S", "duration": "Concentration, up to 1 minute", "description": "You gain the ability to enter a tree and move from inside it to inside another tree of the same kind within 500 feet.", "classIds": ["druid", "ranger", "cleric", "paladin"], "requiresConcentration": true, "ritual": false, "cost": "action" },
    { "id": "destructive-wave", "name": "Destructive Wave", "level": 5, "school": "Evocation", "castingTime": "1 Action", "range": "Self (30-foot radius)", "components": "V", "duration": "Instantaneous", "description": "You strike the ground, creating a burst of divine energy that ripples outward from you.", "classIds": ["paladin", "cleric"], "template": { "type": "sphere", "size": 30 }, "requiresConcentration": false, "ritual": false, "cost": "action" },
    { "id": "hold-monster", "name": "Hold Monster", "level": 5, "school": "Enchantment", "castingTime": "1 Action", "range": "90 feet", "components": "V, S, M", "duration": "Concentration, up to 1 minute", "description": "Choose a creature that you can see within range. The target must succeed on a Wisdom saving throw or be paralyzed for the duration.", "classIds": ["bard", "sorcerer", "warlock", "wizard", "cleric", "paladin"], "requiresConcentration": true, "ritual": false, "cost": "action" },
    { "id": "modify-memory", "name": "Modify Memory", "level": 5, "school": "Enchantment", "castingTime": "1 Action", "range": "30 feet", "components": "V, S", "duration": "Concentration, up to 1 minute", "description": "You attempt to reshape another creature’s memories.", "classIds": ["bard", "wizard", "cleric"], "requiresConcentration": true, "ritual": false, "cost": "action" },
    { "id": "circle-of-power", "name": "Circle of Power", "level": 5, "school": "Abjuration", "castingTime": "1 Action", "range": "Self (30-foot radius)", "components": "V", "duration": "Concentration, up to 10 minutes", "description": "Divine energy radiates from you, warding you and your companions from harm.", "classIds": ["paladin", "cleric"], "requiresConcentration": true, "template": { "type": "sphere", "size": 30 }, "ritual": false, "cost": "action" },
    { "id": "mislead", "name": "Mislead", "level": 5, "school": "Illusion", "castingTime": "1 Action", "range": "Self", "components": "S", "duration": "Concentration, up to 1 hour", "description": "You become invisible at the same time that an illusory double of you appears where you are standing.", "classIds": ["bard", "wizard", "cleric"], "requiresConcentration": true, "ritual": false, "cost": "action" },
    { "id": "commune-with-nature", "name": "Commune with Nature", "level": 5, "school": "Divination", "castingTime": "1 minute (Ritual)", "range": "Self", "components": "V, S", "duration": "Instantaneous", "description": "You briefly become one with nature and gain knowledge of the surrounding territory.", "classIds": ["druid", "ranger", "paladin"], "ritual": true, "requiresConcentration": false },
    { "id": "geas", "name": "Geas", "level": 5, "school": "Enchantment", "castingTime": "1 minute", "range": "60 feet", "components": "V", "duration": "30 days", "description": "You place a magical command on a creature that you can see within range, forcing it to carry out some service or refrain from some action or course of activity as you decide.", "classIds": ["bard", "cleric", "druid", "paladin", "wizard"], "requiresConcentration": false, "ritual": false },
    { "id": "awaken", "name": "Awaken", "level": 5, "school": "Transmutation", "castingTime": "8 hours", "range": "Touch", "components": "V, S, M (an agate worth at least 1,000 gp, which the spell consumes)", "duration": "Instantaneous", "description": "After spending the casting time tracing magical pathways within a precious gemstone, you touch a Huge or smaller beast or plant. The target must have either no Intelligence score or an Intelligence of 3 or less. The target gains an Intelligence of 10. The target also gains the ability to speak one language you know.", "classIds": ["bard", "druid"], "requiresConcentration": false, "ritual": false },
    { "id": "dream", "name": "Dream", "level": 5, "school": "Illusion", "castingTime": "1 minute", "range": "Special", "components": "V, S, M (a handful of sand, a dab of ink, and a writing quill plucked from a sleeping bird)", "duration": "8 hours", "description": "This spell shapes a creature’s dreams. Choose a creature known to you as the target of this spell. The target must be on the same plane of existence as you. You, or a willing creature you touch, enters a trance state, acting as a messenger.", "classIds": ["bard", "warlock", "wizard"], "requiresConcentration": false, "ritual": false },
    { "id": "seeming", "name": "Seeming", "level": 5, "school": "Illusion", "castingTime": "1 Action", "range": "30 feet", "components": "V, S", "duration": "8 hours", "description": "This spell allows you to change the appearance of any number of creatures that you can see within range. You give each target you choose a new, illusory appearance.", "classIds": ["bard", "sorcerer", "wizard"], "requiresConcentration": false, "ritual": false, "cost": "action" },
    { "id": "wall-of-stone", "name": "Wall of Stone", "level": 5, "school": "Evocation", "castingTime": "1 Action", "range": "120 feet", "components": "V, S, M (a small block of granite)", "duration": "Concentration, up to 10 minutes", "description": "A nonmagical wall of solid stone springs into existence at a point you choose within range. The wall is 6 inches thick and is composed of ten 10-by-10-foot panels.", "classIds": ["druid", "sorcerer", "wizard", "artificer"], "requiresConcentration": true, "template": { "type": "line", "size": 100, "size2": 10 }, "ritual": false, "cost": "action" },
    { "id": "contagion", "name": "Contagion", "level": 5, "school": "Necromancy", "castingTime": "1 Action", "range": "Touch", "components": "V, S", "duration": "7 days", "description": "Your touch inflicts disease. Make a melee spell attack against a creature within your reach. On a hit, you afflict the creature with a disease of your choice from several options.", "classIds": ["cleric", "druid"], "requiresConcentration": false, "ritual": false, "cost": "action" }
]
