[
    {
        "id": "fire-shield",
        "name": "Fire Shield",
        "level": 4,
        "school": "Evocation",
        "castingTime": "1 Action",
        "range": "Self",
        "components": "V, S, M (a bit of phosphorus or a firefly)",
        "duration": "10 minutes",
        "description": "Thin wisps of flame wreathe your body for the duration, shedding bright light in a 10-foot radius and dim light for an additional 10 feet. You can end the spell early by using an action to dismiss it. The flames provide you with a warm shield or a chill shield, as you choose. The warm shield grants you resistance to cold damage, and the chill shield grants you resistance to fire damage. In addition, whenever a creature within 5 feet of you hits you with a melee attack, the shield erupts with flame. The attacker takes 2d8 fire damage from a warm shield, or 2d8 cold damage from a chill shield.",
        "damage": { "dice": "2d8", "type": "fire or cold" },
        "classIds": ["wizard", "artificer", "paladin"],
        "requiresConcentration": false,
        "ritual": false,
        "cost": "action"
    },
    {
        "id": "death-ward",
        "name": "Death Ward",
        "level": 4,
        "school": "Abjuration",
        "castingTime": "1 Action",
        "range": "Touch",
        "components": "V, S",
        "duration": "8 hours",
        "description": "You touch a creature and grant it a measure of protection from death. The first time the target would drop to 0 hit points as a result of taking damage, the target instead drops to 1 hit point, and the spell ends. If the spell is still in effect when the target is subjected to an effect that would kill it instantaneously without dealing damage, that effect is instead negated against the target, and the spell ends.",
        "classIds": ["cleric", "paladin", "artificer"],
        "requiresConcentration": false,
        "ritual": false,
        "cost": "action"
    },
    {
        "id": "guardian-of-faith",
        "name": "Guardian of Faith",
        "level": 4,
        "school": "Conjuration",
        "castingTime": "1 Action",
        "range": "30 feet",
        "components": "V",
        "duration": "8 hours",
        "description": "A Large spectral guardian appears and hovers for the duration in an unoccupied space of your choice that you can see within range. The guardian occupies that space and is indistinct except for a glimmering sword and shield brandished in its hands. Any creature hostile to you that moves to a space within 10 feet of the guardian must succeed on a Dexterity saving throw or take 20 radiant damage.",
        "damage": { "dice": "20", "type": "radiant" },
        "classIds": ["cleric", "paladin"],
        "requiresConcentration": false,
        "ritual": false,
        "cost": "action"
    },
    { "id": "arcane-eye", "name": "Arcane Eye", "level": 4, "school": "Divination", "castingTime": "1 Action", "range": "30 feet", "components": "V, S, M", "duration": "Concentration, up to 1 hour", "description": "You create an invisible, magical eye within range that hovers for the duration.", "classIds": ["wizard", "cleric", "artificer"], "requiresConcentration": true, "ritual": false, "cost": "action" },
    { "id": "leomunds-secret-chest", "name": "Leomund’s Secret Chest", "level": 4, "school": "Conjuration", "castingTime": "1 Action", "range": "Touch", "components": "V, S, M", "duration": "Instantaneous", "description": "You hide a chest, and all its contents, on the Ethereal Plane.", "classIds": ["wizard", "cleric"], "requiresConcentration": false, "ritual": false, "cost": "action" },
    { "id": "blight", "name": "Blight", "level": 4, "school": "Necromancy", "castingTime": "1 Action", "range": "30 feet", "components": "V, S", "duration": "Instantaneous", "description": "Necromantic energy washes over a creature of your choice that you can see within range, draining moisture and vitality from it.", "classIds": ["druid", "sorcerer", "warlock", "wizard", "cleric", "artificer"], "requiresConcentration": false, "ritual": false, "cost": "action" },
    { "id": "fabricate", "name": "Fabricate", "level": 4, "school": "Transmutation", "castingTime": "10 minutes", "range": "120 feet", "components": "V, S", "duration": "Instantaneous", "description": "You convert raw materials into products of the same material.", "classIds": ["wizard", "cleric", "artificer"], "requiresConcentration": false, "ritual": false },
    { "id": "wall-of-fire", "name": "Wall of Fire", "level": 4, "school": "Evocation", "castingTime": "1 Action", "range": "120 feet", "components": "V, S, M", "duration": "Concentration, up to 1 minute", "description": "You create a wall of fire on a solid surface within range.", "classIds": ["druid", "sorcerer", "wizard", "cleric", "artificer"], "requiresConcentration": true, "template": { "type": "line", "size": 60, "size2": 1 }, "ritual": false, "cost": "action" },
    { "id": "confusion", "name": "Confusion", "level": 4, "school": "Enchantment", "castingTime": "1 Action", "range": "90 feet", "components": "V, S, M", "duration": "Concentration, up to 1 minute", "description": "This spell assails and twists the minds of creatures, spawning delusions and provoking uncontrolled action.", "classIds": ["bard", "druid", "sorcerer", "wizard", "cleric"], "requiresConcentration": true, "template": { "type": "sphere", "size": 10 }, "ritual": false, "cost": "action" },
    { "id": "compulsion", "name": "Compulsion", "level": 4, "school": "Enchantment", "castingTime": "1 Action", "range": "30 feet", "components": "V, S", "duration": "Concentration, up to 1 minute", "description": "Creatures of your choice that you can see within range and that can hear you must make a Wisdom saving throw.", "classIds": ["bard", "cleric", "paladin"], "requiresConcentration": true, "ritual": false, "cost": "action" },
    { "id": "locate-creature", "name": "Locate Creature", "level": 4, "school": "Divination", "castingTime": "1 Action", "range": "Self", "components": "V, S, M", "duration": "Concentration, up to 1 hour", "description": "Describe or name a creature that is familiar to you. You sense the direction to the creature’s location, as long as that creature is within 1,000 feet of you.", "classIds": ["bard", "cleric", "druid", "paladin", "ranger", "wizard"], "requiresConcentration": true, "ritual": false, "cost": "action" },
    { "id": "aura-of-purity", "name": "Aura of Purity", "level": 4, "school": "Abjuration", "castingTime": "1 Action", "range": "Self (30-foot radius)", "components": "V", "duration": "Concentration, up to 10 minutes", "description": "Purifying energy radiates from you in an aura with a 30-foot radius.", "classIds": ["paladin", "cleric", "artificer"], "requiresConcentration": true, "template": { "type": "sphere", "size": 30 }, "ritual": false, "cost": "action" },
    { "id": "otilukes-resilient-sphere", "name": "Otiluke’s Resilient Sphere", "level": 4, "school": "Evocation", "castingTime": "1 Action", "range": "30 feet", "components": "V, S, M", "duration": "Concentration, up to 1 minute", "description": "A sphere of shimmering force encloses a creature or object of Large size or smaller within range.", "classIds": ["wizard", "cleric", "paladin"], "requiresConcentration": true, "ritual": false, "cost": "action" },
    { "id": "control-water", "name": "Control Water", "level": 4, "school": "Transmutation", "castingTime": "1 Action", "range": "300 feet", "components": "V, S, M", "duration": "Concentration, up to 10 minutes", "description": "You control any freestanding water inside an area you choose that is a cube of 100 feet on a side.", "classIds": ["cleric", "druid", "wizard"], "requiresConcentration": true, "template": { "type": "cube", "size": 100 }, "ritual": false, "cost": "action" },
    { "id": "ice-storm", "name": "Ice Storm", "level": 4, "school": "Evocation", "castingTime": "1 Action", "range": "300 feet", "components": "V, S, M", "duration": "Instantaneous", "description": "A hail of rock-hard ice pounds to the ground in a 20-foot-radius, 40-foot-high cylinder centered on a point within range.", "classIds": ["druid", "sorcerer", "wizard", "cleric", "paladin", "artificer"], "template": { "type": "sphere", "size": 20 }, "ritual": false, "cost": "action", "requiresConcentration": false },
    { "id": "dimension-door", "name": "Dimension Door", "level": 4, "school": "Conjuration", "castingTime": "1 Action", "range": "500 feet", "components": "V", "duration": "Instantaneous", "description": "You teleport yourself from your current location to any other spot within range.", "classIds": ["bard", "sorcerer", "warlock", "wizard", "cleric", "paladin"], "requiresConcentration": false, "ritual": false, "cost": "action" },
    { "id": "polymorph", "name": "Polymorph", "level": 4, "school": "Transmutation", "castingTime": "1 Action", "range": "60 feet", "components": "V, S, M", "duration": "Concentration, up to 1 hour", "description": "This spell transforms a creature that you can see within range into a new form.", "classIds": ["bard", "druid", "sorcerer", "wizard", "cleric"], "requiresConcentration": true, "ritual": false, "cost": "action" },
    { "id": "greater-invisibility", "name": "Greater Invisibility", "level": 4, "school": "Illusion", "castingTime": "1 Action", "range": "Touch", "components": "V, S", "duration": "Concentration, up to 1 minute", "description": "You or a creature you touch becomes invisible for the duration.", "classIds": ["bard", "sorcerer", "wizard", "cleric", "artificer"], "requiresConcentration": true, "ritual": false, "cost": "action" },
    { "id": "stoneskin", "name": "Stoneskin", "level": 4, "school": "Abjuration", "castingTime": "1 Action", "range": "Touch", "components": "V, S, M", "duration": "Concentration, up to 1 hour", "description": "This spell turns the flesh of a willing creature you touch as hard as stone.", "classIds": ["druid", "ranger", "sorcerer", "wizard", "cleric", "paladin"], "requiresConcentration": true, "ritual": false, "cost": "action" },
    { "id": "freedom-of-movement", "name": "Freedom of Movement", "level": 4, "school": "Abjuration", "castingTime": "1 Action", "range": "Touch", "components": "V, S, M", "duration": "1 hour", "description": "You touch a willing creature. For the duration, the target’s movement is unaffected by difficult terrain, and spells and other magical effects can neither reduce the target’s speed nor cause the target to be paralyzed or restrained.", "classIds": ["bard", "cleric", "druid", "ranger", "paladin"], "requiresConcentration": false, "ritual": false, "cost": "action" },
    { "id": "aura-of-life", "name": "Aura of Life", "level": 4, "school": "Abjuration", "castingTime": "1 Action", "range": "Self (30-foot radius)", "components": "V", "duration": "Concentration, up to 10 minutes", "description": "Life-preserving energy radiates from you in an aura with a 30-foot radius.", "classIds": ["paladin", "cleric"], "requiresConcentration": true, "template": { "type": "sphere", "size": 30 }, "ritual": false, "cost": "action" },
    { "id": "dominate-beast", "name": "Dominate Beast", "level": 4, "school": "Enchantment", "castingTime": "1 Action", "range": "60 feet", "components": "V, S", "duration": "Concentration, up to 1 minute", "description": "You attempt to beguile a beast that you can see within range. It must succeed on a Wisdom saving throw or be charmed by you for the duration.", "classIds": ["druid", "sorcerer", "paladin"], "requiresConcentration": true, "ritual": false, "cost": "action" },
    { "id": "banishment", "name": "Banishment", "level": 4, "school": "Abjuration", "castingTime": "1 Action", "range": "60 feet", "components": "V, S, M", "duration": "Concentration, up to 1 minute", "description": "You attempt to send one creature that you can see within range to another plane of existence. The target must succeed on a Charisma saving throw or be banished.", "classIds": ["cleric", "paladin", "sorcerer", "warlock", "wizard"], "requiresConcentration": true, "ritual": false, "cost": "action" },
    { "id": "hallucinatory-terrain", "name": "Hallucinatory Terrain", "level": 4, "school": "Illusion", "castingTime": "10 minutes", "range": "300 feet", "components": "V, S, M (a stone, a twig, and a bit of green plant)", "duration": "24 hours", "description": "You make natural terrain in a 150-foot cube in range look, sound, and smell like some other sort of natural terrain.", "classIds": ["bard", "warlock", "wizard"], "template": { "type": "cube", "size": 150 }, "requiresConcentration": false, "ritual": false },
    { "id": "phantasmal-killer", "name": "Phantasmal Killer", "level": 4, "school": "Illusion", "castingTime": "1 Action", "range": "120 feet", "components": "V, S", "duration": "Concentration, up to 1 minute", "description": "You tap into the nightmares of a creature you can see within range and create an illusory manifestation of its deepest fears, visible only to that creature.", "classIds": ["bard", "warlock", "wizard"], "requiresConcentration": true, "ritual": false, "cost": "action" },
    { "id": "divination", "name": "Divination", "level": 4, "school": "Divination", "castingTime": "1 Action (Ritual)", "range": "Self", "components": "V, S, M (incense and a sacrificial offering appropriate to your religion, together worth at least 25 gp)", "duration": "Instantaneous", "description": "Your magic and an offering put you in contact with a god or a god’s servants. You ask a single question concerning a specific goal, event, or activity to occur within 7 days.", "classIds": ["cleric", "druid"], "ritual": true, "requiresConcentration": false, "cost": "action" },
    { "id": "stone-shape", "name": "Stone Shape", "level": 4, "school": "Transmutation", "castingTime": "1 Action", "range": "Touch", "components": "V, S, M (soft clay)", "duration": "Instantaneous", "description": "You touch a stone object of Medium size or smaller or a section of stone no more than 5 feet in any dimension and form it into any shape that suits your purpose.", "classIds": ["cleric", "druid", "wizard", "artificer"], "requiresConcentration": false, "ritual": false, "cost": "action" },
    { "id": "summon-elemental", "name": "Summon Elemental", "level": 4, "school": "Conjuration", "castingTime": "1 Action", "range": "90 feet", "components": "V, S, M (a gilded flower worth at least 400 gp)", "duration": "Concentration, up to 1 hour", "description": "You call forth an elemental spirit. It manifests in an unoccupied space that you can see within range. This corporeal form uses the Elemental Spirit stat block. When you cast the spell, choose an element: Air, Earth, Fire, or Water.", "classIds": ["druid", "ranger", "wizard"], "requiresConcentration": true, "ritual": false, "cost": "action" }
]
