[
    {
        "id": "divine-word",
        "name": "Divine Word",
        "level": 7,
        "school": "Evocation",
        "castingTime": "1 Bonus Action",
        "range": "30 feet",
        "components": "V",
        "duration": "Instantaneous",
        "description": "You utter a divine word, imbued with the power that shaped the world at the dawn of creation. Choose any number of creatures you can see within range. Each creature that can hear you must make a Charisma saving throw. On a failed save, a creature suffers an effect based on its current hit points.",
        "classIds": ["cleric"],
        "requiresConcentration": false,
        "ritual": false,
        "cost": "bonus action"
    },
    {
        "id": "plane-shift",
        "name": "Plane Shift",
        "level": 7,
        "school": "Conjuration",
        "castingTime": "1 Action",
        "range": "Touch",
        "components": "V, S, M (a forked, metal rod worth at least 250 gp, attuned to a particular plane of existence)",
        "duration": "Instantaneous",
        "description": "You and up to eight willing creatures who link hands in a circle are transported to a different plane of existence. You can specify a target destination in general terms, such as the City of Brass on the Elemental Plane of Fire or the palace of Dispater on the second level of the Nine Hells, and you appear in or near that destination.",
        "classIds": ["cleric", "druid", "sorcerer", "warlock", "wizard"],
        "requiresConcentration": false,
        "ritual": false,
        "cost": "action"
    },
    {
        "id": "resurrection",
        "name": "Resurrection",
        "level": 7,
        "school": "Necromancy",
        "castingTime": "1 hour",
        "range": "Touch",
        "components": "V, S, M (a diamond worth at least 1,000 gp, which the spell consumes)",
        "duration": "Instantaneous",
        "description": "You touch a dead creature that has been dead for no more than a century, that didn’t die of old age, and that isn’t undead. If its soul is free and willing, the creature is restored to life with all its hit points.",
        "classIds": ["bard", "cleric"],
        "requiresConcentration": false,
        "ritual": false
    },
    {
        "id": "fire-storm",
        "name": "Fire Storm",
        "level": 7,
        "school": "Evocation",
        "castingTime": "1 Action",
        "range": "150 feet",
        "components": "V, S",
        "duration": "Instantaneous",
        "description": "A storm made up of sheets of roaring flame appears in a location you choose within range. The area of the storm consists of up to ten 10-foot cubes, which you can arrange as you wish. Each creature in the area must make a Dexterity saving throw. It takes 7d10 fire damage on a failed save, or half as much damage on a successful one.",
        "damage": { "dice": "7d10", "type": "fire" },
        "classIds": ["cleric", "druid", "sorcerer"],
        "template": { "type": "cube", "size": 20 },
        "requiresConcentration": false,
        "ritual": false,
        "cost": "action"
    },
    {
        "id": "etherealness",
        "name": "Etherealness",
        "level": 7,
        "school": "Transmutation",
        "castingTime": "1 Action",
        "range": "Self",
        "components": "V, S",
        "duration": "8 hours",
        "description": "You step into the border regions of the Ethereal Plane, in the area where it overlaps with your current plane. You remain in the Border Ethereal for the duration or until you use your action to dismiss the spell.",
        "classIds": ["bard", "cleric", "sorcerer", "warlock", "wizard"],
        "requiresConcentration": false,
        "ritual": false,
        "cost": "action"
    },
    {
        "id": "forcecage",
        "name": "Forcecage",
        "level": 7,
        "school": "Evocation",
        "castingTime": "1 Action",
        "range": "100 feet",
        "components": "V, S, M (ruby dust worth 1,500 gp)",
        "duration": "1 hour",
        "description": "An immobile, invisible, cube-shaped prison composed of magical force springs into existence around an area you choose within range. The prison can be a cage or a solid box, as you choose.",
        "classIds": ["bard", "warlock", "wizard"],
        "template": { "type": "cube", "size": 20 },
        "requiresConcentration": false,
        "ritual": false,
        "cost": "action"
    },
    {
        "id": "mirage-arcane",
        "name": "Mirage Arcane",
        "level": 7,
        "school": "Illusion",
        "castingTime": "10 minutes",
        "range": "Sight",
        "components": "V, S",
        "duration": "10 days",
        "description": "You make terrain in an area up to 1 mile square look, sound, smell, and even feel like some other sort of terrain. The terrain’s general shape remains the same, however.",
        "classIds": ["bard", "wizard"],
        "template": { "type": "cube", "size": 5280 },
        "requiresConcentration": false,
        "ritual": false
    },
    {
        "id": "mordenkainens-magnificent-mansion",
        "name": "Mordenkainen's Magnificent Mansion",
        "level": 7,
        "school": "Conjuration",
        "castingTime": "1 minute",
        "range": "300 feet",
        "components": "V, S, M (a miniature portal carved from ivory, a small piece of polished marble, and a tiny silver spoon, each worth 5 gp)",
        "duration": "24 hours",
        "description": "You conjure an extradimensional dwelling in range that lasts for the duration. You and any creature you designate when you cast the spell can enter the mansion as long as the portal remains open.",
        "classIds": ["bard", "wizard"],
        "requiresConcentration": false,
        "ritual": false
    },
    {
        "id": "mordenkainens-sword",
        "name": "Mordenkainen's Sword",
        "level": 7,
        "school": "Evocation",
        "castingTime": "1 Action",
        "range": "60 feet",
        "components": "V, S, M (a miniature platinum sword with a grip and pommel of copper and zinc, worth 250 gp)",
        "duration": "Concentration, up to 1 minute",
        "description": "You create a sword-shaped plane of force that hovers within range. It lasts for the duration. When the sword appears, you can make a melee spell attack against a target of your choice within 5 feet of the sword.",
        "classIds": ["bard", "wizard"],
        "requiresConcentration": true,
        "ritual": false,
        "cost": "action"
    },
    {
        "id": "project-image",
        "name": "Project Image",
        "level": 7,
        "school": "Illusion",
        "castingTime": "1 Action",
        "range": "500 miles",
        "components": "V, S, M (a small replica of you made from materials worth at least 5 gp)",
        "duration": "Concentration, up to 24 hours",
        "description": "You send an illusory duplicate of yourself to a location you specify within range. The illusion looks and sounds like you but is intangible.",
        "classIds": ["bard", "wizard"],
        "requiresConcentration": true,
        "ritual": false,
        "cost": "action"
    },
    {
        "id": "regenerate",
        "name": "Regenerate",
        "level": 7,
        "school": "Transmutation",
        "castingTime": "1 minute",
        "range": "Touch",
        "components": "V, S, M (a prayer wheel and holy water)",
        "duration": "1 hour",
        "description": "You touch a creature and stimulate its natural healing ability. The target regains 4d8 + 15 hit points. For the duration of the spell, the target regains 1 hit point at the start of each of its turns (10 hit points each minute). The target’s severed body members (fingers, legs, tails, and so on), if any, are restored after 2 minutes.",
        "classIds": ["bard", "cleric", "druid"],
        "requiresConcentration": false,
        "ritual": false
    },
    {
        "id": "symbol",
        "name": "Symbol",
        "level": 7,
        "school": "Abjuration",
        "castingTime": "1 minute",
        "range": "Touch",
        "components": "V, S, M (mercury, phosphorus, and powdered diamond and opal with a total value of at least 1,000 gp, which the spell consumes)",
        "duration": "Until dispelled or triggered",
        "description": "You inscribe a harmful glyph on a surface or in an object that can be closed to conceal the glyph. When triggered, the glyph erupts with magical energy in a 60-foot-radius sphere.",
        "classIds": ["bard", "cleric", "wizard"],
        "template": { "type": "sphere", "size": 60 },
        "requiresConcentration": false,
        "ritual": false
    },
    {
        "id": "teleport",
        "name": "Teleport",
        "level": 7,
        "school": "Conjuration",
        "castingTime": "1 Action",
        "range": "10 feet",
        "components": "V",
        "duration": "1 round",
        "description": "This spell instantly transports you and up to eight willing creatures of your choice that you can see within range, or a single object that you can see within range, to a destination you select.",
        "classIds": ["bard", "sorcerer", "wizard"],
        "requiresConcentration": false,
        "ritual": false,
        "cost": "action"
    },
    {
        "id": "dream-of-the-blue-veil",
        "name": "Dream of the Blue Veil",
        "level": 7,
        "school": "Conjuration",
        "castingTime": "10 minutes",
        "range": "20 feet",
        "components": "V, S, M (a magical item or a personal belonging from the destination world)",
        "duration": "6 hours",
        "description": "You and up to eight willing creatures within range fall unconscious for the spell’s duration and experience a shared dream of another world.",
        "classIds": ["bard", "sorcerer", "warlock", "wizard"],
        "requiresConcentration": false,
        "ritual": false
    },
    {
        "id": "prismatic-spray",
        "name": "Prismatic Spray",
        "level": 7,
        "school": "Evocation",
        "castingTime": "1 Action",
        "range": "Self (60-foot cone)",
        "components": "V, S",
        "duration": "Instantaneous",
        "description": "Eight multicolored rays of light flash from your hand. Each ray is a different color and has a different power and purpose. Each creature in a 60-foot cone must make a Dexterity saving throw.",
        "classIds": ["bard", "sorcerer", "wizard"],
        "template": { "type": "cone", "size": 60 },
        "requiresConcentration": false,
        "ritual": false,
        "cost": "action"
    }
]
