[
    {
        "id": "gaseous-form",
        "name": "Gaseous Form",
        "level": 3,
        "school": "Transmutation",
        "castingTime": "1 Action",
        "range": "Touch",
        "components": "V, S, M (a bit of gauze and a wisp of smoke)",
        "duration": "Concentration, up to 1 hour",
        "description": "You transform a willing creature you touch, along with everything it’s wearing and carrying, into a misty cloud for the duration. The spell ends if the creature drops to 0 hit points. An incorporeal creature isn’t affected.",
        "classIds": ["sorcerer", "warlock", "wizard", "artificer"],
        "requiresConcentration": true,
        "cost": "action",
        "ritual": false
    },
    {
        "id": "lightning-bolt",
        "name": "Lightning Bolt",
        "level": 3,
        "school": "Evocation",
        "castingTime": "1 Action",
        "range": "Self (100-foot line)",
        "components": "V, S, M (a bit of fur and a rod of amber, crystal, or glass)",
        "duration": "Instantaneous",
        "description": "A stroke of lightning forming a line 100 feet long and 5 feet wide blasts out from you in a direction you choose. Each creature in the line must make a Dexterity saving throw. A creature takes 8d6 lightning damage on a failed save, or half as much damage on a successful one.",
        "higherLevel": "When you cast this spell using a spell slot of 4th level or higher, the damage increases by 1d6 for each slot level above 3rd.",
        "damage": { "dice": "8d6", "type": "lightning" },
        "classIds": ["sorcerer", "wizard", "artificer"],
        "template": { "type": "line", "size": 100, "size2": 5 },
        "cost": "action",
        "requiresConcentration": false,
        "ritual": false
    },
    {
        "id": "wind-wall",
        "name": "Wind Wall",
        "level": 3,
        "school": "Evocation",
        "castingTime": "1 Action",
        "range": "120 feet",
        "components": "V, S, M (a tiny fan and a feather of exotic origin)",
        "duration": "Concentration, up to 1 minute",
        "description": "A wall of strong wind rises from the ground at a point you choose within range. The wall is up to 50 feet long, 15 feet high, and 1 foot thick. You can shape the wall in any way you choose so long as it makes one continuous path along the ground. The wall lasts for the duration.",
        "classIds": ["druid", "ranger", "artificer"],
        "requiresConcentration": true,
        "template": { "type": "line", "size": 50, "size2": 1 },
        "cost": "action",
        "ritual": false
    },
    {
        "id": "conjure-barrage",
        "name": "Conjure Barrage",
        "level": 3,
        "school": "Conjuration",
        "castingTime": "1 Action",
        "range": "Self (60-foot cone)",
        "components": "V, S, M (one piece of ammunition or a thrown weapon)",
        "duration": "Instantaneous",
        "description": "You throw a nonmagical weapon or fire a piece of nonmagical ammunition into the air to create a cone of identical weapons that shoot forward and then disappear. Each creature in a 60-foot cone must succeed on a Dexterity saving throw. A creature takes 3d8 damage on a failed save, or half as much damage on a successful one. The damage type is the same as that of the weapon or ammunition used as a component.",
        "damage": { "dice": "3d8", "type": "Varies" },
        "classIds": ["ranger", "artificer"],
        "template": { "type": "cone", "size": 60 },
        "cost": "action",
        "requiresConcentration": false,
        "ritual": false
    },
    {
        "id": "beacon-of-hope",
        "name": "Beacon of Hope",
        "level": 3,
        "school": "Abjuration",
        "castingTime": "1 Action",
        "range": "30 feet",
        "components": "V, S",
        "duration": "Concentration, up to 1 minute",
        "description": "This spell bestows hope and vitality. Choose any number of creatures within range. For the duration, each target has advantage on Wisdom saving throws and death saving throws, and regains the maximum number of hit points possible from any healing.",
        "classIds": ["cleric", "paladin"],
        "requiresConcentration": true,
        "cost": "action",
        "ritual": false
    },
    {
        "id": "revivify",
        "name": "Revivify",
        "level": 3,
        "school": "Necromancy",
        "castingTime": "1 Action",
        "range": "Touch",
        "components": "V, S, M (diamonds worth 300 gp, which the spell consumes)",
        "duration": "Instantaneous",
        "description": "You touch a creature that has died within the last minute. That creature returns to life with 1 hit point. This spell can’t return to life a creature that has died of old age, nor can it restore any missing body parts.",
        "classIds": ["cleric", "paladin", "artificer"],
        "cost": "action",
        "requiresConcentration": false,
        "ritual": false
    },
    { "id": "dispel-magic", "name": "Dispel Magic", "level": 3, "school": "Abjuration", "castingTime": "1 Action", "range": "120 feet", "components": "V, S", "duration": "Instantaneous", "description": "Choose one creature, object, or magical effect within range. Any spell of 3rd level or lower on the target ends.", "classIds": ["bard", "cleric", "druid", "paladin", "sorcerer", "warlock", "wizard", "artificer"], "cost": "action", "requiresConcentration": false, "ritual": false },
    { "id": "magic-circle", "name": "Magic Circle", "level": 3, "school": "Abjuration", "castingTime": "1 minute", "range": "10 feet", "components": "V, S, M", "duration": "1 hour", "description": "You create a 10-foot-radius, 20-foot-tall cylinder of magical energy centered on a point on the ground that you can see within range.", "classIds": ["cleric", "paladin", "warlock", "wizard"], "template": { "type": "sphere", "size": 10 }, "requiresConcentration": false, "ritual": false },
    { "id": "animate-dead", "name": "Animate Dead", "level": 3, "school": "Necromancy", "castingTime": "1 minute", "range": "10 feet", "components": "V, S, M", "duration": "Instantaneous", "description": "This spell creates an undead servant. Choose a pile of bones or a corpse of a Medium or Small humanoid within range.", "classIds": ["cleric", "wizard"], "requiresConcentration": false, "ritual": false },
    { "id": "vampiric-touch", "name": "Vampiric Touch", "level": 3, "school": "Necromancy", "castingTime": "1 Action", "range": "Self", "components": "V, S", "duration": "Concentration, up to 1 minute", "description": "The touch of your shadow-wreathed hand can siphon life force from others to heal your wounds.", "classIds": ["warlock", "wizard", "cleric"], "requiresConcentration": true, "cost": "action", "ritual": false },
    { "id": "elemental-weapon", "name": "Elemental Weapon", "level": 3, "school": "Transmutation", "castingTime": "1 Action", "range": "Touch", "components": "V, S", "duration": "Concentration, up to 1 hour", "description": "A nonmagical weapon you touch becomes a magic weapon. Choose one of the following damage types: acid, cold, fire, lightning, or thunder.", "classIds": ["paladin", "cleric"], "requiresConcentration": true, "cost": "action", "ritual": false },
    { "id": "protection-from-energy", "name": "Protection from Energy", "level": 3, "school": "Abjuration", "castingTime": "1 Action", "range": "Touch", "components": "V, S", "duration": "Concentration, up to 1 hour", "description": "For the duration, the willing creature you touch has resistance to one damage type of your choice: acid, cold, fire, lightning, or thunder.", "classIds": ["cleric", "druid", "ranger", "sorcerer", "wizard", "paladin", "artificer"], "requiresConcentration": true, "cost": "action", "ritual": false },
    { "id": "nondetection", "name": "Nondetection", "level": 3, "school": "Abjuration", "castingTime": "1 Action", "range": "Touch", "components": "V, S, M", "duration": "8 hours", "description": "For the duration, you hide a target that you touch from divination magic.", "classIds": ["bard", "ranger", "wizard", "cleric", "paladin"], "cost": "action", "requiresConcentration": false, "ritual": false },
    { "id": "speak-with-dead", "name": "Speak with Dead", "level": 3, "school": "Necromancy", "castingTime": "1 Action", "range": "10 feet", "components": "V, S, M", "duration": "10 minutes", "description": "You grant the semblance of life and intelligence to a corpse of your choice within range, allowing it to answer the questions you pose.", "classIds": ["bard", "cleric"], "cost": "action", "requiresConcentration": false, "ritual": false },
    { "id": "mass-healing-word", "name": "Mass Healing Word", "level": 3, "school": "Evocation", "castingTime": "1 Bonus Action", "range": "60 feet", "components": "V", "duration": "Instantaneous", "description": "As you call out words of restoration, up to six creatures of your choice that you can see within range regain hit points equal to 1d4 + your spellcasting ability modifier.", "classIds": ["bard", "cleric", "artificer"], "cost": "bonus action", "requiresConcentration": false, "ritual": false },
    { "id": "slow", "name": "Slow", "level": 3, "school": "Transmutation", "castingTime": "1 Action", "range": "120 feet", "components": "V, S, M", "duration": "Concentration, up to 1 minute", "description": "You alter time around up to six creatures of your choice in a 40-foot cube within range.", "classIds": ["bard", "sorcerer", "wizard", "cleric"], "requiresConcentration": true, "template": { "type": "cube", "size": 40 }, "cost": "action", "ritual": false },
    { "id": "sending", "name": "Sending", "level": 3, "school": "Evocation", "castingTime": "1 Action", "range": "Unlimited", "components": "V, S, M", "duration": "1 round", "description": "You send a short message of twenty-five words or less to a creature with which you are familiar.", "classIds": ["bard", "cleric", "wizard"], "cost": "action", "requiresConcentration": false, "ritual": false },
    { "id": "daylight", "name": "Daylight", "level": 3, "school": "Evocation", "castingTime": "1 Action", "range": "60 feet", "components": "V, S", "duration": "1 hour", "description": "A 60-foot-radius sphere of light spreads out from a point you choose within range.", "classIds": ["cleric", "druid", "paladin", "ranger", "sorcerer"], "template": { "type": "sphere", "size": 60 }, "cost": "action", "requiresConcentration": false, "ritual": false },
    { "id": "fireball", "name": "Fireball", "level": 3, "school": "Evocation", "castingTime": "1 Action", "range": "150 feet", "components": "V, S, M", "duration": "Instantaneous", "description": "A bright streak flashes from your pointing finger to a point you choose within range and then blossoms with a low roar into an explosion of flame.", "classIds": ["sorcerer", "wizard", "cleric", "artificer"], "template": { "type": "sphere", "size": 20 }, "effects": [{ "type": "environmental_interaction", "interaction": "ignite" }], "cost": "action", "requiresConcentration": false, "ritual": false },
    { "id": "plant-growth", "name": "Plant Growth", "level": 3, "school": "Transmutation", "castingTime": "1 Action or 8 hours", "range": "150 feet", "components": "V, S", "duration": "Instantaneous", "description": "This spell channels vitality into plants within a specific area.", "classIds": ["bard", "druid", "ranger", "cleric", "paladin"], "template": { "type": "sphere", "size": 100 }, "cost": "action", "requiresConcentration": false, "ritual": false },
    { "id": "blink", "name": "Blink", "level": 3, "school": "Transmutation", "castingTime": "1 Action", "range": "Self", "components": "V, S", "duration": "1 minute", "description": "Roll a d20 at the end of each of your turns for the duration of the spell. On a roll of 11 or higher, you vanish from your current plane of existence and appear in the Ethereal Plane.", "classIds": ["sorcerer", "wizard", "cleric", "artificer"], "cost": "action", "requiresConcentration": false, "ritual": false },
    { "id": "aura-of-vitality", "name": "Aura of Vitality", "level": 3, "school": "Evocation", "castingTime": "1 Action", "range": "Self (30-foot radius)", "components": "V", "duration": "Concentration, up to 1 minute", "description": "Healing energy radiates from you in an aura with a 30-foot radius.", "classIds": ["paladin", "cleric", "artificer"], "requiresConcentration": true, "template": { "type": "sphere", "size": 30 }, "cost": "action", "ritual": false },
    { "id": "spirit-guardians", "name": "Spirit Guardians", "level": 3, "school": "Conjuration", "castingTime": "1 Action", "range": "Self (15-foot radius)", "components": "V, S, M", "duration": "Concentration, up to 10 minutes", "description": "You call forth spirits to protect you.", "classIds": ["cleric", "paladin"], "requiresConcentration": true, "template": { "type": "sphere", "size": 15 }, "cost": "action", "ritual": false },
    { "id": "bestow-curse", "name": "Bestow Curse", "level": 3, "school": "Necromancy", "castingTime": "1 Action", "range": "Touch", "components": "V, S", "duration": "Concentration, up to 1 minute", "description": "You touch a creature, and that creature must succeed on a Wisdom saving throw or become cursed for the duration of the spell.", "classIds": ["bard", "cleric", "wizard", "paladin"], "requiresConcentration": true, "cost": "action", "ritual": false },
    { "id": "fear", "name": "Fear", "level": 3, "school": "Illusion", "castingTime": "1 Action", "range": "Self (30-foot cone)", "components": "V, S, M", "duration": "Concentration, up to 1 minute", "description": "You project a phantasmal image of a creature’s worst fears. Each creature in a 30-foot cone must succeed on a Wisdom saving throw or drop whatever it is holding and become frightened for the duration.", "classIds": ["bard", "sorcerer", "warlock", "wizard", "paladin"], "requiresConcentration": true, "template": { "type": "cone", "size": 30 }, "cost": "action", "ritual": false },
    { "id": "haste", "name": "Haste", "level": 3, "school": "Transmutation", "castingTime": "1 Action", "range": "30 feet", "components": "V, S, M", "duration": "Concentration, up to 1 minute", "description": "Choose a willing creature that you can see within range. Until the spell ends, the target’s speed is doubled, it gains a +2 bonus to AC, it has advantage on Dexterity saving throws, and it gains an additional action on each of its turns.", "classIds": ["sorcerer", "wizard", "paladin", "artificer"], "requiresConcentration": true, "effects": [{ "type": "apply_condition", "conditionId": "Hastened", "duration": "concentration" }], "cost": "action", "ritual": false },
    { "id": "hypnotic-pattern", "name": "Hypnotic Pattern", "level": 3, "school": "Illusion", "castingTime": "1 Action", "range": "120 feet", "components": "S, M", "duration": "Concentration, up to 1 minute", "description": "You create a twisting pattern of colors that weaves through the air inside a 30-foot cube within range. The pattern appears for a moment and vanishes. Each creature in the area who sees the pattern must make a Wisdom saving throw.", "classIds": ["bard", "sorcerer", "warlock", "wizard", "paladin", "artificer"], "requiresConcentration": true, "template": { "type": "cube", "size": 30 }, "cost": "action", "ritual": false },
    { "id": "counterspell", "name": "Counterspell", "level": 3, "school": "Abjuration", "castingTime": "1 Reaction, which you take when you see a creature within 60 feet of you casting a spell", "range": "60 feet", "components": "S", "duration": "Instantaneous", "description": "You attempt to interrupt a creature in the process of casting a spell. If the creature is casting a spell of 3rd level or lower, its spell fails and has no effect. If it is casting a spell of 4th level or higher, make an ability check using your spellcasting ability.", "classIds": ["sorcerer", "warlock", "wizard", "paladin"], "cost": "reaction", "requiresConcentration": false, "ritual": false },
    { "id": "clairvoyance", "name": "Clairvoyance", "level": 3, "school": "Divination", "castingTime": "10 minutes", "range": "1 mile", "components": "V, S, M (a focus worth at least 100 gp, either a jeweled horn for hearing or a glass eye for seeing)", "duration": "Concentration, up to 10 minutes", "description": "You create an invisible sensor within range in a location familiar to you (a place you have visited or seen before) or in an obvious location that is unfamiliar to you (such as behind a door, around a corner, or in a grove of trees). The sensor remains in place for the duration, and it can’t be attacked or otherwise interacted with.", "classIds": ["bard", "cleric", "sorcerer", "wizard"], "requiresConcentration": true, "ritual": false },
    { "id": "feign-death", "name": "Feign Death", "level": 3, "school": "Necromancy", "castingTime": "1 Action", "range": "Touch", "components": "V, S, M (a pinch of graveyard dirt)", "duration": "1 hour", "description": "You touch a willing creature and put it into a cataleptic state that is indistinguishable from death.", "classIds": ["bard", "cleric", "wizard"], "ritual": true, "cost": "action", "requiresConcentration": false },
    { "id": "glyph-of-warding", "name": "Glyph of Warding", "level": 3, "school": "Abjuration", "castingTime": "1 hour", "range": "Touch", "components": "V, S, M (incense and powdered diamond worth at least 200 gp, which the spell consumes)", "duration": "Until dispelled or triggered", "description": "When you cast this spell, you inscribe a glyph that later unleashes a magical effect. You inscribe it either on a surface (such as a table or a section of floor or wall) or within an object that can be closed (such as a book, a scroll, or a treasure chest) to conceal the glyph.", "classIds": ["bard", "cleric", "wizard", "artificer"], "requiresConcentration": false, "ritual": false },
    { "id": "leomunds-tiny-hut", "name": "Leomund's Tiny Hut", "level": 3, "school": "Evocation", "castingTime": "1 minute", "range": "Self (10-foot-radius hemisphere)", "components": "V, S, M (a small crystal bead)", "duration": "8 hours", "description": "A 10-foot-radius immobile dome of force springs into existence around and above you and remains stationary for the duration. The spell ends if you leave its area.", "classIds": ["bard", "wizard"], "ritual": true, "template": { "type": "sphere", "size": 10 }, "requiresConcentration": false },
    { "id": "major-image", "name": "Major Image", "level": 3, "school": "Illusion", "castingTime": "1 Action", "range": "120 feet", "components": "V, S, M (a bit of fleece)", "duration": "Concentration, up to 10 minutes", "description": "You create the image of an object, a creature, or some other visible phenomenon that is no larger than a 20-foot cube. The image appears at a spot that you can see within range and lasts for the duration. It seems completely real, including sounds, smells, and temperature appropriate to the thing depicted.", "classIds": ["bard", "sorcerer", "warlock", "wizard"], "requiresConcentration": true, "template": { "type": "cube", "size": 20 }, "cost": "action", "ritual": false },
    { "id": "speak-with-plants", "name": "Speak with Plants", "level": 3, "school": "Transmutation", "castingTime": "1 Action", "range": "Self (30-foot radius)", "components": "V, S", "duration": "10 minutes", "description": "You imbue plants within 30 feet of you with limited sentience and animation, giving them the ability to communicate with you and follow your simple commands.", "classIds": ["bard", "druid", "ranger"], "template": { "type": "sphere", "size": 30 }, "cost": "action", "requiresConcentration": false, "ritual": false },
    { "id": "stinking-cloud", "name": "Stinking Cloud", "level": 3, "school": "Conjuration", "castingTime": "1 Action", "range": "90 feet", "components": "V, S, M (a rotten egg or several skunk cabbages)", "duration": "Concentration, up to 1 minute", "description": "You create a 20-foot-radius sphere of yellow, nauseating gas centered on a point you choose within range. The cloud spreads around corners, and its area is heavily obscured.", "classIds": ["bard", "sorcerer", "wizard"], "requiresConcentration": true, "template": { "type": "sphere", "size": 20 }, "cost": "action", "ritual": false },
    { "id": "tongues", "name": "Tongues", "level": 3, "school": "Divination", "castingTime": "1 Action", "range": "Touch", "components": "V, M (a small clay model of a ziggurat)", "duration": "1 hour", "description": "This spell grants the creature you touch the ability to understand any spoken language it hears. Moreover, when the target speaks, any creature that knows at least one language and can hear the target understands what it says.", "classIds": ["bard", "cleric", "sorcerer", "warlock", "wizard"], "cost": "action", "requiresConcentration": false, "ritual": false },
    { "id": "intellect-fortress", "name": "Intellect Fortress", "level": 3, "school": "Abjuration", "castingTime": "1 Action", "range": "30 feet", "components": "V", "duration": "Concentration, up to 1 hour", "description": "For the duration, you or one willing creature you can see within range has resistance to psychic damage, as well as advantage on Intelligence, Wisdom, and Charisma saving throws.", "classIds": ["artificer", "bard", "sorcerer", "warlock", "wizard"], "requiresConcentration": true, "cost": "action", "ritual": false },
    { "id": "sleet-storm", "name": "Sleet Storm", "level": 3, "school": "Conjuration", "castingTime": "1 Action", "range": "150 feet", "components": "V, S, M (a pinch of dust and a few drops of water)", "duration": "Concentration, up to 1 minute", "description": "Until the spell ends, freezing rain and sleet fall in a 20-foot-tall cylinder with a 40-foot radius centered on a point you choose within range. The area is heavily obscured, and exposed flames in the area are doused.", "classIds": ["druid", "sorcerer", "wizard"], "requiresConcentration": true, "template": { "type": "sphere", "size": 40 }, "cost": "action", "ritual": false },
    { "id": "water-breathing", "name": "Water Breathing", "level": 3, "school": "Transmutation", "castingTime": "1 Action (Ritual)", "range": "30 feet", "components": "V, S, M (a short reed or piece of straw)", "duration": "24 hours", "description": "This spell grants up to ten willing creatures you can see within range the ability to breathe underwater until the spell ends.", "classIds": ["druid", "ranger", "sorcerer", "wizard", "artificer"], "ritual": true, "cost": "action", "requiresConcentration": false },
    { "id": "water-walk", "name": "Water Walk", "level": 3, "school": "Transmutation", "castingTime": "1 Action (Ritual)", "range": "30 feet", "components": "V, S, M (a piece of cork)", "duration": "1 hour", "description": "This spell grants the ability to move across any liquid surface—such as water, acid, mud, snow, quicksand, or lava—as if it were harmless solid ground (creatures crossing molten lava can still take damage from the heat). Up to ten willing creatures you can see within range gain this ability for the duration.", "classIds": ["cleric", "druid", "ranger", "sorcerer"], "ritual": true, "cost": "action", "requiresConcentration": false },
    { "id": "create-food-and-water", "name": "Create Food and Water", "level": 3, "school": "Conjuration", "castingTime": "1 Action", "range": "30 feet", "components": "V, S", "duration": "Instantaneous", "description": "You create 45 pounds of food and 30 gallons of water on the ground or in containers within range, enough to sustain up to fifteen humanoids or five steeds for 24 hours.", "classIds": ["cleric", "paladin", "druid"], "cost": "action", "requiresConcentration": false, "ritual": false },
    { "id": "call-lightning", "name": "Call Lightning", "level": 3, "school": "Conjuration", "castingTime": "1 Action", "range": "120 feet", "components": "V, S", "duration": "Concentration, up to 10 minutes", "description": "A storm cloud appears in the shape of a cylinder that is 10 feet tall with a 60-foot radius, centered on a point you can see 100 feet directly above you. When you cast the spell, and as an action on each of your turns until the spell ends, you can call down a bolt of lightning from the cloud to a point you can see within range. Each creature within 5 feet of that point must make a Dexterity saving throw. A creature takes 3d10 lightning damage on a failed save, or half as much damage on a successful one.", "classIds": ["druid"], "requiresConcentration": true, "template": { "type": "sphere", "size": 60 }, "cost": "action", "ritual": false },
    { "id": "meld-into-stone", "name": "Meld into Stone", "level": 3, "school": "Transmutation", "castingTime": "1 Action (Ritual)", "range": "Touch", "components": "V, S", "duration": "8 hours", "description": "You step into a stone object or surface large enough to fully contain your body, melding yourself and all the equipment you carry with the stone for the duration. Using your movement, you step into the stone at a point you can touch. Nothing of your presence remains visible or otherwise detectable by nonmagical senses.", "classIds": ["cleric", "druid"], "ritual": true, "cost": "action", "requiresConcentration": false },
    { "id": "summon-fey", "name": "Summon Fey", "level": 3, "school": "Conjuration", "castingTime": "1 Action", "range": "90 feet", "components": "V, S, M (a gilded flower worth at least 300 gp)", "duration": "Concentration, up to 1 hour", "description": "You call forth a fey spirit. It manifests in an unoccupied space that you can see within range. This corporeal form uses the Fey Spirit stat block. When you cast the spell, choose a mood: Fuming, Mirthful, or Tricksy. The creature resembles a fey of your choice, and its mood determines one of its actions.", "classIds": ["druid", "ranger", "warlock", "wizard"], "requiresConcentration": true, "cost": "action", "ritual": false },
    {
        "id": "conjure-animals",
        "name": "Conjure Animals",
        "level": 3,
        "school": "Conjuration",
        "castingTime": "1 Action",
        "range": "60 feet",
        "components": "V, S",
        "duration": "Concentration, up to 1 hour",
        "description": "You summon fey spirits that take the form of beasts and appear in unoccupied spaces that you can see within range. Choose one of the following options for what appears: One beast of challenge rating 2 or lower, Two beasts of challenge rating 1 or lower, Four beasts of challenge rating 1/2 or lower, Eight beasts of challenge rating 1/4 or lower.",
        "classIds": ["druid", "ranger"],
        "requiresConcentration": true,
        "effects": [{
            "type": "summon_choice",
            "options": [
                { "label": "One beast of CR 2 or lower", "cr": "2", "count": 1 },
                { "label": "Two beasts of CR 1 or lower", "cr": "1", "count": 2 },
                { "label": "Four beasts of CR 1/2 or lower", "cr": "1/2", "count": 4 },
                { "label": "Eight beasts of CR 1/4 or lower", "cr": "1/4", "count": 8 }
            ],
            "filter": { "type": "Beast" }
        }],
        "cost": "action",
        "ritual": false
    }
]
