[
    {
        "id": "mass-heal",
        "name": "Mass Heal",
        "level": 9,
        "school": "Evocation",
        "castingTime": "1 Action",
        "range": "60 feet",
        "components": "V, S",
        "duration": "Instantaneous",
        "description": "A flood of healing energy flows from you into injured creatures around you. You restore up to 700 hit points, divided as you choose among any number of creatures that you can see within range. Creatures healed by this spell are also cured of all diseases and any effect making them blinded or deafened. This spell has no effect on undead or constructs.",
        "classIds": ["cleric"],
        "requiresConcentration": false,
        "ritual": false,
        "cost": "action"
    },
    {
        "id": "power-word-heal",
        "name": "Power Word Heal",
        "level": 9,
        "school": "Evocation",
        "castingTime": "1 Action",
        "range": "Touch",
        "components": "V, S",
        "duration": "Instantaneous",
        "description": "A wave of healing power washes over the creature you touch. The target regains all its hit points. If the creature is charmed, frightened, paralyzed, or stunned, the condition ends. If the creature is prone, it can use its reaction to stand up. This spell has no effect on undead or constructs.",
        "classIds": ["bard", "cleric"],
        "requiresConcentration": false,
        "ritual": false,
        "cost": "action"
    },
    {
        "id": "true-resurrection",
        "name": "True Resurrection",
        "level": 9,
        "school": "Necromancy",
        "castingTime": "1 hour",
        "range": "Touch",
        "components": "V, S, M (a diamond worth at least 25,000 gp, which the spell consumes)",
        "duration": "Instantaneous",
        "description": "You touch a creature that has been dead for no longer than 200 years and that died for any reason except old age. If the creature’s soul is free and willing, the creature is restored to life with all its hit points.",
        "classIds": ["cleric", "druid"],
        "requiresConcentration": false,
        "ritual": false
    },
    {
        "id": "gate",
        "name": "Gate",
        "level": 9,
        "school": "Conjuration",
        "castingTime": "1 Action",
        "range": "60 feet",
        "components": "V, S, M (a diamond worth at least 5,000 gp)",
        "duration": "Concentration, up to 1 minute",
        "description": "You conjure a portal linking an unoccupied space you can see within range to a precise location on a different plane of existence. The portal is a circular opening, which you can make 5 to 20 feet in diameter. You can orient the portal in any direction you choose. The portal lasts for the duration.",
        "classIds": ["cleric", "sorcerer", "wizard"],
        "requiresConcentration": true,
        "ritual": false,
        "cost": "action"
    },
    {
        "id": "foresight",
        "name": "Foresight",
        "level": 9,
        "school": "Divination",
        "castingTime": "1 minute",
        "range": "Touch",
        "components": "V, S, M (a hummingbird feather)",
        "duration": "8 hours",
        "description": "You touch a willing creature and bestow a limited ability to see into the immediate future. For the duration, the target can’t be surprised and has advantage on attack rolls, ability checks, and saving throws. Additionally, other creatures have disadvantage on attack rolls against the target for the duration.",
        "classIds": ["bard", "druid", "warlock", "wizard"],
        "requiresConcentration": false,
        "ritual": false
    },
    {
        "id": "mass-polymorph",
        "name": "Mass Polymorph",
        "level": 9,
        "school": "Transmutation",
        "castingTime": "1 Action",
        "range": "120 feet",
        "components": "V, S, M (a caterpillar cocoon)",
        "duration": "Concentration, up to 1 hour",
        "description": "You transform up to ten creatures of your choice that you can see within range. An unwilling creature must succeed on a Wisdom saving throw to resist the transformation.",
        "classIds": ["bard", "sorcerer", "wizard"],
        "requiresConcentration": true,
        "ritual": false,
        "cost": "action"
    },
    {
        "id": "power-word-kill",
        "name": "Power Word Kill",
        "level": 9,
        "school": "Enchantment",
        "castingTime": "1 Action",
        "range": "60 feet",
        "components": "V",
        "duration": "Instantaneous",
        "description": "You utter a word of power that can compel one creature you can see within range to die instantly. If the creature you chose has 100 hit points or fewer, it dies. Otherwise, the spell has no effect.",
        "classIds": ["bard", "sorcerer", "warlock", "wizard"],
        "requiresConcentration": false,
        "ritual": false,
        "cost": "action"
    },
    {
        "id": "true-polymorph",
        "name": "True Polymorph",
        "level": 9,
        "school": "Transmutation",
        "castingTime": "1 Action",
        "range": "30 feet",
        "components": "V, S, M (a drop of mercury, a dollop of gum arabic, and a wisp of smoke)",
        "duration": "Concentration, up to 1 hour",
        "description": "Choose one creature or nonmagical object that you can see within range. You transform the creature into a different creature, the creature into an object, or the object into a creature (the object must be neither worn nor carried by another creature).",
        "classIds": ["bard", "warlock", "wizard"],
        "requiresConcentration": true,
        "ritual": false,
        "cost": "action"
    },
    {
        "id": "prismatic-wall",
        "name": "Prismatic Wall",
        "level": 9,
        "school": "Abjuration",
        "castingTime": "1 Action",
        "range": "60 feet",
        "components": "V, S",
        "duration": "10 minutes",
        "description": "A shimmering, multicolored wall of light springs into existence at a point you choose within range. The wall appears in any orientation you choose, as a vertical or horizontal barrier or at an angle.",
        "classIds": ["bard", "wizard"],
        "template": { "type": "line", "size": 90, "size2": 1 },
        "requiresConcentration": false,
        "ritual": false,
        "cost": "action"
    },
    {
        "id": "shapechange",
        "name": "Shapechange",
        "level": 9,
        "school": "Transmutation",
        "castingTime": "1 Action",
        "range": "Self",
        "components": "V, S, M (a jade circlet worth at least 1,500 gp)",
        "duration": "Concentration, up to 1 hour",
        "description": "You assume the form of a different creature for the duration. The new form can be of any creature with a challenge rating equal to your level or lower. The creature can’t be a construct or an undead, and you must have seen the sort of creature at least once. You transform into an average example of that creature, one without any class levels or the Spellcasting trait.",
        "classIds": ["druid", "wizard"],
        "requiresConcentration": true,
        "ritual": false,
        "cost": "action"
    },
    {
        "id": "storm-of-vengeance",
        "name": "Storm of Vengeance",
        "level": 9,
        "school": "Conjuration",
        "castingTime": "1 Action",
        "range": "Sight",
        "components": "V, S",
        "duration": "Concentration, up to 1 minute",
        "description": "A churning storm cloud forms, centered on a point you can see and spreading to a radius of 360 feet. Lightning flashes in the area, thunder booms, and strong winds roar. Each round you concentrate on the spell, the storm produces additional effects on your turn.",
        "classIds": ["druid"],
        "requiresConcentration": true,
        "template": { "type": "sphere", "size": 360 },
        "ritual": false,
        "cost": "action"
    }
]
