[
    {
        "id": "lesser-restoration",
        "name": "Lesser Restoration",
        "level": 2,
        "school": "Abjuration",
        "castingTime": "1 Action",
        "range": "Touch",
        "components": "V, S",
        "duration": "Instantaneous",
        "description": "You touch a creature and can end either one disease or one condition afflicting it. The condition can be blinded, deafened, paralyzed, or poisoned.",
        "classIds": ["bard", "cleric", "druid", "paladin", "ranger", "artificer"],
        "cost": "action",
        "requiresConcentration": false,
        "ritual": false
    },
    {
        "id": "branding-smite",
        "name": "Branding Smite",
        "level": 2,
        "school": "Evocation",
        "castingTime": "1 Bonus Action",
        "range": "Self",
        "components": "V",
        "duration": "Concentration, up to 1 minute",
        "description": "The next time you hit a creature with a weapon attack before this spell ends, the weapon gleams with astral radiance as you strike. The attack deals an extra 2d6 radiant damage to the target, which becomes visible if it’s invisible, and the target sheds dim light in a 5-foot radius and can’t become invisible until the spell ends.",
        "higherLevel": "When you cast this spell using a spell slot of 3rd level or higher, the extra damage increases by 1d6 for each slot level above 2nd.",
        "damage": { "dice": "2d6", "type": "radiant" },
        "classIds": ["paladin", "artificer"],
        "requiresConcentration": true,
        "cost": "bonus action",
        "ritual": false
    },
    {
        "id": "melfs-acid-arrow",
        "name": "Melf’s Acid Arrow",
        "level": 2,
        "school": "Evocation",
        "castingTime": "1 Action",
        "range": "90 feet",
        "components": "V, S, M (powdered rhubarb leaf and an adder’s stomach)",
        "duration": "Instantaneous",
        "description": "A shimmering green arrow streaks toward a target within range and bursts in a spray of acid. Make a ranged spell attack against the target. On a hit, the target takes 4d4 acid damage immediately and 2d4 acid damage at the end of its next turn. On a miss, the arrow splashes the target with acid for half as much of the initial damage and no damage at the end of its next turn.",
        "higherLevel": "When you cast this spell using a spell slot of 3rd level or higher, the damage (both initial and later) increases by 1d4 for each slot level above 2nd.",
        "damage": { "dice": "4d4", "type": "acid" },
        "attackType": "ranged",
        "classIds": ["wizard", "artificer"],
        "cost": "action",
        "requiresConcentration": false,
        "ritual": false
    },
    {
        "id": "spiritual-weapon",
        "name": "Spiritual Weapon",
        "level": 2,
        "school": "Evocation",
        "castingTime": "1 Bonus Action",
        "range": "60 feet",
        "components": "V, S",
        "duration": "1 minute",
        "description": "You create a floating, spectral weapon within range that lasts for the duration or until you cast this spell again. When you cast the spell, you can make a melee spell attack against a creature within 5 feet of the weapon. On a hit, the target takes force damage equal to 1d8 + your spellcasting ability modifier.",
        "higherLevel": "When you cast this spell using a spell slot of 3rd level or higher, the damage increases by 1d8 for every two slot levels above the 2nd.",
        "damage": { "dice": "1d8", "type": "force" },
        "attackType": "melee",
        "classIds": ["cleric", "paladin"],
        "effects": [{ "type": "summon_creature", "companionId": "spiritual-weapon" }],
        "cost": "bonus action",
        "requiresConcentration": false,
        "ritual": false
    },
    { "id": "magic-weapon", "name": "Magic Weapon", "level": 2, "school": "Transmutation", "castingTime": "1 Bonus Action", "range": "Touch", "components": "V, S", "duration": "Concentration, up to 1 hour", "description": "You touch a nonmagical weapon. Until the spell ends, that weapon becomes a magic weapon with a +1 bonus to attack rolls and damage rolls.", "classIds": ["paladin", "wizard", "cleric", "artificer"], "requiresConcentration": true, "cost": "bonus action", "ritual": false },
    { "id": "nystuls-magic-aura", "name": "Nystul’s Magic Aura", "level": 2, "school": "Illusion", "castingTime": "1 Action", "range": "Touch", "components": "V, S, M", "duration": "24 hours", "description": "You place an illusion on a creature or an object you touch so that divination spells reveal false information about it.", "classIds": ["wizard", "cleric"], "cost": "action", "requiresConcentration": false, "ritual": false },
    { "id": "blindness-deafness", "name": "Blindness/Deafness", "level": 2, "school": "Necromancy", "castingTime": "1 Action", "range": "30 feet", "components": "V", "duration": "1 minute", "description": "You can blind or deafen a foe. Choose one creature that you can see within range to make a Constitution saving throw.", "classIds": ["bard", "cleric", "sorcerer", "wizard"], "cost": "action", "requiresConcentration": false, "ritual": false },
    { "id": "ray-of-enfeeblement", "name": "Ray of Enfeeblement", "level": 2, "school": "Necromancy", "castingTime": "1 Action", "range": "60 feet", "components": "V, S", "duration": "Concentration, up to 1 minute", "description": "A black beam of enervating energy springs from your finger toward a creature. Make a ranged spell attack. On a hit, the target deals only half damage with weapon attacks that use Strength.", "classIds": ["warlock", "wizard", "cleric"], "requiresConcentration": true, "cost": "action", "ritual": false },
    { "id": "heat-metal", "name": "Heat Metal", "level": 2, "school": "Transmutation", "castingTime": "1 Action", "range": "60 feet", "components": "V, S, M", "duration": "Concentration, up to 1 minute", "description": "Choose a manufactured metal object that you can see within range. You cause the object to glow red-hot.", "classIds": ["bard", "druid", "cleric", "artificer"], "requiresConcentration": true, "cost": "action", "ritual": false },
    { "id": "gentle-repose", "name": "Gentle Repose", "level": 2, "school": "Necromancy", "castingTime": "1 Action (Ritual)", "range": "Touch", "components": "V, S, M", "duration": "10 days", "description": "You touch a corpse or other remains. For the duration, the target is protected from decay and can’t become undead.", "classIds": ["cleric", "wizard", "paladin"], "ritual": true, "cost": "action", "requiresConcentration": false },
    { "id": "augury", "name": "Augury", "level": 2, "school": "Divination", "castingTime": "1 minute (Ritual)", "range": "Self", "components": "V, S, M", "duration": "Instantaneous", "description": "You receive an omen from an otherworldly entity about the results of a specific course of action that you plan to take within the next 30 minutes.", "classIds": ["cleric"], "ritual": true, "requiresConcentration": false },
    { "id": "suggestion", "name": "Suggestion", "level": 2, "school": "Enchantment", "castingTime": "1 Action", "range": "30 feet", "components": "V, M", "duration": "Concentration, up to 8 hours", "description": "You suggest a course of activity (limited to a sentence or two) and magically influence a creature you can see within range that can hear and understand you.", "classIds": ["bard", "sorcerer", "warlock", "wizard", "cleric"], "requiresConcentration": true, "cost": "action", "ritual": false },
    { "id": "hold-person", "name": "Hold Person", "level": 2, "school": "Enchantment", "castingTime": "1 Action", "range": "60 feet", "components": "V, S, M", "duration": "Concentration, up to 1 minute", "description": "Choose a humanoid that you can see within range. The target must succeed on a Wisdom saving throw or be paralyzed for the duration.", "classIds": ["bard", "cleric", "druid", "sorcerer", "warlock", "wizard", "paladin"], "requiresConcentration": true, "cost": "action", "ritual": false },
    { "id": "zone-of-truth", "name": "Zone of Truth", "level": 2, "school": "Enchantment", "castingTime": "1 Action", "range": "60 feet", "components": "V, S", "duration": "10 minutes", "description": "You create a magical zone that guards against deception in a 15-foot-radius sphere centered on a point of your choice.", "classIds": ["bard", "cleric", "paladin"], "template": { "type": "sphere", "size": 15 }, "cost": "action", "requiresConcentration": false, "ritual": false },
    { "id": "aid", "name": "Aid", "level": 2, "school": "Abjuration", "castingTime": "1 Action", "range": "30 feet", "components": "V, S, M", "duration": "8 hours", "description": "Your spell bolsters your allies with toughness and resolve. Choose up to three creatures within range. Each target’s hit point maximum and current hit points increase by 5 for the duration.", "classIds": ["bard", "cleric", "paladin", "artificer"], "cost": "action", "requiresConcentration": false, "ritual": false },
    { "id": "warding-bond", "name": "Warding Bond", "level": 2, "school": "Abjuration", "castingTime": "1 Action", "range": "Touch", "components": "V, S, M", "duration": "1 hour", "description": "This spell wards a willing creature you touch and creates a mystic connection between you and the target until the spell ends.", "classIds": ["cleric", "paladin", "artificer"], "cost": "action", "requiresConcentration": false, "ritual": false },
    { "id": "flaming-sphere", "name": "Flaming Sphere", "level": 2, "school": "Conjuration", "castingTime": "1 Action", "range": "60 feet", "components": "V, S, M", "duration": "Concentration, up to 1 minute", "description": "A 5-foot-diameter sphere of fire appears in an unoccupied space of your choice within range and lasts for the duration.", "classIds": ["druid", "wizard", "cleric", "artificer"], "requiresConcentration": true, "template": { "type": "sphere", "size": 2.5 }, "cost": "action", "ritual": false },
    { "id": "scorching-ray", "name": "Scorching Ray", "level": 2, "school": "Evocation", "castingTime": "1 Action", "range": "120 feet", "components": "V, S", "duration": "Instantaneous", "description": "You create three rays of fire and hurl them at targets within range. You can hurl them at one target or several.", "classIds": ["sorcerer", "wizard", "cleric", "artificer"], "cost": "action", "requiresConcentration": false, "ritual": false },
    { "id": "barkskin", "name": "Barkskin", "level": 2, "school": "Transmutation", "castingTime": "1 Action", "range": "Touch", "components": "V, S, M", "duration": "Concentration, up to 1 hour", "description": "You touch a willing creature. Until the spell ends, the target’s skin has a rough, bark-like appearance, and the target’s AC can’t be less than 16.", "classIds": ["druid", "ranger", "cleric"], "requiresConcentration": true, "cost": "action", "ritual": false },
    { "id": "spike-growth", "name": "Spike Growth", "level": 2, "school": "Transmutation", "castingTime": "1 Action", "range": "150 feet", "components": "V, S, M", "duration": "Concentration, up to 10 minutes", "description": "The ground in a 20-foot radius centered on a point within range twists and sprouts hard spikes and thorns.", "classIds": ["druid", "ranger", "cleric"], "requiresConcentration": true, "template": { "type": "sphere", "size": 20 }, "effects": [{ "type": "modify_terrain", "terrainType": "difficult", "damageOnMove": "2d4 piercing" }], "cost": "action", "ritual": false },
    { "id": "mirror-image", "name": "Mirror Image", "level": 2, "school": "Illusion", "castingTime": "1 Action", "range": "Self", "components": "V, S", "duration": "1 minute", "description": "Three illusory duplicates of yourself appear in your space. Until the spell ends, the duplicates move with you and mimic your actions.", "classIds": ["bard", "sorcerer", "warlock", "wizard", "cleric", "artificer"], "cost": "action", "requiresConcentration": false, "ritual": false },
    { "id": "pass-without-trace", "name": "Pass without Trace", "level": 2, "school": "Abjuration", "castingTime": "1 Action", "range": "Self", "components": "V, S, M", "duration": "Concentration, up to 1 hour", "description": "A veil of shadows and silence radiates from you, masking you and your companions from detection.", "classIds": ["druid", "ranger", "cleric"], "requiresConcentration": true, "ritual": true, "cost": "action" },
    { "id": "moonbeam", "name": "Moonbeam", "level": 2, "school": "Evocation", "castingTime": "1 Action", "range": "120 feet", "components": "V, S, M", "duration": "Concentration, up to 1 minute", "description": "A silvery beam of pale light shines down in a 5-foot-radius, 40-foot-high cylinder centered on a point within range.", "classIds": ["druid", "cleric", "paladin"], "requiresConcentration": true, "template": { "type": "sphere", "size": 5 }, "cost": "action", "ritual": false },
    { "id": "see-invisibility", "name": "See Invisibility", "level": 2, "school": "Divination", "castingTime": "1 Action", "range": "Self", "components": "V, S, M", "duration": "1 hour", "description": "For the duration, you see invisible creatures and objects as if they were visible, and you can see into the Ethereal Plane.", "classIds": ["bard", "sorcerer", "wizard", "cleric", "paladin", "artificer"], "cost": "action", "requiresConcentration": false, "ritual": false },
    { "id": "gust-of-wind", "name": "Gust of Wind", "level": 2, "school": "Evocation", "castingTime": "1 Action", "range": "Self (60-foot line)", "components": "V, S, M", "duration": "Concentration, up to 1 minute", "description": "A line of strong wind 60 feet long and 10 feet wide blasts from you in a direction you choose for the spell’s duration.", "classIds": ["druid", "sorcerer", "wizard", "cleric"], "requiresConcentration": true, "template": { "type": "line", "size": 60, "size2": 10 }, "cost": "action", "ritual": false },
    { "id": "shatter", "name": "Shatter", "level": 2, "school": "Evocation", "castingTime": "1 Action", "range": "60 feet", "components": "V, S, M", "duration": "Instantaneous", "description": "A sudden loud ringing noise, painfully intense, erupts from a point of your choice within range.", "classIds": ["bard", "sorcerer", "warlock", "wizard", "cleric", "artificer"], "template": { "type": "sphere", "size": 10 }, "effects": [{ "type": "environmental_interaction", "interaction": "shatter_fragile" }], "cost": "action", "requiresConcentration": false, "ritual": false },
    { "id": "misty-step", "name": "Misty Step", "level": 2, "school": "Conjuration", "castingTime": "1 Bonus Action", "range": "Self", "components": "V", "duration": "Instantaneous", "description": "Briefly surrounded by silvery mist, you teleport up to 30 feet to an unoccupied space that you can see.", "classIds": ["sorcerer", "warlock", "wizard", "paladin"], "cost": "bonus action", "requiresConcentration": false, "ritual": false },
    { "id": "enhance-ability", "name": "Enhance Ability", "level": 2, "school": "Transmutation", "castingTime": "1 Action", "range": "Touch", "components": "V, S, M", "duration": "Concentration, up to 1 hour", "description": "You touch a creature and bestow upon it a magical enhancement. Choose one of the following effects: Bear’s Endurance, Bull’s Strength, Cat’s Grace, Eagle’s Splendor, Fox’s Cunning, or Owl’s Wisdom.", "classIds": ["bard", "cleric", "druid", "sorcerer", "paladin"], "requiresConcentration": true, "cost": "action", "ritual": false },
    { "id": "calm-emotions", "name": "Calm Emotions", "level": 2, "school": "Enchantment", "castingTime": "1 Action", "range": "60 feet", "components": "V, S", "duration": "Concentration, up to 1 minute", "description": "You attempt to suppress strong emotions in a group of people. Each humanoid in a 20-foot-radius sphere centered on a point you choose within range must make a Charisma saving throw.", "classIds": ["bard", "cleric", "paladin"], "requiresConcentration": true, "template": { "type": "sphere", "size": 20 }, "cost": "action", "ritual": false },
    { "id": "animal-messenger", "name": "Animal Messenger", "level": 2, "school": "Enchantment", "castingTime": "1 Action", "range": "30 feet", "components": "V, S, M (a morsel of food)", "duration": "24 hours", "description": "By means of this spell, you use an animal to send a message. Choose a Tiny beast you can see within range. You specify a location and a recipient. The target beast travels for the duration toward the specified location.", "classIds": ["bard", "druid", "ranger"], "ritual": true, "cost": "action", "requiresConcentration": false },
    { "id": "cloud-of-daggers", "name": "Cloud of Daggers", "level": 2, "school": "Conjuration", "castingTime": "1 Action", "range": "60 feet", "components": "V, S, M (a sliver of glass)", "duration": "Concentration, up to 1 minute", "description": "You fill the air with spinning daggers in a 5-foot cube. A creature takes 4d4 slashing damage when it enters the area for the first time on a turn or starts its turn there.", "damage": {"dice": "4d4", "type": "slashing"}, "classIds": ["bard", "sorcerer", "warlock", "wizard"], "requiresConcentration": true, "template": { "type": "cube", "size": 5 }, "cost": "action", "ritual": false },
    { "id": "crown-of-madness", "name": "Crown of Madness", "level": 2, "school": "Enchantment", "castingTime": "1 Action", "range": "120 feet", "components": "V, S", "duration": "Concentration, up to 1 minute", "description": "One humanoid of your choice must succeed on a Wisdom saving throw or become charmed. The charmed target must use its action before moving on each of its turns to make a melee attack against a creature other than itself that you mentally choose.", "classIds": ["bard", "sorcerer", "warlock", "wizard"], "requiresConcentration": true, "cost": "action", "ritual": false },
    { "id": "detect-thoughts", "name": "Detect Thoughts", "level": 2, "school": "Divination", "castingTime": "1 Action", "range": "Self", "components": "V, S, M (a copper piece)", "duration": "Concentration, up to 1 minute", "description": "For the duration, you can read the thoughts of certain creatures. You can focus your mind on any one creature you can see within 30 feet of you.", "classIds": ["bard", "sorcerer", "wizard"], "requiresConcentration": true, "cost": "action", "ritual": false },
    { "id": "enthrall", "name": "Enthrall", "level": 2, "school": "Enchantment", "castingTime": "1 Action", "range": "60 feet", "components": "V, S", "duration": "1 minute", "description": "You weave a distracting string of words, causing creatures of your choice that you can see within range and that can hear you to make a Wisdom saving throw. On a failed save, the target has disadvantage on Wisdom (Perception) checks made to perceive any creature other than you.", "classIds": ["bard", "warlock"], "cost": "action", "requiresConcentration": false, "ritual": false },
    { "id": "invisibility", "name": "Invisibility", "level": 2, "school": "Illusion", "castingTime": "1 Action", "range": "Touch", "components": "V, S, M (an eyelash encased in gum arabic)", "duration": "Concentration, up to 1 hour", "description": "A creature you touch becomes invisible until the spell ends. The spell ends for a target that attacks or casts a spell.", "classIds": ["bard", "sorcerer", "warlock", "wizard", "artificer"], "requiresConcentration": true, "cost": "action", "ritual": false },
    { "id": "knock", "name": "Knock", "level": 2, "school": "Transmutation", "castingTime": "1 Action", "range": "60 feet", "components": "V", "duration": "Instantaneous", "description": "Choose an object that you can see within range. The object can be a door, a box, a chest, or another object that contains a mundane or magical means that prevents access. The object is unlocked.", "classIds": ["bard", "sorcerer", "wizard"], "cost": "action", "requiresConcentration": false, "ritual": false },
    { "id": "locate-animals-or-plants", "name": "Locate Animals or Plants", "level": 2, "school": "Divination", "castingTime": "1 Action", "range": "Self", "components": "V, S, M (a bit of fur from a bloodhound)", "duration": "Instantaneous", "description": "Describe or name a specific kind of beast or plant. You learn the direction and distance to the closest creature or plant of that kind within 5 miles, if any are present.", "classIds": ["bard", "druid", "ranger"], "ritual": true, "cost": "action", "requiresConcentration": false },
    { "id": "locate-object", "name": "Locate Object", "level": 2, "school": "Divination", "castingTime": "1 Action", "range": "Self", "components": "V, S, M (a forked twig)", "duration": "Concentration, up to 10 minutes", "description": "Describe or name an object that is familiar to you. You sense the direction to the object’s location, as long as that object is within 1,000 feet of you.", "classIds": ["bard", "cleric", "druid", "paladin", "ranger", "wizard"], "requiresConcentration": true, "cost": "action", "ritual": false },
    { "id": "magic-mouth", "name": "Magic Mouth", "level": 2, "school": "Illusion", "castingTime": "1 minute", "range": "30 feet", "components": "V, S, M (a small bit of honeycomb and jade dust worth at least 10 gp)", "duration": "Until dispelled", "description": "You implant a message within an object in range, a message that is uttered when a trigger condition is met.", "classIds": ["bard", "wizard", "artificer"], "ritual": true, "requiresConcentration": false },
    { "id": "phantasmal-force", "name": "Phantasmal Force", "level": 2, "school": "Illusion", "castingTime": "1 Action", "range": "60 feet", "components": "V, S, M (a bit of fleece)", "duration": "Concentration, up to 1 minute", "description": "You craft an illusion that takes root in the mind of a creature that you can see within range. The target must make an Intelligence saving throw. On a failed save, you create a phantasmal object, creature, or other visible phenomenon of your choice that is perceivable only to the target.", "classIds": ["bard", "sorcerer", "wizard"], "requiresConcentration": true, "cost": "action", "ritual": false },
    { "id": "silence", "name": "Silence", "level": 2, "school": "Illusion", "castingTime": "1 Action", "range": "120 feet", "components": "V, S", "duration": "Concentration, up to 10 minutes", "description": "For the duration, no sound can be created within or pass through a 20-foot-radius sphere centered on a point you choose within range.", "classIds": ["bard", "cleric", "ranger"], "ritual": true, "template": { "type": "sphere", "size": 20 }, "cost": "action", "requiresConcentration": true },
    { "id": "enlarge-reduce", "name": "Enlarge/Reduce", "level": 2, "school": "Transmutation", "castingTime": "1 Action", "range": "30 feet", "components": "V, S, M (a pinch of powdered iron)", "duration": "Concentration, up to 1 minute", "description": "You cause a creature or an object you can see within range to grow larger or smaller for the duration.", "classIds": ["bard", "sorcerer", "wizard", "artificer"], "requiresConcentration": true, "cost": "action", "ritual": false },
    { "id": "spider-climb", "name": "Spider Climb", "level": 2, "school": "Transmutation", "castingTime": "1 Action", "range": "Touch", "components": "V, S, M (a drop of bitumen and a spider)", "duration": "Concentration, up to 1 hour", "description": "Until the spell ends, one willing creature you touch gains the ability to move up, down, and across vertical surfaces and upside down along ceilings, while leaving its hands free. The target also gains a climbing speed equal to its walking speed.", "classIds": ["sorcerer", "warlock", "wizard", "artificer", "druid"], "requiresConcentration": true, "cost": "action", "ritual": false },
    { "id": "web", "name": "Web", "level": 2, "school": "Conjuration", "castingTime": "1 Action", "range": "60 feet", "components": "V, S, M (a bit of spiderweb)", "duration": "Concentration, up to 1 hour", "description": "You conjure a mass of thick, sticky webbing at a point of your choice within range. The webs fill a 20-foot cube from that point for the duration. The webs are difficult terrain and lightly obscure their area.", "classIds": ["sorcerer", "wizard", "artificer", "druid"], "requiresConcentration": true, "template": { "type": "cube", "size": 20 }, "cost": "action", "ritual": false },
    { "id": "darkness", "name": "Darkness", "level": 2, "school": "Evocation", "castingTime": "1 Action", "range": "60 feet", "components": "V, M (bat fur and a drop of pitch or piece of coal)", "duration": "Concentration, up to 10 minutes", "description": "Magical darkness spreads from a point you choose within range to fill a 15-foot-radius sphere for the duration. The darkness spreads around corners. A creature with darkvision can’t see through this darkness, and nonmagical light can’t illuminate it.", "classIds": ["sorcerer", "warlock", "wizard", "druid"], "requiresConcentration": true, "template": { "type": "sphere", "size": 15 }, "cost": "action", "ritual": false },
    { "id": "continual-flame", "name": "Continual Flame", "level": 2, "school": "Evocation", "castingTime": "1 Action", "range": "Touch", "components": "V, S, M (ruby dust worth 50 gp, which the spell consumes)", "duration": "Until dispelled", "description": "A flame, equivalent in brightness to a torch, springs forth from an object that you touch. The effect looks like a regular flame, but it creates no heat and doesn’t use oxygen. A continual flame can be covered or hidden but not smothered or quenched.", "classIds": ["cleric", "wizard", "artificer"], "cost": "action", "requiresConcentration": false, "ritual": false },
    { "id": "summon-beast", "name": "Summon Beast", "level": 2, "school": "Conjuration", "castingTime": "1 Action", "range": "90 feet", "components": "V, S, M (a feather, a tuft of fur, and a fish tail)", "duration": "Concentration, up to 1 hour", "description": "You call forth a bestial spirit. It manifests in an unoccupied space that you can see within range. This corporeal form uses the Bestial Spirit stat block. When you cast the spell, choose an environment: Air, Land, or Water. The creature resembles an animal of your choice that is native to that environment, which determines certain traits in its stat block.", "classIds": ["druid", "ranger"], "requiresConcentration": true, "effects": [{ "type": "summon_creature", "companionId": "beast-spirit" }], "cost": "action", "ritual": false }
]
