[
    {
        "id": "heal",
        "name": "Heal",
        "level": 6,
        "school": "Evocation",
        "castingTime": "1 Action",
        "range": "60 feet",
        "components": "V, S",
        "duration": "Instantaneous",
        "description": "Choose a creature that you can see within range. A surge of positive energy washes through the creature, causing it to regain 70 hit points. This spell also ends blindness, deafness, and any diseases affecting the target. This spell has no effect on constructs or undead.",
        "higherLevel": "When you cast this spell using a spell slot of 7th level or higher, the amount of healing increases by 10 for each slot level above 6th.",
        "classIds": ["cleric", "druid"],
        "requiresConcentration": false,
        "ritual": false,
        "cost": "action"
    },
    {
        "id": "sunbeam",
        "name": "Sunbeam",
        "level": 6,
        "school": "Evocation",
        "castingTime": "1 Action",
        "range": "Self (60-foot line)",
        "components": "V, S, M (a magnifying glass)",
        "duration": "Concentration, up to 1 minute",
        "description": "A beam of brilliant light flashes out from your hand in a 5-foot-wide, 60-foot-long line. Each creature in the line must make a Constitution saving throw. On a failed save, a creature takes 6d8 radiant damage and is blinded until your next turn. On a successful save, it takes half as much damage and isn’t blinded by this spell. Undead and oozes have disadvantage on this saving throw. You can use your action on subsequent turns to create a new beam of light.",
        "damage": { "dice": "6d8", "type": "radiant" },
        "classIds": ["cleric", "druid", "sorcerer", "wizard"],
        "requiresConcentration": true,
        "template": { "type": "line", "size": 60, "size2": 5 },
        "ritual": false,
        "cost": "action"
    },
    {
        "id": "word-of-recall",
        "name": "Word of Recall",
        "level": 6,
        "school": "Conjuration",
        "castingTime": "1 Action",
        "range": "5 feet",
        "components": "V",
        "duration": "Instantaneous",
        "description": "You and up to five willing creatures within 5 feet of you instantly teleport to a previously designated sanctuary. You and any creatures that teleport with you appear in the nearest unoccupied space to the spot you designated when you prepared your sanctuary.",
        "classIds": ["cleric"],
        "requiresConcentration": false,
        "ritual": false,
        "cost": "action"
    },
    {
        "id": "blade-barrier",
        "name": "Blade Barrier",
        "level": 6,
        "school": "Evocation",
        "castingTime": "1 Action",
        "range": "90 feet",
        "components": "V, S",
        "duration": "Concentration, up to 10 minutes",
        "description": "You create a vertical wall of whirling, razor-sharp blades made of magical energy. The wall appears within range and lasts for the duration. You can make a straight wall up to 100 feet long, 20 feet high, and 5 feet thick, or a ringed wall up to 60 feet in diameter, 20 feet high, and 5 feet thick.",
        "classIds": ["cleric"],
        "requiresConcentration": true,
        "template": { "type": "line", "size": 100, "size2": 5 },
        "ritual": false,
        "cost": "action"
    },
    {
        "id": "harm",
        "name": "Harm",
        "level": 6,
        "school": "Necromancy",
        "castingTime": "1 Action",
        "range": "60 feet",
        "components": "V, S",
        "duration": "Instantaneous",
        "description": "You unleash a virulent disease on a creature that you can see within range. The target must make a Constitution saving throw. On a failed save, it takes 14d6 necrotic damage, or half as much damage on a successful save. The damage can’t reduce the target’s hit points below 1. If the target fails the saving throw, its hit point maximum is reduced for 1 hour by an amount equal to the necrotic damage it took.",
        "damage": { "dice": "14d6", "type": "necrotic" },
        "classIds": ["cleric"],
        "requiresConcentration": false,
        "ritual": false,
        "cost": "action"
    },
    {
        "id": "eyebite",
        "name": "Eyebite",
        "level": 6,
        "school": "Necromancy",
        "castingTime": "1 Action",
        "range": "Self",
        "components": "V, S",
        "duration": "Concentration, up to 1 minute",
        "description": "For the spell’s duration, your eyes become an inky void brimming with dread power. One creature of your choice within 60 feet of you that you can see must succeed on a Wisdom saving throw or be affected by one of the following effects of your choice for the duration. On each of your turns until the spell ends, you can use your action to target another creature but can’t target a creature again if it has succeeded on a saving throw against this casting of eyebite.",
        "classIds": ["bard", "sorcerer", "warlock", "wizard"],
        "requiresConcentration": true,
        "ritual": false,
        "cost": "action"
    },
    {
        "id": "find-the-path",
        "name": "Find the Path",
        "level": 6,
        "school": "Divination",
        "castingTime": "1 minute",
        "range": "Self",
        "components": "V, S, M (a set of divinatory tools—such as bones, ivory sticks, or cards—worth 100 gp)",
        "duration": "Concentration, up to 24 hours",
        "description": "This spell allows you to find the shortest, most direct physical route to a specific fixed location that you are familiar with on the same plane of existence. If you name a destination on another plane of existence, a destination that moves (such as a mobile fortress), or a destination that isn’t specific (such as “a green dragon’s lair”), the spell fails.",
        "classIds": ["bard", "cleric", "druid"],
        "requiresConcentration": true,
        "ritual": true
    },
    {
        "id": "guards-and-wards",
        "name": "Guards and Wards",
        "level": 6,
        "school": "Abjuration",
        "castingTime": "10 minutes",
        "range": "Touch",
        "components": "V, S, M (burning incense, a small silver rod, and a smear of grease)",
        "duration": "24 hours",
        "description": "You create a ward that protects up to a 2,500-square-foot area.",
        "classIds": ["bard", "wizard"],
        "requiresConcentration": false,
        "ritual": false
    },
    {
        "id": "mass-suggestion",
        "name": "Mass Suggestion",
        "level": 6,
        "school": "Enchantment",
        "castingTime": "1 Action",
        "range": "60 feet",
        "components": "V, M (a snake’s tongue and either a bit of honeycomb or a drop of sweet oil)",
        "duration": "24 hours",
        "description": "You suggest a course of activity (limited to a sentence or two) and magically influence up to twelve creatures of your choice that you can see within range and that can hear and understand you.",
        "classIds": ["bard", "sorcerer", "warlock", "wizard"],
        "requiresConcentration": false,
        "ritual": false,
        "cost": "action"
    },
    {
        "id": "ottos-irresistible-dance",
        "name": "Otto's Irresistible Dance",
        "level": 6,
        "school": "Enchantment",
        "castingTime": "1 Action",
        "range": "30 feet",
        "components": "V",
        "duration": "Concentration, up to 1 minute",
        "description": "Choose one creature that you can see within range. The target begins a comic dance in place: shuffling, tapping its feet, and capering for the duration. Creatures that can’t be charmed are immune to this spell. A dancing creature must use all its movement to dance without leaving its space and has disadvantage on Dexterity saving throws and attack rolls.",
        "classIds": ["bard", "wizard"],
        "requiresConcentration": true,
        "ritual": false,
        "cost": "action"
    },
    {
        "id": "programmed-illusion",
        "name": "Programmed Illusion",
        "level": 6,
        "school": "Illusion",
        "castingTime": "1 Action",
        "range": "120 feet",
        "components": "V, S, M (a bit of fleece and jade dust worth at least 25 gp)",
        "duration": "Until dispelled",
        "description": "You create an illusion of an object, a creature, or some other visible phenomenon within range that activates when a specific condition is met.",
        "classIds": ["bard", "wizard"],
        "requiresConcentration": false,
        "ritual": false,
        "cost": "action"
    },
    {
        "id": "true-seeing",
        "name": "True Seeing",
        "level": 6,
        "school": "Divination",
        "castingTime": "1 Action",
        "range": "Touch",
        "components": "V, S, M (an ointment for the eyes that costs 25 gp; is made from mushroom powder, saffron, and fat; and is consumed by the spell)",
        "duration": "1 hour",
        "description": "This spell gives the willing creature you touch the ability to see things as they actually are. For the duration, the creature has truesight, notices secret doors hidden by magic, and can see into the Ethereal Plane, all out to a range of 120 feet.",
        "classIds": ["bard", "cleric", "sorcerer", "warlock", "wizard"],
        "requiresConcentration": false,
        "ritual": false,
        "cost": "action"
    },
    {
        "id": "heroes-feast",
        "name": "Heroes' Feast",
        "level": 6,
        "school": "Conjuration",
        "castingTime": "10 minutes",
        "range": "30 feet",
        "components": "V, S, M (a gem-encrusted bowl worth at least 1,000 gp, which the spell consumes)",
        "duration": "Instantaneous",
        "description": "You bring forth a great feast, including magnificent food and drink. The feast takes 1 hour to consume and disappears at the end of that time, and the beneficial effects don’t set in until this hour is over. Up to twelve creatures can partake of the feast.",
        "classIds": ["bard", "cleric", "druid"],
        "requiresConcentration": false,
        "ritual": false
    },
    {
        "id": "flesh-to-stone",
        "name": "Flesh to Stone",
        "level": 6,
        "school": "Transmutation",
        "castingTime": "1 Action",
        "range": "60 feet",
        "components": "V, S, M (a pinch of lime, water, and earth)",
        "duration": "Concentration, up to 1 minute",
        "description": "You attempt to turn one creature that you can see within range into stone. If the target’s body is made of flesh, the creature must make a Constitution saving throw. On a failed save, it is restrained as its flesh begins to harden. On a successful save, the creature isn’t affected.",
        "classIds": ["warlock", "wizard"],
        "requiresConcentration": true,
        "ritual": false,
        "cost": "action"
    }
]
