[
    {
        "id": "magic-missile",
        "name": "Magic Missile",
        "level": 1,
        "school": "Evocation",
        "castingTime": "1 Action",
        "range": "120 feet",
        "components": "V, S",
        "duration": "Instantaneous",
        "description": "You create three glowing darts of magical force. Each dart hits a creature of your choice that you can see within range. A dart deals 1d4 + 1 force damage to its target. The darts all strike simultaneously, and you can direct them to hit one creature or several.",
        "higherLevel": "When you cast this spell using a spell slot of 2nd level or higher, you create one more dart for each slot level above 1st.",
        "damage": { "dice": "1d4+1", "type": "force" },
        "classIds": ["sorcerer", "wizard", "artificer"],
        "cost": "action",
        "requiresConcentration": false,
        "ritual": false
    },
    {
        "id": "cure-wounds",
        "name": "Cure Wounds",
        "level": 1,
        "school": "Evocation",
        "castingTime": "1 Action",
        "range": "Touch",
        "components": "V, S",
        "duration": "Instantaneous",
        "description": "A creature you touch regains a number of hit points equal to 1d8 + your spellcasting ability modifier. This spell has no effect on undead or constructs.",
        "higherLevel": "When you cast this spell using a spell slot of 2nd level or higher, the healing increases by 1d8 for each slot level above 1st.",
        "classIds": ["bard", "cleric", "druid", "paladin", "ranger", "artificer"],
        "cost": "action",
        "requiresConcentration": false,
        "ritual": false
    },
    {
        "id": "healing-word",
        "name": "Healing Word",
        "level": 1,
        "school": "Evocation",
        "castingTime": "1 Bonus Action",
        "range": "60 feet",
        "components": "V",
        "duration": "Instantaneous",
        "description": "A creature of your choice that you can see within range regains hit points equal to 1d4 + your spellcasting ability modifier. This spell has no effect on undead or constructs.",
        "higherLevel": "When you cast this spell using a spell slot of 2nd level or higher, the healing increases by 1d4 for each slot level above 1st.",
        "classIds": ["bard", "cleric", "druid", "artificer"],
        "cost": "bonus action",
        "requiresConcentration": false,
        "ritual": false
    },
    {
        "id": "shield",
        "name": "Shield",
        "level": 1,
        "school": "Abjuration",
        "castingTime": "1 Reaction, which you take when you are hit by an attack or targeted by the magic missile spell",
        "range": "Self",
        "components": "V, S",
        "duration": "1 round",
        "description": "An invisible barrier of magical force appears and protects you. Until the start of your next turn, you have a +5 bonus to AC, including against the triggering attack, and you take no damage from magic missile.",
        "classIds": ["sorcerer", "wizard", "artificer", "paladin"],
        "cost": "reaction",
        "interactionType": "reaction_ac_bonus",
        "requiresConcentration": false,
        "ritual": false
    },
    {
        "id": "bless",
        "name": "Bless",
        "level": 1,
        "school": "Enchantment",
        "castingTime": "1 Action",
        "range": "30 feet",
        "components": "V, S, M (a sprinkling of holy water)",
        "duration": "Concentration, up to 1 minute",
        "description": "You bless up to three creatures of your choice within range. Whenever a target makes an attack roll or a saving throw before the spell ends, the target can roll a d4 and add the number rolled to the attack roll or saving throw.",
        "higherLevel": "When you cast this spell using a spell slot of 2nd level or higher, you can target one additional creature for each slot level above 1st.",
        "classIds": ["cleric", "paladin"],
        "cost": "action",
        "requiresConcentration": true,
        "ritual": false,
        "template": { "type": "sphere", "size": 30 },
        "effects": [{ "type": "apply_condition", "conditionId": "Blessed", "duration": "concentration", "target": "allies_in_aoe", "maxTargets": 3 }]
    },
    {
        "id": "guiding-bolt",
        "name": "Guiding Bolt",
        "level": 1,
        "school": "Evocation",
        "castingTime": "1 Action",
        "range": "120 feet",
        "components": "V, S",
        "duration": "1 round",
        "description": "A flash of light streaks toward a creature of your choice within range. Make a ranged spell attack against the target. On a hit, the target takes 4d6 radiant damage, and the next attack roll made against this target before the end of your next turn has advantage, thanks to the mystical dim light glittering on the target until then.",
        "higherLevel": "When you cast this spell using a spell slot of 2nd level or higher, the damage increases by 1d6 for each slot level above 1st.",
        "damage": { "dice": "4d6", "type": "radiant" },
        "attackType": "ranged",
        "classIds": ["cleric", "paladin"],
        "cost": "action",
        "requiresConcentration": false,
        "ritual": false
    },
    { "id": "detect-magic", "name": "Detect Magic", "level": 1, "school": "Divination", "castingTime": "1 Action", "range": "Self", "components": "V, S", "duration": "Concentration, up to 10 minutes", "description": "For the duration, you sense the presence of magic within 30 feet of you.", "classIds": ["bard", "cleric", "druid", "paladin", "ranger", "sorcerer", "wizard", "artificer"], "cost": "action", "requiresConcentration": true, "ritual": true },
    { "id": "false-life", "name": "False Life", "level": 1, "school": "Necromancy", "castingTime": "1 Action", "range": "Self", "components": "V, S, M", "duration": "1 hour", "description": "You gain 1d4 + 4 temporary hit points for the duration.", "classIds": ["sorcerer", "wizard", "cleric", "artificer"], "cost": "action", "requiresConcentration": false, "ritual": false },
    { "id": "ray-of-sickness", "name": "Ray of Sickness", "level": 1, "school": "Necromancy", "castingTime": "1 Action", "range": "60 feet", "components": "V, S", "duration": "Instantaneous", "description": "Make a ranged spell attack. On a hit, the target takes 2d8 poison damage and must make a Constitution saving throw or be poisoned until the end of your next turn.", "classIds": ["sorcerer", "wizard", "cleric", "artificer"], "cost": "action", "requiresConcentration": false, "ritual": false, "attackType": "ranged", "damage": { "dice": "2d8", "type": "poison" }, "savingThrow": { "ability": "CONSTITUTION", "effect": "be poisoned until the end of your next turn" } },
    { "id": "identify", "name": "Identify", "level": 1, "school": "Divination", "castingTime": "1 minute", "range": "Touch", "components": "V, S, M", "duration": "Instantaneous", "description": "You choose one object that you must touch. You learn its properties and how to use them, whether it requires attunement, and how many charges it has.", "classIds": ["bard", "wizard", "cleric", "artificer"], "requiresConcentration": false, "ritual": true },
    { "id": "searing-smite", "name": "Searing Smite", "level": 1, "school": "Evocation", "castingTime": "1 Bonus Action", "range": "Self", "components": "V", "duration": "Concentration, up to 1 minute", "description": "The next time you hit a creature with a melee weapon attack during the spell’s duration, your attack deals an extra 1d6 fire damage to the target, and the target must make a Constitution saving throw or be on fire.", "classIds": ["paladin", "cleric"], "cost": "bonus action", "requiresConcentration": true, "ritual": false, "damage": { "dice": "1d6", "type": "fire" }, "savingThrow": { "ability": "CONSTITUTION", "effect": "be on fire" } },
    { "id": "bane", "name": "Bane", "level": 1, "school": "Enchantment", "castingTime": "1 Action", "range": "30 feet", "components": "V, S, M", "duration": "Concentration, up to 1 minute", "description": "Up to three creatures of your choice must make Charisma saving throws. Whenever a target that fails this saving throw makes an attack roll or a saving throw before the spell ends, the target must subtract a d4 from the roll.", "classIds": ["bard", "cleric", "paladin"], "cost": "action", "requiresConcentration": true, "ritual": false, "savingThrow": { "ability": "CHARISMA", "effect": "subtract 1d4 from attack rolls and saving throws" }, "effects": [{ "type": "apply_condition_on_fail", "conditionId": "Baned", "duration": "concentration" }] },
    { "id": "command", "name": "Command", "level": 1, "school": "Enchantment", "castingTime": "1 Action", "range": "60 feet", "components": "V", "duration": "1 round", "description": "You speak a one-word command to a creature you can see. The target must succeed on a Wisdom saving throw or follow the command on its next turn.", "classIds": ["bard", "cleric", "paladin"], "cost": "action", "requiresConcentration": false, "ritual": false, "savingThrow": { "ability": "WISDOM", "effect": "follow the command on its next turn" } },
    { "id": "heroism", "name": "Heroism", "level": 1, "school": "Enchantment", "castingTime": "1 Action", "range": "Touch", "components": "V, S", "duration": "Concentration, up to 1 minute", "description": "A willing creature you touch is imbued with bravery. Until the spell ends, the creature is immune to being frightened and gains temporary hit points equal to your spellcasting ability modifier at the start of each of its turns.", "classIds": ["bard", "paladin", "cleric", "artificer"], "cost": "action", "requiresConcentration": true, "ritual": false },
    { "id": "sanctuary", "name": "Sanctuary", "level": 1, "school": "Abjuration", "castingTime": "1 Bonus Action", "range": "30 feet", "components": "V, S, M", "duration": "1 minute", "description": "You ward a creature within range against attack. Any creature who targets the warded creature with an attack or a harmful spell must first make a Wisdom saving throw.", "classIds": ["cleric", "paladin", "artificer"], "cost": "bonus action", "requiresConcentration": false, "ritual": false, "savingThrow": { "ability": "WISDOM", "effect": "must choose a new target or lose the attack or spell" } },
    { "id": "fog-cloud", "name": "Fog Cloud", "level": 1, "school": "Conjuration", "castingTime": "1 Action", "range": "120 feet", "components": "V, S", "duration": "Concentration, up to 1 hour", "description": "You create a 20-foot-radius sphere of fog centered on a point within range.", "classIds": ["druid", "ranger", "sorcerer", "wizard", "cleric", "artificer"], "cost": "action", "requiresConcentration": true, "ritual": false, "template": { "type": "sphere", "size": 20 } },
    { "id": "thunderwave", "name": "Thunderwave", "level": 1, "school": "Evocation", "castingTime": "1 Action", "range": "Self (15-foot cube)", "components": "V, S", "duration": "Instantaneous", "description": "A wave of thunderous force sweeps out from you. Each creature in a 15-foot cube originating from you must make a Constitution saving throw. On a failed save, a creature takes 2d8 thunder damage and is pushed 10 feet away from you. On a successful save, the creature takes half as much damage and isn't pushed.", "classIds": ["bard", "druid", "sorcerer", "wizard", "cleric", "artificer"], "cost": "action", "requiresConcentration": false, "ritual": false, "damage": { "dice": "2d8", "type": "thunder" }, "savingThrow": { "ability": "CONSTITUTION", "effect": "take damage and be pushed" }, "template": { "type": "cube", "size": 15 } },
    { "id": "charm-person", "name": "Charm Person", "level": 1, "school": "Enchantment", "castingTime": "1 Action", "range": "30 feet", "components": "V, S", "duration": "1 hour", "description": "You attempt to charm a humanoid you can see within range. It must make a Wisdom saving throw, and does so with advantage if you or your companions are fighting it.", "classIds": ["bard", "druid", "sorcerer", "warlock", "wizard", "cleric", "artificer"], "cost": "action", "requiresConcentration": false, "ritual": false, "savingThrow": { "ability": "WISDOM", "effect": "charmed by you" } },
    { "id": "disguise-self", "name": "Disguise Self", "level": 1, "school": "Illusion", "castingTime": "1 Action", "range": "Self", "components": "V, S", "duration": "1 hour", "description": "You make yourself—including your clothing, armor, weapons, and other belongings on your person—look different until the spell ends or until you use your action to dismiss it.", "classIds": ["bard", "sorcerer", "wizard", "cleric", "artificer"], "cost": "action", "requiresConcentration": false, "ritual": false },
    { "id": "faerie-fire", "name": "Faerie Fire", "level": 1, "school": "Evocation", "castingTime": "1 Action", "range": "60 feet", "components": "V", "duration": "Concentration, up to 1 minute", "description": "Each object in a 20-foot cube within range is outlined in blue, green, or violet light (your choice). Any creature in the area when the spell is cast is also outlined in light if it fails a Dexterity saving throw. For the duration, objects and affected creatures shed dim light in a 10-foot radius. Any attack roll against an affected creature or object has advantage if the attacker can see it, and the affected creature or object can’t benefit from being invisible.", "classIds": ["bard", "druid", "cleric", "artificer"], "cost": "action", "requiresConcentration": true, "ritual": false, "savingThrow": { "ability": "DEXTERITY", "effect": "outlined in light, granting advantage on attacks against it" }, "template": { "type": "cube", "size": 20 } },
    { "id": "sleep", "name": "Sleep", "level": 1, "school": "Enchantment", "castingTime": "1 Action", "range": "90 feet", "components": "V, S, M", "duration": "1 minute", "description": "This spell sends creatures into a magical slumber. Roll 5d8; the total is how many hit points of creatures this spell can affect.", "classIds": ["bard", "sorcerer", "wizard", "cleric", "paladin"], "cost": "action", "requiresConcentration": false, "ritual": false, "template": { "type": "sphere", "size": 20 } },
    { "id": "divine-favor", "name": "Divine Favor", "level": 1, "school": "Evocation", "castingTime": "1 Bonus Action", "range": "Self", "components": "V, S", "duration": "Concentration, up to 1 minute", "description": "Your prayer empowers you with divine radiance. Until the spell ends, your weapon attacks deal an extra 1d4 radiant damage on a hit.", "classIds": ["paladin", "cleric"], "cost": "bonus action", "requiresConcentration": true, "ritual": false, "damage": { "dice": "1d4", "type": "radiant" } },
    { "id": "shield-of-faith", "name": "Shield of Faith", "level": 1, "school": "Abjuration", "castingTime": "1 Bonus Action", "range": "60 feet", "components": "V, S, M", "duration": "Concentration, up to 10 minutes", "description": "A shimmering field appears and surrounds a creature of your choice within range, granting it a +2 bonus to AC for the duration.", "classIds": ["cleric", "paladin"], "cost": "bonus action", "requiresConcentration": true, "ritual": false },
    { "id": "animal-friendship", "name": "Animal Friendship", "level": 1, "school": "Enchantment", "castingTime": "1 Action", "range": "30 feet", "components": "V, S, M", "duration": "24 hours", "description": "This spell lets you convince a beast that you mean it no harm. Choose a beast that you can see within range. It must see and hear you. The beast must succeed on a Wisdom saving throw or be charmed by you for the spell’s duration.", "classIds": ["bard", "druid", "ranger", "cleric", "paladin"], "cost": "action", "requiresConcentration": false, "ritual": false, "savingThrow": { "ability": "WISDOM", "effect": "charmed by you" } },
    { "id": "speak-with-animals", "name": "Speak with Animals", "level": 1, "school": "Divination", "castingTime": "1 Action", "range": "Self", "components": "V, S", "duration": "10 minutes", "description": "You gain the ability to comprehend and verbally communicate with beasts for the duration.", "classIds": ["bard", "druid", "ranger", "cleric", "paladin"], "cost": "action", "requiresConcentration": false, "ritual": true },
    { "id": "protection-from-evil-and-good", "name": "Protection from Evil and Good", "level": 1, "school": "Abjuration", "castingTime": "1 Action", "range": "Touch", "components": "V, S, M", "duration": "Concentration, up to 10 minutes", "description": "Until the spell ends, one willing creature you touch is protected against certain types of creatures: aberrations, celestials, elementals, fey, fiends, and undead.", "classIds": ["cleric", "paladin", "warlock", "wizard"], "cost": "action", "requiresConcentration": true, "ritual": false },
    { "id": "armor-of-agathys", "name": "Armor of Agathys", "level": 1, "school": "Abjuration", "castingTime": "1 Action", "range": "Self", "components": "V, S, M", "duration": "1 hour", "description": "A protective magical force surrounds you, manifesting as a spectral frost that covers you and your gear. You gain 5 temporary hit points for the duration. If a creature hits you with a melee attack while you have these hit points, the creature takes 5 cold damage.", "classIds": ["warlock", "paladin"], "cost": "action", "requiresConcentration": false, "ritual": false, "damage": { "dice": "5", "type": "cold" } },
    { "id": "compelled-duel", "name": "Compelled Duel", "level": 1, "school": "Enchantment", "castingTime": "1 Bonus Action", "range": "30 feet", "components": "V", "duration": "Concentration, up to 1 minute", "description": "You attempt to compel a creature into a duel. One creature that you can see within range must make a Wisdom saving throw. On a failed save, the creature is drawn to you, compelled by your divine demand.", "classIds": ["paladin"], "cost": "bonus action", "requiresConcentration": true, "ritual": false, "savingThrow": { "ability": "WISDOM", "effect": "compelled to duel you" } },
    { "id": "alarm", "name": "Alarm", "level": 1, "school": "Abjuration", "castingTime": "1 minute", "range": "30 feet", "components": "V, S, M", "duration": "8 hours", "description": "You set an alarm against unwanted intrusion. Choose a door, a window, or an area within range that is no larger than a 20-foot cube.", "classIds": ["ranger", "wizard", "paladin", "artificer"], "requiresConcentration": false, "ritual": true, "template": { "type": "cube", "size": 20 } },
    { "id": "hunter's-mark", "name": "Hunter's Mark", "level": 1, "school": "Divination", "castingTime": "1 Bonus Action", "range": "90 feet", "components": "V", "duration": "Concentration, up to 1 hour", "description": "You choose a creature you can see within range and mystically mark it as your quarry. Until the spell ends, you deal an extra 1d6 damage to the target whenever you hit it with a weapon attack, and you have advantage on any Wisdom (Perception) or Wisdom (Survival) check you make to find it.", "classIds": ["ranger", "paladin"], "cost": "bonus action", "requiresConcentration": true, "ritual": false, "damage": { "dice": "1d6", "type": "weapon" } },
    { "id": "ensnaring-strike", "name": "Ensnaring Strike", "level": 1, "school": "Conjuration", "castingTime": "1 Bonus Action", "range": "Self", "components": "V", "duration": "Concentration, up to 1 minute", "description": "The next time you hit a creature with a weapon attack before this spell ends, a writhing mass of thorny vines appears at the point of impact, and the target must succeed on a Strength saving throw or be restrained by the magical vines until the spell ends.", "classIds": ["ranger", "paladin"], "cost": "bonus action", "requiresConcentration": true, "ritual": false, "savingThrow": { "ability": "STRENGTH", "effect": "restrained by magical vines" } },
    { "id": "comprehend-languages", "name": "Comprehend Languages", "level": 1, "school": "Divination", "castingTime": "1 Action", "range": "Self", "components": "V, S, M (a pinch of soot and salt)", "duration": "1 hour", "description": "For the duration, you understand the literal meaning of any spoken language that you hear. You also understand any written language you see, but you must be touching the surface on which the words are written.", "classIds": ["bard", "cleric", "sorcerer", "warlock", "wizard", "artificer"], "cost": "action", "requiresConcentration": false, "ritual": true },
    { "id": "dissonant-whispers", "name": "Dissonant Whispers", "level": 1, "school": "Enchantment", "castingTime": "1 Action", "range": "60 feet", "components": "V", "duration": "Instantaneous", "description": "You whisper a discordant melody that only one creature of your choice within range can hear, wracking it with terrible pain. The target must make a Wisdom saving throw. On a failed save, it takes 3d6 psychic damage and must immediately use its reaction, if available, to move as far as its speed allows away from you.", "damage": { "dice": "3d6", "type": "psychic" }, "classIds": ["bard"], "cost": "action", "requiresConcentration": false, "ritual": false, "savingThrow": { "ability": "WISDOM", "effect": "takes damage and must use reaction to move away" } },
    { "id": "feather-fall", "name": "Feather Fall", "level": 1, "school": "Transmutation", "castingTime": "1 Reaction", "range": "60 feet", "components": "V, M (a small feather or a piece of down)", "duration": "1 minute", "description": "Choose up to five falling creatures within range. A falling creature’s rate of descent slows to 60 feet per round until the spell ends.", "classIds": ["bard", "sorcerer", "wizard", "artificer"], "cost": "reaction", "requiresConcentration": false, "ritual": false },
    { "id": "illusory-script", "name": "Illusory Script", "level": 1, "school": "Illusion", "castingTime": "1 minute", "range": "Touch", "components": "S, M (a lead-based ink worth at least 10 gp, which the spell consumes)", "duration": "10 days", "description": "You write on parchment, paper, or some other suitable writing material and imbue it with a potent illusion that lasts for the duration. To you and any creatures you designate, the writing appears normal. To all others, the writing appears as if it were written in an unknown or magical script that is unintelligible.", "classIds": ["bard", "warlock", "wizard"], "requiresConcentration": false, "ritual": true },
    { "id": "longstrider", "name": "Longstrider", "level": 1, "school": "Transmutation", "castingTime": "1 Action", "range": "Touch", "components": "V, S, M (a pinch of dirt)", "duration": "1 hour", "description": "You touch a creature. The target’s speed increases by 10 feet until the spell ends.", "classIds": ["bard", "druid", "ranger", "wizard", "artificer"], "cost": "action", "requiresConcentration": false, "ritual": false },
    { "id": "silent-image", "name": "Silent Image", "level": 1, "school": "Illusion", "castingTime": "1 Action", "range": "60 feet", "components": "V, S, M (a bit of fleece)", "duration": "Concentration, up to 10 minutes", "description": "You create the image of an object, a creature, or some other visible phenomenon that is no larger than a 15-foot cube. The image is purely visual.", "classIds": ["bard", "sorcerer", "wizard"], "cost": "action", "requiresConcentration": true, "ritual": false, "template": { "type": "cube", "size": 15 } },
    { "id": "tashas-hideous-laughter", "name": "Tasha's Hideous Laughter", "level": 1, "school": "Enchantment", "castingTime": "1 Action", "range": "30 feet", "components": "V, S, M (tiny tarts and a feather)", "duration": "Concentration, up to 1 minute", "description": "A creature of your choice that you can see within range perceives everything as hilariously funny and falls into fits of laughter if this spell affects it. The target must succeed on a Wisdom saving throw or fall prone, becoming incapacitated and unable to stand up for the duration.", "classIds": ["bard", "wizard"], "cost": "action", "requiresConcentration": true, "ritual": false, "savingThrow": { "ability": "WISDOM", "effect": "fall prone and become incapacitated" } },
    { "id": "unseen-servant", "name": "Unseen Servant", "level": 1, "school": "Conjuration", "castingTime": "1 Action", "range": "60 feet", "components": "V, S, M (a piece of string and a bit of wood)", "duration": "1 hour", "description": "This spell creates an invisible, mindless, shapeless force that performs simple tasks at your command until the spell ends.", "classIds": ["bard", "warlock", "wizard"], "cost": "action", "requiresConcentration": false, "ritual": true },
    { "id": "color-spray", "name": "Color Spray", "level": 1, "school": "Illusion", "castingTime": "1 Action", "range": "Self (15-foot cone)", "components": "V, S, M (a pinch of powder or sand that is colored red, yellow, and blue)", "duration": "1 round", "description": "A dazzling array of flashing, colored light springs from your hand. Roll 6d10; the total is how many hit points of creatures this spell can affect. Creatures in a 15-foot cone originating from you are affected in ascending order of their current hit points.", "classIds": ["bard", "sorcerer", "wizard"], "cost": "action", "requiresConcentration": false, "ritual": false, "template": { "type": "cone", "size": 15 } },
    {
        "id": "burning-hands",
        "name": "Burning Hands",
        "level": 1,
        "school": "Evocation",
        "castingTime": "1 Action",
        "range": "Self (15-foot cone)",
        "components": "V, S",
        "duration": "Instantaneous",
        "description": "As you hold your hands with thumbs touching and fingers spread, a thin sheet of flames shoots forth from your outstretched fingertips. Each creature in a 15-foot cone must make a Dexterity saving throw. A creature takes 3d6 fire damage on a failed save, or half as much damage on a successful one.",
        "higherLevel": "When you cast this spell using a spell slot of 2nd level or higher, the damage increases by 1d6 for each slot level above 1st.",
        "damage": { "dice": "3d6", "type": "fire" },
        "classIds": ["sorcerer", "wizard"],
        "cost": "action",
        "requiresConcentration": false,
        "ritual": false,
        "savingThrow": { "ability": "DEXTERITY", "effect": "take damage" },
        "template": { "type": "cone", "size": 15 },
        "effects": [{ "type": "environmental_interaction", "interaction": "ignite" }]
    }
]
