[
    {
        "id": "antimagic-field",
        "name": "Antimagic Field",
        "level": 8,
        "school": "Abjuration",
        "castingTime": "1 Action",
        "range": "Self (10-foot-radius sphere)",
        "components": "V, S, M (a pinch of powdered iron or iron filings)",
        "duration": "Concentration, up to 1 hour",
        "description": "A 10-foot-radius invisible sphere of antimagic surrounds you. This area is divorced from the magical energy that suffuses the multiverse. Within the sphere, spells can’t be cast, summoned creatures disappear, and even magic items become mundane.",
        "classIds": ["cleric", "wizard"],
        "requiresConcentration": true,
        "template": { "type": "sphere", "size": 10 },
        "ritual": false,
        "cost": "action"
    },
    {
        "id": "holy-aura",
        "name": "Holy Aura",
        "level": 8,
        "school": "Abjuration",
        "castingTime": "1 Action",
        "range": "Self",
        "components": "V, S, M (a tiny reliquary worth at least 1,000 gp containing a sacred relic)",
        "duration": "Concentration, up to 1 minute",
        "description": "Divine light washes out from you and coalesces in a soft radiance in a 30-foot radius around you. Creatures of your choice in that radius when you cast this spell shed dim light in a 5-foot radius and have advantage on all saving throws, and other creatures have disadvantage on attack rolls against them until the spell ends.",
        "classIds": ["cleric"],
        "requiresConcentration": true,
        "template": { "type": "sphere", "size": 30 },
        "ritual": false,
        "cost": "action"
    },
    {
        "id": "sunburst",
        "name": "Sunburst",
        "level": 8,
        "school": "Evocation",
        "castingTime": "1 Action",
        "range": "150 feet",
        "components": "V, S, M (fire and a piece of sunstone)",
        "duration": "Instantaneous",
        "description": "Brilliant sunlight flashes in a 60-foot radius centered on a point you choose within range. Each creature in that light must make a Constitution saving throw. On a failed save, a creature takes 12d6 radiant damage and is blinded for 1 minute. On a successful save, it takes half as much damage and isn’t blinded by this spell. Undead and oozes have disadvantage on this saving throw.",
        "damage": { "dice": "12d6", "type": "radiant" },
        "classIds": ["cleric", "druid", "sorcerer", "wizard"],
        "template": { "type": "sphere", "size": 60 },
        "requiresConcentration": false,
        "ritual": false,
        "cost": "action"
    },
    {
        "id": "dominate-monster",
        "name": "Dominate Monster",
        "level": 8,
        "school": "Enchantment",
        "castingTime": "1 Action",
        "range": "60 feet",
        "components": "V, S",
        "duration": "Concentration, up to 1 hour",
        "description": "You attempt to beguile a creature that you can see within range. It must succeed on a Wisdom saving throw or be charmed by you for the duration.",
        "classIds": ["bard", "sorcerer", "warlock", "wizard"],
        "requiresConcentration": true,
        "ritual": false,
        "cost": "action"
    },
    {
        "id": "feeblemind",
        "name": "Feeblemind",
        "level": 8,
        "school": "Enchantment",
        "castingTime": "1 Action",
        "range": "150 feet",
        "components": "V, S, M (a handful of clay, crystal, glass, or mineral spheres)",
        "duration": "Instantaneous",
        "description": "You blast the mind of a creature that you can see within range, attempting to shatter its intellect and personality. The target takes 4d6 psychic damage and must make an Intelligence saving throw.",
        "damage": { "dice": "4d6", "type": "psychic" },
        "classIds": ["bard", "druid", "warlock", "wizard"],
        "requiresConcentration": false,
        "ritual": false,
        "cost": "action"
    },
    {
        "id": "glibness",
        "name": "Glibness",
        "level": 8,
        "school": "Transmutation",
        "castingTime": "1 Action",
        "range": "Self",
        "components": "V",
        "duration": "1 hour",
        "description": "Until the spell ends, when you make a Charisma check, you can replace the number you roll with a 15. Additionally, no matter what you say, magic that would determine if you are telling the truth indicates that you are being truthful.",
        "classIds": ["bard", "warlock"],
        "requiresConcentration": false,
        "ritual": false,
        "cost": "action"
    },
    {
        "id": "mind-blank",
        "name": "Mind Blank",
        "level": 8,
        "school": "Abjuration",
        "castingTime": "1 Action",
        "range": "Touch",
        "components": "V, S",
        "duration": "24 hours",
        "description": "Until the spell ends, one willing creature you touch is immune to psychic damage, any effect that would sense its emotions or read its thoughts, divination spells, and the charmed condition.",
        "classIds": ["bard", "wizard"],
        "requiresConcentration": false,
        "ritual": false,
        "cost": "action"
    },
    {
        "id": "power-word-stun",
        "name": "Power Word Stun",
        "level": 8,
        "school": "Enchantment",
        "castingTime": "1 Action",
        "range": "60 feet",
        "components": "V",
        "duration": "Instantaneous",
        "description": "You speak a word of power that can overwhelm the mind of one creature you can see within range, leaving it dumbfounded. If the target has 150 hit points or fewer, it is stunned.",
        "classIds": ["bard", "sorcerer", "warlock", "wizard"],
        "requiresConcentration": false,
        "ritual": false,
        "cost": "action"
    },
    {
        "id": "antipathy-sympathy",
        "name": "Antipathy/Sympathy",
        "level": 8,
        "school": "Enchantment",
        "castingTime": "1 hour",
        "range": "60 feet",
        "components": "V, S, M (either a lump of alum soaked in vinegar for the antipathy effect or a drop of honey for the sympathy effect)",
        "duration": "10 days",
        "description": "This spell attracts or repels creatures of your choice. You target something within range, either a Huge or smaller object or creature or an area that is no larger than a 200-foot cube.",
        "classIds": ["bard", "druid", "wizard"],
        "template": { "type": "cube", "size": 200 },
        "requiresConcentration": false,
        "ritual": false
    },
    {
        "id": "incendiary-cloud",
        "name": "Incendiary Cloud",
        "level": 8,
        "school": "Conjuration",
        "castingTime": "1 Action",
        "range": "150 feet",
        "components": "V, S",
        "duration": "Concentration, up to 1 minute",
        "description": "A swirling cloud of smoke shot through with white-hot embers appears in a 20-foot-radius sphere centered on a point within range. The cloud spreads around corners and is heavily obscured. It lasts for the duration or until a wind of moderate or greater speed (at least 10 miles per hour) disperses it.",
        "classIds": ["sorcerer", "wizard"],
        "requiresConcentration": true,
        "template": { "type": "sphere", "size": 20 },
        "ritual": false,
        "cost": "action"
    }
]
