
{
    "id": "skirmisher",
    "description": "Prioritizes hit-and-run tactics. Will flee from melee to attack weaker or more vulnerable targets from a distance if possible. Will flee if critically wounded.",
    "root": {
        "type": "Sequence",
        "metadata": { "name": "Skirmisher Main Logic" },
        "children": [
            { "type": "FindVisibleEnemiesNode", "metadata": { "name": "Perception Scan" } },
            { "type": "HasVisibleEnemiesNode", "metadata": { "name": "Check for Targets" } },
            {
                "type": "Selector",
                "metadata": { "name": "Primary Strategy" },
                "children": [
                    {
                        "type": "Sequence",
                        "metadata": { "name": "Self-Preservation" },
                        "children": [
                            { "type": "IsHealthLowNode", "args": [0.25], "metadata": { "name": "Is HP < 25%?" } },
                            { "type": "FleeNode", "metadata": { "name": "Flee!" } }
                        ]
                    },
                    {
                        "type": "Sequence",
                        "metadata": { "name": "Reposition & Attack" },
                        "children": [
                            { "type": "IsEnemyInMeleeNode" },
                            { "type": "MoveAwayFromTargetNode" },
                            { "type": "MoveToTargetNode" },
                            { "type": "FindBestTargetNode" },
                            { "type": "AttackTargetNode" }
                        ]
                    },
                    {
                        "type": "Sequence",
                        "metadata": { "name": "Standard Engagement" },
                        "children": [
                            { "type": "FindBestTargetNode" },
                            { "type": "MoveToTargetNode" },
                            { "type": "AttackTargetNode" }
                        ]
                    }
                ]
            }
        ]
    }
}
