
[
    { "id": "padded-armor", "name": "Padded Armor", "costInCopper": 500, "weight": 8, "description": "Consists of quilted layers of cloth and batting.", "tags": ["armor", "light armor"], "armorType": "light", "baseAc": 11, "stealthDisadvantage": true },
    { "id": "leather-armor", "name": "Leather Armor", "costInCopper": 1000, "weight": 10, "description": "The breastplate and shoulder protectors of this armor are made of leather that has been stiffened by being boiled in oil.", "tags": ["armor", "light armor"], "armorType": "light", "baseAc": 11 },
    { "id": "studded-leather-armor", "name": "Studded Leather", "costInCopper": 4500, "weight": 13, "description": "Made from tough but flexible leather, studded with close-set rivets or spikes.", "tags": ["armor", "light armor"], "armorType": "light", "baseAc": 12 },
    { "id": "hide-armor", "name": "Hide Armor", "costInCopper": 1000, "weight": 12, "description": "This crude armor consists of thick furs and pelts.", "tags": ["armor", "medium armor"], "armorType": "medium", "baseAc": 12 },
    { "id": "chain-shirt", "name": "Chain Shirt", "costInCopper": 5000, "weight": 20, "description": "Made of interlocking metal rings, a chain shirt is worn between layers of clothing or leather.", "tags": ["armor", "medium armor"], "armorType": "medium", "baseAc": 13 },
    { "id": "scale-mail", "name": "Scale Mail", "costInCopper": 5000, "weight": 45, "description": "This armor consists of a coat and leggings of leather covered with overlapping pieces of metal, much like the scales of a fish.", "tags": ["armor", "medium armor"], "armorType": "medium", "baseAc": 14, "stealthDisadvantage": true },
    { "id": "breastplate", "name": "Breastplate", "costInCopper": 40000, "weight": 20, "description": "This armor consists of a fitted metal chest piece worn with supple leather.", "tags": ["armor", "medium armor"], "armorType": "medium", "baseAc": 14 },
    { "id": "half-plate", "name": "Half Plate", "costInCopper": 75000, "weight": 40, "description": "Half plate consists of shaped metal plates that cover most of the wearer’s body.", "tags": ["armor", "medium armor"], "armorType": "medium", "baseAc": 15, "stealthDisadvantage": true },
    { "id": "ring-mail", "name": "Ring Mail", "costInCopper": 3000, "weight": 40, "description": "This armor is leather armor with heavy rings sewn into it.", "tags": ["armor", "heavy armor"], "armorType": "heavy", "baseAc": 14, "stealthDisadvantage": true },
    { "id": "chain-mail", "name": "Chain Mail", "costInCopper": 7500, "weight": 55, "description": "Made of interlocking metal rings, chain mail includes a layer of quilted fabric worn underneath.", "tags": ["armor", "heavy armor"], "armorType": "heavy", "baseAc": 16, "strengthRequirement": 13, "stealthDisadvantage": true },
    { "id": "splint-armor", "name": "Splint Armor", "costInCopper": 20000, "weight": 60, "description": "This armor is made of narrow vertical strips of metal riveted to a backing of leather that is worn over cloth padding.", "tags": ["armor", "heavy armor"], "armorType": "heavy", "baseAc": 17, "strengthRequirement": 15, "stealthDisadvantage": true },
    { "id": "plate-armor", "name": "Plate Armor", "costInCopper": 150000, "weight": 65, "description": "Plate consists of shaped, interlocking metal plates to cover the entire body.", "tags": ["armor", "heavy armor"], "armorType": "heavy", "baseAc": 18, "strengthRequirement": 15, "stealthDisadvantage": true },
    { "id": "shield", "name": "Shield", "costInCopper": 1000, "weight": 6, "description": "A shield is made from wood or metal and is carried in one hand.", "tags": ["armor", "shield"], "acBonus": 2 }
]
