
[
    { "id": "acid-vial", "name": "Acid (vial)", "costInCopper": 2500, "weight": 1, "description": "As an action, you can splash the contents of this vial onto a creature within 5 feet of you or throw the vial up to 20 feet, shattering it on impact. In either case, make a ranged attack against a creature or object, treating the acid as an improvised weapon. On a hit, the target takes 2d6 acid damage.", "tags": ["gear", "consumable", "alchemical", "vial"], "effects": [{ "type": "special_ability", "name": "Acid Splash", "description": "Ranged improvised attack, 2d6 acid damage on hit." }] },
    { "id": "alchemists-fire", "name": "Alchemist's fire (flask)", "costInCopper": 5000, "weight": 1, "description": "As an action, you can throw this flask up to 20 feet. On a hit, the target takes 1d4 fire damage at the start of each of its turns. A creature can end this damage by using its action to make a DC 10 Dexterity check.", "tags": ["gear", "consumable", "alchemical", "flask"], "effects": [{ "type": "special_ability", "name": "Alchemist's Fire Effect", "description": "Ranged improvised attack, target takes 1d4 fire damage at the start of each turn. DC 10 Dex check to end." }] },
    { "id": "antitoxin", "name": "Antitoxin (vial)", "costInCopper": 5000, "weight": 0, "description": "A creature that drinks this vial of liquid gains advantage on saving throws against poison for 1 hour.", "tags": ["gear", "consumable", "vial"], "effects": [{ "type": "advantage", "on": "saving_throw", "condition": "against poison", "duration": "1_hour" }] },
    { "id": "ball-bearings", "name": "Ball bearings (bag of 1,000)", "costInCopper": 100, "weight": 2, "description": "As an action, you can spill these to cover a 10-foot square. A creature moving across must succeed on a DC 10 Dexterity saving throw or fall prone.", "tags": ["gear", "tool"] },
    { "id": "caltrops", "name": "Caltrops (bag of 20)", "costInCopper": 100, "weight": 2, "description": "As an action, you can spread these in a 5-foot square. A creature entering the area must make a DC 15 Dexterity saving throw or stop moving and take 1 piercing damage.", "tags": ["gear", "tool"] },
    { "id": "holy-water", "name": "Holy water (flask)", "costInCopper": 2500, "weight": 1, "description": "As an action, you can throw this flask up to 20 feet. If the target is a fiend or undead, it takes 2d6 radiant damage.", "tags": ["gear", "consumable", "holy", "flask"], "effects": [{ "type": "special_ability", "name": "Holy Water Splash", "description": "Ranged improvised attack, 2d6 radiant damage to fiends/undead." }] },
    { "id": "potion-of-healing", "name": "Potion of Healing", "costInCopper": 5000, "weight": 0.5, "description": "A character who drinks the magical red fluid in this vial regains 2d4 + 2 hit points. Drinking or administering a potion takes an action.", "tags": ["consumable", "potion", "magical"], "effects": [{ "type": "heal", "value": "2d4+2" }] },
    { "id": "arrows", "name": "Arrows (20)", "costInCopper": 100, "weight": 1, "description": "Ammunition for bows.", "tags": ["gear", "ammunition"] },
    { "id": "crossbow-bolts", "name": "Crossbow bolts (20)", "costInCopper": 100, "weight": 1.5, "description": "Ammunition for crossbows.", "tags": ["gear", "ammunition"] },
    { "id": "crystal-focus", "name": "Crystal (arcane focus)", "costInCopper": 1000, "weight": 1, "description": "An arcane focus used by sorcerers, warlocks, or wizards.", "tags": ["gear", "arcane focus", "spellcasting"] },
    { "id": "orb-focus", "name": "Orb (arcane focus)", "costInCopper": 2000, "weight": 3, "description": "An arcane focus used by sorcerers, warlocks, or wizards.", "tags": ["gear", "arcane focus", "spellcasting"] },
    { "id": "rod-focus", "name": "Rod (arcane focus)", "costInCopper": 1000, "weight": 2, "description": "An arcane focus used by sorcerers, warlocks, or wizards.", "tags": ["gear", "arcane focus", "spellcasting"] },
    { "id": "staff-focus", "name": "Staff (arcane focus)", "costInCopper": 500, "weight": 4, "description": "An arcane focus used by sorcerers, warlocks, or wizards.", "tags": ["gear", "arcane focus", "spellcasting"] },
    { "id": "wand-focus", "name": "Wand (arcane focus)", "costInCopper": 1000, "weight": 1, "description": "An arcane focus used by sorcerers, warlocks, or wizards.", "tags": ["gear", "arcane focus", "spellcasting"] },
    { "id": "mistletoe-focus", "name": "Sprig of mistletoe (druidic focus)", "costInCopper": 100, "weight": 0, "description": "A druidic focus.", "tags": ["gear", "druidic focus", "spellcasting"] },
    { "id": "totem-focus", "name": "Totem (druidic focus)", "costInCopper": 100, "weight": 0, "description": "A druidic focus.", "tags": ["gear", "druidic focus", "spellcasting"] },
    { "id": "wood-staff-focus", "name": "Wooden staff (druidic focus)", "costInCopper": 500, "weight": 4, "description": "A druidic focus.", "tags": ["gear", "druidic focus", "spellcasting"] },
    { "id": "yew-wand-focus", "name": "Yew wand (druidic focus)", "costInCopper": 1000, "weight": 1, "description": "A druidic focus.", "tags": ["gear", "druidic focus", "spellcasting"] },
    { "id": "amulet-symbol", "name": "Amulet (holy symbol)", "costInCopper": 500, "weight": 1, "description": "A holy symbol for a cleric or paladin.", "tags": ["gear", "holy symbol", "spellcasting"] },
    { "id": "emblem-symbol", "name": "Emblem (holy symbol)", "costInCopper": 500, "weight": 0, "description": "A holy symbol for a cleric or paladin, often on a shield.", "tags": ["gear", "holy symbol", "spellcasting"] },
    { "id": "reliquary-symbol", "name": "Reliquary (holy symbol)", "costInCopper": 500, "weight": 2, "description": "A holy symbol for a cleric or paladin.", "tags": ["gear", "holy symbol", "spellcasting"] },
    { "id": "backpack", "name": "Backpack", "costInCopper": 200, "weight": 5, "description": "A backpack can hold 1 cubic foot/30 pounds of gear.", "tags": ["gear", "container"] },
    { "id": "bedroll", "name": "Bedroll", "costInCopper": 100, "weight": 7, "description": "A bedroll for sleeping.", "tags": ["gear", "utility"] },
    { "id": "book", "name": "Book", "costInCopper": 2500, "weight": 5, "description": "A book might contain poetry, historical accounts, or lore.", "tags": ["gear", "utility"] },
    { "id": "candle", "name": "Candle", "costInCopper": 1, "weight": 0, "description": "For 1 hour, a candle sheds bright light in a 5-foot radius and dim light for an additional 5 feet.", "tags": ["gear", "utility", "light"] },
    { "id": "chain", "name": "Chain (10 feet)", "costInCopper": 500, "weight": 10, "description": "A chain has 10 hit points. It can be burst with a successful DC 20 Strength check.", "tags": ["gear", "utility"] },
    { "id": "climbers-kit", "name": "Climber’s Kit", "costInCopper": 2500, "weight": 12, "description": "Includes pitons, boot tips, gloves, and a harness. Allows you to anchor yourself.", "tags": ["kit", "tool", "utility"] },
    { "id": "component-pouch", "name": "Component Pouch", "costInCopper": 2500, "weight": 2, "description": "A small, watertight leather belt pouch that has compartments to hold all the material components for your spells.", "tags": ["gear", "container", "spellcasting"] },
    { "id": "crowbar", "name": "Crowbar", "costInCopper": 200, "weight": 5, "description": "Using a crowbar grants advantage to Strength checks where the crowbar’s leverage can be applied.", "tags": ["tool", "utility"] },
    { "id": "healers-kit", "name": "Healer’s Kit", "costInCopper": 500, "weight": 3, "description": "This kit has ten uses. As an action, you can expend one use of the kit to stabilize a creature that has 0 hit points, without needing to make a Wisdom (Medicine) check.", "tags": ["kit", "tool", "utility", "healing"] },
    { "id": "lamp", "name": "Lamp", "costInCopper": 50, "weight": 1, "description": "A lamp casts bright light in a 15-foot radius and dim light for an additional 30 feet. It burns for 6 hours on one flask of oil.", "tags": ["gear", "utility", "light"] },
    { "id": "lantern-hooded", "name": "Lantern, Hooded", "costInCopper": 500, "weight": 2, "description": "Casts bright light in a 30-foot radius and dim light for an additional 30 feet. You can lower the hood to reduce the light.", "tags": ["gear", "utility", "light"] },
    { "id": "oil-flask", "name": "Oil (flask)", "costInCopper": 10, "weight": 1, "description": "As an action, you can throw this flask up to 20 feet. On a hit, the target is covered in oil. If the target takes any fire damage before the oil dries (after 1 minute), it takes an additional 5 fire damage.", "tags": ["gear", "consumable", "utility", "flask"] },
    { "id": "rations", "name": "Rations (1 day)", "costInCopper": 50, "weight": 2, "description": "Rations consist of dry foods suitable for extended travel, including jerky, dried fruit, hardtack, and nuts.", "tags": ["consumable", "food"] },
    { "id": "rope-hempen", "name": "Rope, hempen (50 feet)", "costInCopper": 100, "weight": 10, "description": "Rope has 2 hit points and can be burst with a DC 17 Strength check.", "tags": ["gear", "utility"] },
    { "id": "rope-silk", "name": "Rope, silk (50 feet)", "costInCopper": 1000, "weight": 5, "description": "Rope has 2 hit points and can be burst with a DC 17 Strength check.", "tags": ["gear", "utility"] },
    { "id": "tinderbox", "name": "Tinderbox", "costInCopper": 50, "weight": 1, "description": "This small container holds flint, fire steel, and tinder. Using it to light a torch takes an action.", "tags": ["gear", "utility"] },
    { "id": "torch", "name": "Torch", "costInCopper": 1, "weight": 1, "description": "A torch burns for 1 hour, providing bright light in a 20-foot radius and dim light for an additional 20 feet.", "tags": ["gear", "utility", "light"] },
    { "id": "waterskin", "name": "Waterskin", "costInCopper": 20, "weight": 5, "description": "A leather container for holding water. Weighs 5 lbs when full.", "tags": ["gear", "container"] },
    { "id": "string", "name": "String (10 feet)", "costInCopper": 1, "weight": 0, "description": "A 10-foot length of string.", "tags": ["gear", "utility"] },
    { "id": "bell", "name": "Bell", "costInCopper": 100, "weight": 0, "description": "A small bell.", "tags": ["gear", "utility"] },
    { "id": "hammer", "name": "Hammer", "costInCopper": 100, "weight": 3, "description": "A standard hammer.", "tags": ["tool", "utility"] },
    { "id": "piton", "name": "Piton", "costInCopper": 5, "weight": 0.25, "description": "A metal spike used for climbing.", "tags": ["tool", "utility"] },
    { "id": "chest", "name": "Chest", "costInCopper": 500, "weight": 25, "description": "A chest can hold 12 cubic feet/300 pounds of gear.", "tags": ["gear", "container"] },
    { "id": "case-map-scroll", "name": "Case, map or scroll", "costInCopper": 100, "weight": 1, "description": "A leather case that can hold up to ten rolled-up sheets of paper.", "tags": ["gear", "container"] },
    { "id": "clothes-fine", "name": "Clothes, fine", "costInCopper": 1500, "weight": 6, "description": "A set of fine clothes.", "tags": ["gear", "clothing"] },
    { "id": "ink-bottle", "name": "Ink (1 ounce bottle)", "costInCopper": 1000, "weight": 0, "description": "A bottle of black ink.", "tags": ["gear", "utility"] },
    { "id": "ink-pen", "name": "Ink pen", "costInCopper": 2, "weight": 0, "description": "A pen for writing.", "tags": ["tool", "utility"] },
    { "id": "paper", "name": "Paper (one sheet)", "costInCopper": 20, "weight": 0, "description": "A single sheet of paper.", "tags": ["gear", "utility"] },
    { "id": "parchment", "name": "Parchment (one sheet)", "costInCopper": 10, "weight": 0, "description": "A single sheet of parchment.", "tags": ["gear", "utility"] },
    { "id": "perfume-vial", "name": "Perfume (vial)", "costInCopper": 500, "weight": 0, "description": "A vial of perfume.", "tags": ["gear", "utility", "vial"] },
    { "id": "sealing-wax", "name": "Sealing wax", "costInCopper": 50, "weight": 0, "description": "Wax for sealing documents.", "tags": ["gear", "utility"] },
    { "id": "soap", "name": "Soap", "costInCopper": 2, "weight": 0, "description": "A bar of soap.", "tags": ["gear", "utility"] },
    { "id": "mess-kit", "name": "Mess kit", "costInCopper": 20, "weight": 1, "description": "A tin box with a cup and cutlery.", "tags": ["kit", "utility"] },
    { "id": "costume-clothes", "name": "Clothes, costume", "costInCopper": 500, "weight": 4, "description": "A costume for performances or disguises.", "tags": ["gear", "clothing"] },
    { "id": "disguise-kit", "name": "Disguise kit", "costInCopper": 2500, "weight": 3, "description": "A kit for creating disguises.", "tags": ["kit", "tool"] },
    { "id": "blanket", "name": "Blanket", "costInCopper": 50, "weight": 3, "description": "A warm blanket.", "tags": ["gear", "utility"] },
    { "id": "alms-box", "name": "Alms box", "costInCopper": 100, "weight": 1, "description": "A small box for collecting alms.", "tags": ["gear", "container"] },
    { "id": "incense", "name": "Incense (2 blocks)", "costInCopper": 1, "weight": 0, "description": "Blocks of incense for rituals.", "tags": ["gear", "utility"] },
    { "id": "censer", "name": "Censer", "costInCopper": 100, "weight": 1, "description": "A container for burning incense.", "tags": ["gear", "utility"] },
    { "id": "vestments", "name": "Vestments", "costInCopper": 500, "weight": 4, "description": "Ceremonial clothes for religious rites.", "tags": ["gear", "clothing"] },
    { "id": "book-of-lore", "name": "Book of lore", "costInCopper": 2500, "weight": 5, "description": "A book containing specific lore.", "tags": ["gear", "utility"] },
    { "id": "sand-bag", "name": "Little bag of sand", "costInCopper": 1, "weight": 0.5, "description": "Used for blotting ink.", "tags": ["gear", "utility"] },
    { "id": "small-knife", "name": "Small knife", "costInCopper": 10, "weight": 0.25, "description": "A small utility knife.", "tags": ["tool", "utility"] },
    { "id": "holy-symbol-any", "name": "Holy Symbol", "costInCopper": 500, "weight": 1, "description": "A holy symbol of your choice.", "tags": ["gear", "holy symbol", "spellcasting"] },
    { "id": "arcane-focus-any", "name": "Arcane Focus", "costInCopper": 1000, "weight": 2, "description": "An arcane focus of your choice.", "tags": ["gear", "arcane focus", "spellcasting"] },
    { "id": "spellbook", "name": "Spellbook", "costInCopper": 5000, "weight": 3, "description": "A wizard's spellbook.", "tags": ["gear", "utility", "spellcasting"] }
]
