
[
  { "id": "acid-vial", "name": "Acid (vial)", "tags": ["gear", "consumable", "alchemical", "vial"], "costInCopper": 2500, "sourceFile": "gear.json" },
  { "id": "alchemists-fire", "name": "Alchemist's fire (flask)", "tags": ["gear", "consumable", "alchemical", "flask"], "costInCopper": 5000, "sourceFile": "gear.json" },
  { "id": "antitoxin", "name": "Antitoxin (vial)", "tags": ["gear", "consumable", "vial"], "costInCopper": 5000, "sourceFile": "gear.json" },
  { "id": "ball-bearings", "name": "Ball bearings (bag of 1,000)", "tags": ["gear", "tool"], "costInCopper": 100, "sourceFile": "gear.json" },
  { "id": "caltrops", "name": "Caltrops (bag of 20)", "tags": ["gear", "tool"], "costInCopper": 100, "sourceFile": "gear.json" },
  { "id": "holy-water", "name": "Holy water (flask)", "tags": ["gear", "consumable", "holy", "flask"], "costInCopper": 2500, "sourceFile": "gear.json" },
  { "id": "potion-of-healing", "name": "Potion of Healing", "tags": ["consumable", "potion", "magical"], "costInCopper": 5000, "sourceFile": "gear.json" },
  { "id": "arrows", "name": "Arrows (20)", "tags": ["gear", "ammunition"], "costInCopper": 100, "sourceFile": "gear.json" },
  { "id": "crossbow-bolts", "name": "Crossbow bolts (20)", "tags": ["gear", "ammunition"], "costInCopper": 100, "sourceFile": "gear.json" },
  { "id": "crystal-focus", "name": "Crystal (arcane focus)", "tags": ["gear", "arcane focus"], "costInCopper": 1000, "sourceFile": "gear.json" },
  { "id": "orb-focus", "name": "Orb (arcane focus)", "tags": ["gear", "arcane focus"], "costInCopper": 2000, "sourceFile": "gear.json" },
  { "id": "rod-focus", "name": "Rod (arcane focus)", "tags": ["gear", "arcane focus"], "costInCopper": 1000, "sourceFile": "gear.json" },
  { "id": "staff-focus", "name": "Staff (arcane focus)", "tags": ["gear", "arcane focus"], "costInCopper": 500, "sourceFile": "gear.json" },
  { "id": "wand-focus", "name": "Wand (arcane focus)", "tags": ["gear", "arcane focus"], "costInCopper": 1000, "sourceFile": "gear.json" },
  { "id": "mistletoe-focus", "name": "Sprig of mistletoe (druidic focus)", "tags": ["gear", "druidic focus"], "costInCopper": 100, "sourceFile": "gear.json" },
  { "id": "totem-focus", "name": "Totem (druidic focus)", "tags": ["gear", "druidic focus"], "costInCopper": 100, "sourceFile": "gear.json" },
  { "id": "wood-staff-focus", "name": "Wooden staff (druidic focus)", "tags": ["gear", "druidic focus"], "costInCopper": 500, "sourceFile": "gear.json" },
  { "id": "yew-wand-focus", "name": "Yew wand (druidic focus)", "tags": ["gear", "druidic focus"], "costInCopper": 1000, "sourceFile": "gear.json" },
  { "id": "amulet-symbol", "name": "Amulet (holy symbol)", "tags": ["gear", "holy symbol"], "costInCopper": 500, "sourceFile": "gear.json" },
  { "id": "emblem-symbol", "name": "Emblem (holy symbol)", "tags": ["gear", "holy symbol"], "costInCopper": 500, "sourceFile": "gear.json" },
  { "id": "reliquary-symbol", "name": "Reliquary (holy symbol)", "tags": ["gear", "holy symbol"], "costInCopper": 500, "sourceFile": "gear.json" },
  { "id": "backpack", "name": "Backpack", "tags": ["gear", "container"], "costInCopper": 200, "sourceFile": "gear.json" },
  { "id": "bedroll", "name": "Bedroll", "tags": ["gear", "utility"], "costInCopper": 100, "sourceFile": "gear.json" },
  { "id": "book", "name": "Book", "tags": ["gear", "utility"], "costInCopper": 2500, "sourceFile": "gear.json" },
  { "id": "candle", "name": "Candle", "tags": ["gear", "utility", "light"], "costInCopper": 1, "sourceFile": "gear.json" },
  { "id": "chain", "name": "Chain (10 feet)", "tags": ["gear", "utility"], "costInCopper": 500, "sourceFile": "gear.json" },
  { "id": "climbers-kit", "name": "Climber’s Kit", "tags": ["kit", "tool", "utility"], "costInCopper": 2500, "sourceFile": "gear.json" },
  { "id": "component-pouch", "name": "Component Pouch", "tags": ["gear", "container", "spellcasting"], "costInCopper": 2500, "sourceFile": "gear.json" },
  { "id": "crowbar", "name": "Crowbar", "tags": ["tool", "utility"], "costInCopper": 200, "sourceFile": "gear.json" },
  { "id": "healers-kit", "name": "Healer’s Kit", "tags": ["kit", "tool", "utility", "healing"], "costInCopper": 500, "sourceFile": "gear.json" },
  { "id": "lamp", "name": "Lamp", "tags": ["gear", "utility", "light"], "costInCopper": 50, "sourceFile": "gear.json" },
  { "id": "lantern-hooded", "name": "Lantern, Hooded", "tags": ["gear", "utility", "light"], "costInCopper": 500, "sourceFile": "gear.json" },
  { "id": "oil-flask", "name": "Oil (flask)", "tags": ["gear", "consumable", "utility", "flask"], "costInCopper": 10, "sourceFile": "gear.json" },
  { "id": "rations", "name": "Rations (1 day)", "tags": ["consumable", "food"], "costInCopper": 50, "sourceFile": "gear.json" },
  { "id": "rope-hempen", "name": "Rope, hempen (50 feet)", "tags": ["gear", "utility"], "costInCopper": 100, "sourceFile": "gear.json" },
  { "id": "rope-silk", "name": "Rope, silk (50 feet)", "tags": ["gear", "utility"], "costInCopper": 1000, "sourceFile": "gear.json" },
  { "id": "tinderbox", "name": "Tinderbox", "tags": ["gear", "utility"], "costInCopper": 50, "sourceFile": "gear.json" },
  { "id": "torch", "name": "Torch", "tags": ["gear", "utility", "light"], "costInCopper": 1, "sourceFile": "gear.json" },
  { "id": "waterskin", "name": "Waterskin", "tags": ["gear", "container"], "costInCopper": 20, "sourceFile": "gear.json" },
  { "id": "string", "name": "String (10 feet)", "tags": ["gear", "utility"], "costInCopper": 1, "sourceFile": "gear.json" },
  { "id": "bell", "name": "Bell", "tags": ["gear", "utility"], "costInCopper": 100, "sourceFile": "gear.json" },
  { "id": "hammer", "name": "Hammer", "tags": ["tool", "utility"], "costInCopper": 100, "sourceFile": "gear.json" },
  { "id": "piton", "name": "Piton", "tags": ["tool", "utility"], "costInCopper": 5, "sourceFile": "gear.json" },
  { "id": "chest", "name": "Chest", "tags": ["gear", "container"], "costInCopper": 500, "sourceFile": "gear.json" },
  { "id": "case-map-scroll", "name": "Case, map or scroll", "tags": ["gear", "container"], "costInCopper": 100, "sourceFile": "gear.json" },
  { "id": "clothes-fine", "name": "Clothes, fine", "tags": ["gear", "clothing"], "costInCopper": 1500, "sourceFile": "gear.json" },
  { "id": "ink-bottle", "name": "Ink (1 ounce bottle)", "tags": ["gear", "utility"], "costInCopper": 1000, "sourceFile": "gear.json" },
  { "id": "ink-pen", "name": "Ink pen", "tags": ["tool", "utility"], "costInCopper": 2, "sourceFile": "gear.json" },
  { "id": "paper", "name": "Paper (one sheet)", "tags": ["gear", "utility"], "costInCopper": 20, "sourceFile": "gear.json" },
  { "id": "parchment", "name": "Parchment (one sheet)", "tags": ["gear", "utility"], "costInCopper": 10, "sourceFile": "gear.json" },
  { "id": "perfume-vial", "name": "Perfume (vial)", "tags": ["gear", "utility", "vial"], "costInCopper": 500, "sourceFile": "gear.json" },
  { "id": "sealing-wax", "name": "Sealing wax", "tags": ["gear", "utility"], "costInCopper": 50, "sourceFile": "gear.json" },
  { "id": "soap", "name": "Soap", "tags": ["gear", "utility"], "costInCopper": 2, "sourceFile": "gear.json" },
  { "id": "mess-kit", "name": "Mess kit", "tags": ["kit", "utility"], "costInCopper": 20, "sourceFile": "gear.json" },
  { "id": "costume-clothes", "name": "Clothes, costume", "tags": ["gear", "clothing"], "costInCopper": 500, "sourceFile": "gear.json" },
  { "id": "disguise-kit", "name": "Disguise kit", "tags": ["kit", "tool"], "costInCopper": 2500, "sourceFile": "gear.json" },
  { "id": "blanket", "name": "Blanket", "tags": ["gear", "utility"], "costInCopper": 50, "sourceFile": "gear.json" },
  { "id": "alms-box", "name": "Alms box", "tags": ["gear", "container"], "costInCopper": 100, "sourceFile": "gear.json" },
  { "id": "incense", "name": "Incense (2 blocks)", "tags": ["gear", "utility"], "costInCopper": 1, "sourceFile": "gear.json" },
  { "id": "censer", "name": "Censer", "tags": ["gear", "utility"], "costInCopper": 100, "sourceFile": "gear.json" },
  { "id": "vestments", "name": "Vestments", "tags": ["gear", "clothing"], "costInCopper": 500, "sourceFile": "gear.json" },
  { "id": "book-of-lore", "name": "Book of lore", "tags": ["gear", "utility"], "costInCopper": 2500, "sourceFile": "gear.json" },
  { "id": "sand-bag", "name": "Little bag of sand", "tags": ["gear", "utility"], "costInCopper": 1, "sourceFile": "gear.json" },
  { "id": "small-knife", "name": "Small knife", "tags": ["tool", "utility"], "costInCopper": 10, "sourceFile": "gear.json" },
  { "id": "holy-symbol-any", "name": "Holy Symbol", "tags": ["gear", "holy symbol", "spellcasting"], "costInCopper": 500, "sourceFile": "gear.json" },
  { "id": "arcane-focus-any", "name": "Arcane Focus", "tags": ["gear", "arcane focus", "spellcasting"], "costInCopper": 1000, "sourceFile": "gear.json" },
  { "id": "spellbook", "name": "Spellbook", "tags": ["gear", "utility", "spellcasting"], "costInCopper": 5000, "sourceFile": "gear.json" },
  { "id": "padded-armor", "name": "Padded Armor", "tags": ["armor", "light armor"], "costInCopper": 500, "sourceFile": "armor.json" },
  { "id": "leather-armor", "name": "Leather Armor", "tags": ["armor", "light armor"], "costInCopper": 1000, "sourceFile": "armor.json" },
  { "id": "studded-leather-armor", "name": "Studded Leather", "tags": ["armor", "light armor"], "costInCopper": 4500, "sourceFile": "armor.json" },
  { "id": "hide-armor", "name": "Hide Armor", "tags": ["armor", "medium armor"], "costInCopper": 1000, "sourceFile": "armor.json" },
  { "id": "chain-shirt", "name": "Chain Shirt", "tags": ["armor", "medium armor"], "costInCopper": 5000, "sourceFile": "armor.json" },
  { "id": "scale-mail", "name": "Scale Mail", "tags": ["armor", "medium armor"], "costInCopper": 5000, "sourceFile": "armor.json" },
  { "id": "breastplate", "name": "Breastplate", "tags": ["armor", "medium armor"], "costInCopper": 40000, "sourceFile": "armor.json" },
  { "id": "half-plate", "name": "Half Plate", "tags": ["armor", "medium armor"], "costInCopper": 75000, "sourceFile": "armor.json" },
  { "id": "ring-mail", "name": "Ring Mail", "tags": ["armor", "heavy armor"], "costInCopper": 3000, "sourceFile": "armor.json" },
  { "id": "chain-mail", "name": "Chain Mail", "tags": ["armor", "heavy armor"], "costInCopper": 7500, "sourceFile": "armor.json" },
  { "id": "splint-armor", "name": "Splint Armor", "tags": ["armor", "heavy armor"], "costInCopper": 20000, "sourceFile": "armor.json" },
  { "id": "plate-armor", "name": "Plate Armor", "tags": ["armor", "heavy armor"], "costInCopper": 150000, "sourceFile": "armor.json" },
  { "id": "shield", "name": "Shield", "tags": ["armor", "shield"], "costInCopper": 1000, "sourceFile": "armor.json" },
  { "id": "club", "name": "Club", "tags": ["weapon", "simple", "melee", "bludgeoning", "light"], "costInCopper": 10, "sourceFile": "weapons.json" },
  { "id": "dagger", "name": "Dagger", "tags": ["weapon", "simple", "melee", "piercing", "finesse", "light", "thrown"], "costInCopper": 200, "sourceFile": "weapons.json" },
  { "id": "greatclub", "name": "Greatclub", "tags": ["weapon", "simple", "melee", "bludgeoning", "two-handed"], "costInCopper": 20, "sourceFile": "weapons.json" },
  { "id": "handaxe", "name": "Handaxe", "tags": ["weapon", "simple", "melee", "slashing", "light", "thrown"], "costInCopper": 500, "sourceFile": "weapons.json" },
  { "id": "javelin", "name": "Javelin", "tags": ["weapon", "simple", "melee", "piercing", "thrown"], "costInCopper": 50, "sourceFile": "weapons.json" },
  { "id": "light-hammer", "name": "Light Hammer", "tags": ["weapon", "simple", "melee", "bludgeoning", "light", "thrown"], "costInCopper": 200, "sourceFile": "weapons.json" },
  { "id": "mace", "name": "Mace", "tags": ["weapon", "simple", "melee", "bludgeoning"], "costInCopper": 500, "sourceFile": "weapons.json" },
  { "id": "quarterstaff", "name": "Quarterstaff", "tags": ["weapon", "simple", "melee", "bludgeoning", "versatile"], "costInCopper": 20, "sourceFile": "weapons.json" },
  { "id": "sickle", "name": "Sickle", "tags": ["weapon", "simple", "melee", "slashing", "light"], "costInCopper": 100, "sourceFile": "weapons.json" },
  { "id": "spear", "name": "Spear", "tags": ["weapon", "simple", "melee", "piercing", "thrown", "versatile"], "costInCopper": 100, "sourceFile": "weapons.json" },
  { "id": "light-crossbow", "name": "Light Crossbow", "tags": ["weapon", "simple", "ranged", "piercing", "ammunition", "loading", "two-handed"], "costInCopper": 2500, "sourceFile": "weapons.json" },
  { "id": "dart", "name": "Dart", "tags": ["weapon", "simple", "ranged", "piercing", "finesse", "thrown"], "costInCopper": 5, "sourceFile": "weapons.json" },
  { "id": "shortbow", "name": "Shortbow", "tags": ["weapon", "simple", "ranged", "piercing", "ammunition", "two-handed"], "costInCopper": 2500, "sourceFile": "weapons.json" },
  { "id": "sling", "name": "Sling", "tags": ["weapon", "simple", "ranged", "bludgeoning", "ammunition"], "costInCopper": 10, "sourceFile": "weapons.json" },
  { "id": "battleaxe", "name": "Battleaxe", "tags": ["weapon", "martial", "melee", "slashing", "versatile"], "costInCopper": 1000, "sourceFile": "weapons.json" },
  { "id": "flail", "name": "Flail", "tags": ["weapon", "martial", "melee", "bludgeoning"], "costInCopper": 1000, "sourceFile": "weapons.json" },
  { "id": "glaive", "name": "Glaive", "tags": ["weapon", "martial", "melee", "slashing", "heavy", "reach", "two-handed"], "costInCopper": 2000, "sourceFile": "weapons.json" },
  { "id": "greataxe", "name": "Greataxe", "tags": ["weapon", "martial", "melee", "slashing", "heavy", "two-handed"], "costInCopper": 3000, "sourceFile": "weapons.json" },
  { "id": "greatsword", "name": "Greatsword", "tags": ["weapon", "martial", "melee", "slashing", "heavy", "two-handed"], "costInCopper": 5000, "sourceFile": "weapons.json" },
  { "id": "halberd", "name": "Halberd", "tags": ["weapon", "martial", "melee", "slashing", "heavy", "reach", "two-handed"], "costInCopper": 2000, "sourceFile": "weapons.json" },
  { "id": "lance", "name": "Lance", "tags": ["weapon", "martial", "melee", "piercing", "reach", "special"], "costInCopper": 1000, "sourceFile": "weapons.json" },
  { "id": "longsword", "name": "Longsword", "tags": ["weapon", "martial", "melee", "slashing", "versatile"], "costInCopper": 1500, "sourceFile": "weapons.json" },
  { "id": "maul", "name": "Maul", "tags": ["weapon", "martial", "melee", "bludgeoning", "heavy", "two-handed"], "costInCopper": 1000, "sourceFile": "weapons.json" },
  { "id": "morningstar", "name": "Morningstar", "tags": ["weapon", "martial", "melee", "piercing"], "costInCopper": 1500, "sourceFile": "weapons.json" },
  { "id": "pike", "name": "Pike", "tags": ["weapon", "martial", "melee", "piercing", "heavy", "reach", "two-handed"], "costInCopper": 500, "sourceFile": "weapons.json" },
  { "id": "rapier", "name": "Rapier", "tags": ["weapon", "martial", "melee", "piercing", "finesse"], "costInCopper": 2500, "sourceFile": "weapons.json" },
  { "id": "scimitar", "name": "Scimitar", "tags": ["weapon", "martial", "melee", "slashing", "finesse", "light"], "costInCopper": 2500, "sourceFile": "weapons.json" },
  { "id": "shortsword", "name": "Shortsword", "tags": ["weapon", "martial", "melee", "piercing", "finesse", "light"], "costInCopper": 1000, "sourceFile": "weapons.json" },
  { "id": "trident", "name": "Trident", "tags": ["weapon", "martial", "melee", "piercing", "thrown", "versatile"], "costInCopper": 500, "sourceFile": "weapons.json" },
  { "id": "war-pick", "name": "War Pick", "tags": ["weapon", "martial", "melee", "piercing"], "costInCopper": 500, "sourceFile": "weapons.json" },
  { "id": "warhammer", "name": "Warhammer", "tags": ["weapon", "martial", "melee", "bludgeoning", "versatile"], "costInCopper": 1500, "sourceFile": "weapons.json" },
  { "id": "whip", "name": "Whip", "tags": ["weapon", "martial", "melee", "slashing", "finesse", "reach"], "costInCopper": 200, "sourceFile": "weapons.json" },
  { "id": "blowgun", "name": "Blowgun", "tags": ["weapon", "martial", "ranged", "piercing", "ammunition", "loading"], "costInCopper": 1000, "sourceFile": "weapons.json" },
  { "id": "hand-crossbow", "name": "Hand Crossbow", "tags": ["weapon", "martial", "ranged", "piercing", "ammunition", "light", "loading"], "costInCopper": 7500, "sourceFile": "weapons.json" },
  { "id": "heavy-crossbow", "name": "Heavy Crossbow", "tags": ["weapon", "martial", "ranged", "piercing", "ammunition", "heavy", "loading", "two-handed"], "costInCopper": 5000, "sourceFile": "weapons.json" },
  { "id": "longbow", "name": "Longbow", "tags": ["weapon", "martial", "ranged", "piercing", "ammunition", "heavy", "two-handed"], "costInCopper": 5000, "sourceFile": "weapons.json" },
  { "id": "net", "name": "Net", "tags": ["weapon", "martial", "ranged", "special", "thrown"], "costInCopper": 100, "sourceFile": "weapons.json" },
  { "id": "adamantine-armor", "name": "Adamantine Armor", "tags": ["armor", "magical"], "costInCopper": 0, "sourceFile": "magic_items.json" },
  { "id": "amulet-of-health", "name": "Amulet of Health", "tags": ["wondrous", "magical"], "costInCopper": 0, "sourceFile": "magic_items.json" },
  { "id": "bag-of-holding", "name": "Bag of Holding", "tags": ["wondrous", "magical", "container"], "costInCopper": 0, "sourceFile": "magic_items.json" },
  { "id": "boots-of-elvenkind", "name": "Boots of Elvenkind", "tags": ["wondrous", "magical", "footwear"], "costInCopper": 0, "sourceFile": "magic_items.json" },
  { "id": "boots-of-speed", "name": "Boots of Speed", "tags": ["wondrous", "magical", "footwear"], "costInCopper": 0, "sourceFile": "magic_items.json" },
  { "id": "bracers-of-archery", "name": "Bracers of Archery", "tags": ["wondrous", "magical"], "costInCopper": 0, "sourceFile": "magic_items.json" },
  { "id": "brooch-of-shielding", "name": "Brooch of Shielding", "tags": ["wondrous", "magical"], "costInCopper": 0, "sourceFile": "magic_items.json" },
  { "id": "cloak-of-elvenkind", "name": "Cloak of Elvenkind", "tags": ["wondrous", "magical", "clothing"], "costInCopper": 0, "sourceFile": "magic_items.json" },
  { "id": "cloak-of-protection", "name": "Cloak of Protection", "tags": ["wondrous", "magical", "clothing"], "costInCopper": 0, "sourceFile": "magic_items.json" },
  { "id": "eyes-of-the-eagle", "name": "Eyes of the Eagle", "tags": ["wondrous", "magical"], "costInCopper": 0, "sourceFile": "magic_items.json" },
  { "id": "gauntlets-of-ogre-power", "name": "Gauntlets of Ogre Power", "tags": ["wondrous", "magical"], "costInCopper": 0, "sourceFile": "magic_items.json" },
  { "id": "gloves-of-thievery", "name": "Gloves of Thievery", "tags": ["wondrous", "magical"], "costInCopper": 0, "sourceFile": "magic_items.json" },
  { "id": "headband-of-intellect", "name": "Headband of Intellect", "tags": ["wondrous", "magical"], "costInCopper": 0, "sourceFile": "magic_items.json" },
  { "id": "helm-of-comprehending-languages", "name": "Helm of Comprehending Languages", "tags": ["wondrous", "magical"], "costInCopper": 0, "sourceFile": "magic_items.json" },
  { "id": "immovable-rod", "name": "Immovable Rod", "tags": ["wondrous", "magical", "rod"], "costInCopper": 0, "sourceFile": "magic_items.json" },
  { "id": "periapt-of-wound-closure", "name": "Periapt of Wound Closure", "tags": ["wondrous", "magical"], "costInCopper": 0, "sourceFile": "magic_items.json" },
  { "id": "ring-of-jumping", "name": "Ring of Jumping", "tags": ["wondrous", "magical", "ring"], "costInCopper": 0, "sourceFile": "magic_items.json" },
  { "id": "ring-of-mind-shielding", "name": "Ring of Mind Shielding", "tags": ["wondrous", "magical", "ring"], "costInCopper": 0, "sourceFile": "magic_items.json" },
  { "id": "ring-of-protection", "name": "Ring of Protection", "tags": ["wondrous", "magical", "ring"], "costInCopper": 0, "sourceFile": "magic_items.json" },
  { "id": "rope-of-climbing", "name": "Rope of Climbing", "tags": ["wondrous", "magical"], "costInCopper": 0, "sourceFile": "magic_items.json" },
  { "id": "sentinel-shield", "name": "Sentinel Shield", "tags": ["armor", "shield", "magical"], "costInCopper": 0, "sourceFile": "magic_items.json" },
  { "id": "wand-of-magic-detection", "name": "Wand of Magic Detection", "tags": ["wondrous", "magical", "wand"], "costInCopper": 0, "sourceFile": "magic_items.json" },
  { "id": "weapon-plus-1", "name": "Weapon +1", "tags": ["weapon", "magical"], "costInCopper": 0, "sourceFile": "magic_items.json" },
  { "id": "shield-plus-1", "name": "Shield +1", "tags": ["armor", "shield", "magical"], "costInCopper": 0, "sourceFile": "magic_items.json" },
  { "id": "armor-plus-1", "name": "Armor +1", "tags": ["armor", "magical"], "costInCopper": 0, "sourceFile": "magic_items.json" }
]
