
[
    { "id": "club", "name": "Club", "costInCopper": 10, "weight": 2, "description": "A simple melee weapon.", "tags": ["weapon", "simple", "melee", "bludgeoning", "light"], "weaponType": "simple", "damageDice": "1d4", "damageType": "bludgeoning", "properties": ["light"] },
    { "id": "dagger", "name": "Dagger", "costInCopper": 200, "weight": 1, "description": "A simple melee weapon.", "tags": ["weapon", "simple", "melee", "piercing", "finesse", "light", "thrown"], "weaponType": "simple", "damageDice": "1d4", "damageType": "piercing", "properties": ["finesse", "light", "thrown"], "range": { "normal": 20, "long": 60 } },
    { "id": "greatclub", "name": "Greatclub", "costInCopper": 20, "weight": 10, "description": "A simple melee weapon.", "tags": ["weapon", "simple", "melee", "bludgeoning", "two-handed"], "weaponType": "simple", "damageDice": "1d8", "damageType": "bludgeoning", "properties": ["two-handed"] },
    { "id": "handaxe", "name": "Handaxe", "costInCopper": 500, "weight": 2, "description": "A simple melee weapon.", "tags": ["weapon", "simple", "melee", "slashing", "light", "thrown"], "weaponType": "simple", "damageDice": "1d6", "damageType": "slashing", "properties": ["light", "thrown"], "range": { "normal": 20, "long": 60 } },
    { "id": "javelin", "name": "Javelin", "costInCopper": 50, "weight": 2, "description": "A simple melee weapon.", "tags": ["weapon", "simple", "melee", "piercing", "thrown"], "weaponType": "simple", "damageDice": "1d6", "damageType": "piercing", "properties": ["thrown"], "range": { "normal": 30, "long": 120 } },
    { "id": "light-hammer", "name": "Light Hammer", "costInCopper": 200, "weight": 2, "description": "A simple melee weapon.", "tags": ["weapon", "simple", "melee", "bludgeoning", "light", "thrown"], "weaponType": "simple", "damageDice": "1d4", "damageType": "bludgeoning", "properties": ["light", "thrown"], "range": { "normal": 20, "long": 60 } },
    { "id": "mace", "name": "Mace", "costInCopper": 500, "weight": 4, "description": "A simple melee weapon.", "tags": ["weapon", "simple", "melee", "bludgeoning"], "weaponType": "simple", "damageDice": "1d6", "damageType": "bludgeoning", "properties": [] },
    { "id": "quarterstaff", "name": "Quarterstaff", "costInCopper": 20, "weight": 4, "description": "A simple melee weapon.", "tags": ["weapon", "simple", "melee", "bludgeoning", "versatile"], "weaponType": "simple", "damageDice": "1d6", "damageType": "bludgeoning", "properties": ["versatile"], "versatileDamage": "1d8" },
    { "id": "sickle", "name": "Sickle", "costInCopper": 100, "weight": 2, "description": "A simple melee weapon.", "tags": ["weapon", "simple", "melee", "slashing", "light"], "weaponType": "simple", "damageDice": "1d4", "damageType": "slashing", "properties": ["light"] },
    { "id": "spear", "name": "Spear", "costInCopper": 100, "weight": 3, "description": "A simple melee weapon.", "tags": ["weapon", "simple", "melee", "piercing", "thrown", "versatile"], "weaponType": "simple", "damageDice": "1d6", "damageType": "piercing", "properties": ["thrown", "versatile"], "range": { "normal": 20, "long": 60 }, "versatileDamage": "1d8" },
    { "id": "light-crossbow", "name": "Light Crossbow", "costInCopper": 2500, "weight": 5, "description": "A simple ranged weapon.", "tags": ["weapon", "simple", "ranged", "piercing", "ammunition", "loading", "two-handed"], "weaponType": "simple", "damageDice": "1d8", "damageType": "piercing", "properties": ["ammunition", "loading", "two-handed"], "range": { "normal": 80, "long": 320 } },
    { "id": "dart", "name": "Dart", "costInCopper": 5, "weight": 0.25, "description": "A simple ranged weapon.", "tags": ["weapon", "simple", "ranged", "piercing", "finesse", "thrown"], "weaponType": "simple", "damageDice": "1d4", "damageType": "piercing", "properties": ["finesse", "thrown"], "range": { "normal": 20, "long": 60 } },
    { "id": "shortbow", "name": "Shortbow", "costInCopper": 2500, "weight": 2, "description": "A simple ranged weapon.", "tags": ["weapon", "simple", "ranged", "piercing", "ammunition", "two-handed"], "weaponType": "simple", "damageDice": "1d6", "damageType": "piercing", "properties": ["ammunition", "two-handed"], "range": { "normal": 80, "long": 320 } },
    { "id": "sling", "name": "Sling", "costInCopper": 10, "weight": 0, "description": "A simple ranged weapon.", "tags": ["weapon", "simple", "ranged", "bludgeoning", "ammunition"], "weaponType": "simple", "damageDice": "1d4", "damageType": "bludgeoning", "properties": ["ammunition"], "range": { "normal": 30, "long": 120 } },
    { "id": "battleaxe", "name": "Battleaxe", "costInCopper": 1000, "weight": 4, "description": "A martial melee weapon.", "tags": ["weapon", "martial", "melee", "slashing", "versatile"], "weaponType": "martial", "damageDice": "1d8", "damageType": "slashing", "properties": ["versatile"], "versatileDamage": "1d10" },
    { "id": "flail", "name": "Flail", "costInCopper": 1000, "weight": 2, "description": "A martial melee weapon.", "tags": ["weapon", "martial", "melee", "bludgeoning"], "weaponType": "martial", "damageDice": "1d8", "damageType": "bludgeoning", "properties": [] },
    { "id": "glaive", "name": "Glaive", "costInCopper": 2000, "weight": 6, "description": "A martial melee weapon.", "tags": ["weapon", "martial", "melee", "slashing", "heavy", "reach", "two-handed"], "weaponType": "martial", "damageDice": "1d10", "damageType": "slashing", "properties": ["heavy", "reach", "two-handed"] },
    { "id": "greataxe", "name": "Greataxe", "costInCopper": 3000, "weight": 7, "description": "A martial melee weapon.", "tags": ["weapon", "martial", "melee", "slashing", "heavy", "two-handed"], "weaponType": "martial", "damageDice": "1d12", "damageType": "slashing", "properties": ["heavy", "two-handed"] },
    { "id": "greatsword", "name": "Greatsword", "costInCopper": 5000, "weight": 6, "description": "A martial melee weapon.", "tags": ["weapon", "martial", "melee", "slashing", "heavy", "two-handed"], "weaponType": "martial", "damageDice": "2d6", "damageType": "slashing", "properties": ["heavy", "two-handed"] },
    { "id": "halberd", "name": "Halberd", "costInCopper": 2000, "weight": 6, "description": "A martial melee weapon.", "tags": ["weapon", "martial", "melee", "slashing", "heavy", "reach", "two-handed"], "weaponType": "martial", "damageDice": "1d10", "damageType": "slashing", "properties": ["heavy", "reach", "two-handed"] },
    { "id": "lance", "name": "Lance", "costInCopper": 1000, "weight": 6, "description": "A martial melee weapon.", "tags": ["weapon", "martial", "melee", "piercing", "reach", "special"], "weaponType": "martial", "damageDice": "1d12", "damageType": "piercing", "properties": ["reach", "special"] },
    { "id": "longsword", "name": "Longsword", "costInCopper": 1500, "weight": 3, "description": "A martial melee weapon.", "tags": ["weapon", "martial", "melee", "slashing", "versatile"], "weaponType": "martial", "damageDice": "1d8", "versatileDamage": "1d10", "damageType": "slashing", "properties": ["versatile"] },
    { "id": "maul", "name": "Maul", "costInCopper": 1000, "weight": 10, "description": "A martial melee weapon.", "tags": ["weapon", "martial", "melee", "bludgeoning", "heavy", "two-handed"], "weaponType": "martial", "damageDice": "2d6", "damageType": "bludgeoning", "properties": ["heavy", "two-handed"] },
    { "id": "morningstar", "name": "Morningstar", "costInCopper": 1500, "weight": 4, "description": "A martial melee weapon.", "tags": ["weapon", "martial", "melee", "piercing"], "weaponType": "martial", "damageDice": "1d8", "damageType": "piercing", "properties": [] },
    { "id": "pike", "name": "Pike", "costInCopper": 500, "weight": 18, "description": "A martial melee weapon.", "tags": ["weapon", "martial", "melee", "piercing", "heavy", "reach", "two-handed"], "weaponType": "martial", "damageDice": "1d10", "damageType": "piercing", "properties": ["heavy", "reach", "two-handed"] },
    { "id": "rapier", "name": "Rapier", "costInCopper": 2500, "weight": 2, "description": "A martial melee weapon.", "tags": ["weapon", "martial", "melee", "piercing", "finesse"], "weaponType": "martial", "damageDice": "1d8", "damageType": "piercing", "properties": ["finesse"] },
    { "id": "scimitar", "name": "Scimitar", "costInCopper": 2500, "weight": 3, "description": "A martial melee weapon.", "tags": ["weapon", "martial", "melee", "slashing", "finesse", "light"], "weaponType": "martial", "damageDice": "1d6", "damageType": "slashing", "properties": ["finesse", "light"] },
    { "id": "shortsword", "name": "Shortsword", "costInCopper": 1000, "weight": 2, "description": "A martial melee weapon.", "tags": ["weapon", "martial", "melee", "piercing", "finesse", "light"], "weaponType": "martial", "damageDice": "1d6", "damageType": "piercing", "properties": ["finesse", "light"] },
    { "id": "trident", "name": "Trident", "costInCopper": 500, "weight": 4, "description": "A martial melee weapon.", "tags": ["weapon", "martial", "melee", "piercing", "thrown", "versatile"], "weaponType": "martial", "damageDice": "1d6", "damageType": "piercing", "properties": ["thrown", "versatile"], "range": { "normal": 20, "long": 60 }, "versatileDamage": "1d8" },
    { "id": "war-pick", "name": "War Pick", "costInCopper": 500, "weight": 2, "description": "A martial melee weapon.", "tags": ["weapon", "martial", "melee", "piercing"], "weaponType": "martial", "damageDice": "1d8", "damageType": "piercing", "properties": [] },
    { "id": "warhammer", "name": "Warhammer", "costInCopper": 1500, "weight": 2, "description": "A martial melee weapon.", "tags": ["weapon", "martial", "melee", "bludgeoning", "versatile"], "weaponType": "martial", "damageDice": "1d8", "damageType": "bludgeoning", "properties": ["versatile"], "versatileDamage": "1d10" },
    { "id": "whip", "name": "Whip", "costInCopper": 200, "weight": 3, "description": "A martial melee weapon.", "tags": ["weapon", "martial", "melee", "slashing", "finesse", "reach"], "weaponType": "martial", "damageDice": "1d4", "damageType": "slashing", "properties": ["finesse", "reach"] },
    { "id": "blowgun", "name": "Blowgun", "costInCopper": 1000, "weight": 1, "description": "A martial ranged weapon.", "tags": ["weapon", "martial", "ranged", "piercing", "ammunition", "loading"], "weaponType": "martial", "damageDice": "1", "damageType": "piercing", "properties": ["ammunition", "loading"], "range": { "normal": 25, "long": 100 } },
    { "id": "hand-crossbow", "name": "Hand Crossbow", "costInCopper": 7500, "weight": 3, "description": "A martial ranged weapon.", "tags": ["weapon", "martial", "ranged", "piercing", "ammunition", "light", "loading"], "weaponType": "martial", "damageDice": "1d6", "damageType": "piercing", "properties": ["ammunition", "light", "loading"], "range": { "normal": 30, "long": 120 } },
    { "id": "heavy-crossbow", "name": "Heavy Crossbow", "costInCopper": 5000, "weight": 18, "description": "A martial ranged weapon.", "tags": ["weapon", "martial", "ranged", "piercing", "ammunition", "heavy", "loading", "two-handed"], "weaponType": "martial", "damageDice": "1d10", "damageType": "piercing", "properties": ["ammunition", "heavy", "loading", "two-handed"], "range": { "normal": 100, "long": 400 } },
    { "id": "longbow", "name": "Longbow", "costInCopper": 5000, "weight": 2, "description": "A martial ranged weapon.", "tags": ["weapon", "martial", "ranged", "piercing", "ammunition", "heavy", "two-handed"], "weaponType": "martial", "damageDice": "1d8", "damageType": "piercing", "properties": ["ammunition", "heavy", "two-handed"], "range": { "normal": 150, "long": 600 } },
    { "id": "net", "name": "Net", "costInCopper": 100, "weight": 3, "description": "A martial ranged weapon.", "tags": ["weapon", "martial", "ranged", "special", "thrown"], "weaponType": "martial", "damageDice": "0", "damageType": "", "properties": ["special", "thrown"], "range": { "normal": 5, "long": 15 } },
    { "id": "any-martial-weapon", "name": "Any Martial Weapon", "costInCopper": 0, "weight": 0, "description": "Choose any martial weapon.", "tags": ["weapon", "martial"], "weaponType": "martial", "damageDice": "", "damageType": "", "properties": [] },
    { "id": "any-simple-weapon", "name": "Any Simple Weapon", "costInCopper": 0, "weight": 0, "description": "Choose any simple weapon.", "tags": ["weapon", "simple"], "weaponType": "simple", "damageDice": "", "damageType": "", "properties": [] }
]
